position,player_name,rookie_class_year,adp_format,scoring_format,Rookie_ADP,Current_NFL_Team,current_age,Height,Weight
RB1,AshtonJeanty,2025,1QB,PPR,1.01,LV,22,"5'8""",211
RB2,Omarion Hampton,2025,1QB,PPR,1.02,LAC,22,"5'11""",221
WR1,Tetairoa McMillan,2025,1QB,PPR,1.03,CAR,22,"6'4""",219
WR2,Travis Hunter,2025,1QB,PPR,1.04,JAC,22,"6'0""",188
RB3,TreVeyon Henderson,2025,1QB,PPR,1.05,NE,23,"5'10""",202
RB4,RJ Harvey,2025,1QB,PPR,1.06,DEN,25,"5'8""",205
QB1,Kurtis Rourke,2025,1QB,PPR,1.07,SF,25,"6'4""",220
RB5,Kaleb Johnson,2025,1QB,PPR,1.08,PIT,22,"6'1""",224
WR3,Emeka Egbuka,2025,1QB,PPR,1.09,TB,23,"6'0""",202
RB6,Quinshon Judkins,2025,1QB,PPR,1.1,CLE,22,"5'11""",221
TE1,Tyler Warren,2025,1QB,PPR,1.11,IND,23,"6'5""",256
WR4,Mario Williams,2025,1QB,PPR,1.12,FA,23,"5'11""",178
WR5,Matthew Golden,2025,1QB,PPR,2.01,GB,22,"5'11""",191
TE2,Colston Loveland,2025,1QB,PPR,2.02,CHI,21,"6'5""",248
RB7,Cam Skattebo,2025,1QB,PPR,2.03,NYG,24,"5'9""",219
WR6,Luther Burden,2025,1QB,PPR,2.04,CHI,22,"6'0""",206
WR7,Jayden Higgins,2025,1QB,PPR,2.05,HOU,23,"6'4""",214
RB8,Marcus Yarns,2025,1QB,PPR,2.06,FA,23,"5'11""",190
WR8,Tre Harris,2025,1QB,PPR,2.07,LAC,24,"6'2""",205
QB2,Cam Ward,2025,1QB,PPR,2.08,TEN,23,"6'1""",219
RB9,Bhayshul Tuten,2025,1QB,PPR,2.09,JAC,23,"5'9""",206
WR9,Kyle Williams,2025,1QB,PPR,2.1,NE,23,"5'10""",190
WR10,Jack Bech,2025,1QB,PPR,2.11,LV,23,"6'1""",214
WR11,Antwane Wells,2025,1QB,PPR,2.12,NYG,24,"6'0""",201
RB10,Jaydon Blue,2025,1QB,PPR,3.01,DAL,22,"5'9""",196
TE3,Mason Taylor,2025,1QB,PPR,3.02,NYJ,21,"6'5""",251
RB11,Dylan Sampson,2025,1QB,PPR,3.03,CLE,21,"5'8""",200
WR12,Roc Taylor,2025,1QB,PPR,3.04,FA,22,"6'1""",213
WR13,Jaylin Noel,2025,1QB,PPR,3.05,HOU,23,"5'10""",194
TE4,Elijah Arroyo,2025,1QB,PPR,3.06,SEA,22,"6'5""",250
QB3,Jaxson Dart,2025,1QB,PPR,3.07,NYG,22,"6'2""",223
TE5,Terrance Ferguson,2025,1QB,PPR,3.08,LAR,23,"6'5""",247
WR14,Pat Bryant,2025,1QB,PPR,3.09,DEN,23,"6'2""",204
RB12,Jarquez Hunter,2025,1QB,PPR,3.1,LAR,23,"5'9""",204
WR15,Andrew Armstrong,2025,1QB,PPR,3.11,FA,25,"6'3""",202
WR16,Jalen Royals,2025,1QB,PPR,3.12,KC,23,"6'0""",205
WR17,Konata Mumpfield,2025,1QB,PPR,4.01,LAR,23,"5'11""",186
WR18,Dont'e Thornton,2025,1QB,PPR,4.02,LV,23,"6'4""",205
RB13,DJ Giddens,2025,1QB,PPR,4.03,IND,22,"6'0""",212
TE6,Harold Fannin,2025,1QB,PPR,4.04,CLE,22,"6'3""",241
RB14,Devin Neal,2025,1QB,PPR,4.05,NO,22,"5'11""",213
WR19,Isaac TeSlaa,2025,1QB,PPR,4.06,DET,24,"6'4""",214
WR20,Elic Ayomanor,2025,1QB,PPR,4.07,TEN,22,"6'1""",206
WR21,Tory Horton,2025,1QB,PPR,4.08,SEA,23,"6'2""",196
QB4,Kyle McCord,2025,1QB,PPR,4.09,PHI,23,"6'3""",218
RB15,Jordan James,2025,1QB,PPR,4.1,SF,21,"5'9""",205
RB16,Woody Marks,2025,1QB,PPR,4.11,HOU,25,"5'10""",207
QB5,Jalen Milroe,2025,1QB,PPR,4.12,SEA,23,"6'1""",217
QB6,Tyler Shough,2025,1QB,PPR,5.01,NO,26,"6'4""",219
RB17,Brashard Smith,2025,1QB,PPR,5.02,KC,22,"5'9""",194
WR22,KeAndre Lambert-Smith,2025,1QB,PPR,5.03,LAC,23,"6'0""",190
RB18,Trevor Etienne,2025,1QB,PPR,5.04,CAR,21,"5'8""",198
QB7,Shedeur Sanders,2025,1QB,PPR,5.05,CLE,24,"6'1""",212
RB19,Jacory Croskey-Merritt,2025,1QB,PPR,5.06,WAS,24,"5'10""",206
RB20,Tahj Brooks,2025,1QB,PPR,5.07,CIN,23,"5'9""",214
TE7,Luke Lachey,2025,1QB,PPR,5.08,FA,24,"6'5""",251
RB21,Kyle Monangai,2025,1QB,PPR,5.09,CHI,23,"5'8""",211
WR23,Savion Williams,2025,1QB,PPR,5.1,GB,24,"6'3""",222
RB22,Ollie Gordon,2025,1QB,PPR,5.11,MIA,22,"6'1""",226
WR24,Jaylin Lane,2025,1QB,PPR,5.12,WAS,22,"5'9""",191
RB1,AshtonJeanty,2025,1QB,0.5PPR,1.01,LV,22,"5'8""",211
RB2,Omarion Hampton,2025,1QB,0.5PPR,1.02,LAC,22,"5'11""",221
WR1,Tetairoa McMillan,2025,1QB,0.5PPR,1.03,CAR,22,"6'4""",219
RB3,TreVeyon Henderson,2025,1QB,0.5PPR,1.04,NE,23,"5'10""",202
WR2,Travis Hunter,2025,1QB,0.5PPR,1.05,JAC,22,"6'0""",188
RB4,Quinshon Judkins,2025,1QB,0.5PPR,1.06,CLE,22,"5'11""",221
RB5,RJ Harvey,2025,1QB,0.5PPR,1.07,DEN,25,"5'8""",205
RB6,Kaleb Johnson,2025,1QB,0.5PPR,1.08,PIT,22,"6'1""",224
WR3,Emeka Egbuka,2025,1QB,0.5PPR,1.09,TB,23,"6'0""",202
TE1,Tyler Warren,2025,1QB,0.5PPR,1.1,IND,23,"6'5""",256
TE2,Colston Loveland,2025,1QB,0.5PPR,1.11,CHI,21,"6'5""",248
WR4,Matthew Golden,2025,1QB,0.5PPR,1.12,GB,22,"5'11""",191
WR5,Luther Burden,2025,1QB,0.5PPR,2.01,CHI,22,"6'0""",206
RB7,Cam Skattebo,2025,1QB,0.5PPR,2.02,NYG,24,"5'9""",219
WR6,Jayden Higgins,2025,1QB,0.5PPR,2.03,HOU,23,"6'4""",214
WR7,Tre Harris,2025,1QB,0.5PPR,2.04,LAC,24,"6'2""",205
QB1,Cam Ward,2025,1QB,0.5PPR,2.05,TEN,23,"6'1""",219
RB8,Bhayshul Tuten,2025,1QB,0.5PPR,2.06,JAC,23,"5'9""",206
WR8,Jack Bech,2025,1QB,0.5PPR,2.07,LV,23,"6'1""",214
WR9,Kyle Williams,2025,1QB,0.5PPR,2.08,NE,23,"5'10""",190
RB9,Jaydon Blue,2025,1QB,0.5PPR,2.09,DAL,22,"5'9""",196
WR10,Jaylin Noel,2025,1QB,0.5PPR,2.1,HOU,23,"5'10""",194
TE3,Mason Taylor,2025,1QB,0.5PPR,2.11,NYJ,21,"6'5""",251
QB2,Jaxson Dart,2025,1QB,0.5PPR,2.12,NYG,22,"6'2""",223
RB10,Dylan Sampson,2025,1QB,0.5PPR,3.01,CLE,21,"5'8""",200
TE4,Elijah Arroyo,2025,1QB,0.5PPR,3.02,SEA,22,"6'5""",250
WR11,Pat Bryant,2025,1QB,0.5PPR,3.03,DEN,23,"6'2""",204
TE5,Terrance Ferguson,2025,1QB,0.5PPR,3.04,LAR,23,"6'5""",247
RB11,DJ Giddens,2025,1QB,0.5PPR,3.05,IND,22,"6'0""",212
WR12,Jalen Royals,2025,1QB,0.5PPR,3.06,KC,23,"6'0""",205
WR13,Elic Ayomanor,2025,1QB,0.5PPR,3.07,TEN,22,"6'1""",206
RB12,Jarquez Hunter,2025,1QB,0.5PPR,3.08,LAR,23,"5'9""",204
QB3,Tyler Shough,2025,1QB,0.5PPR,3.09,NO,26,"6'4""",219
TE6,Harold Fannin,2025,1QB,0.5PPR,3.1,CLE,22,"6'3""",241
RB13,Devin Neal,2025,1QB,0.5PPR,3.11,NO,22,"5'11""",213
QB4,Jalen Milroe,2025,1QB,0.5PPR,3.12,SEA,23,"6'1""",217
RB14,Jordan James,2025,1QB,0.5PPR,4.01,SF,21,"5'9""",205
QB5,Shedeur Sanders,2025,1QB,0.5PPR,4.02,CLE,24,"6'1""",212
RB15,Woody Marks,2025,1QB,0.5PPR,4.03,HOU,25,"5'10""",207
RB16,Brashard Smith,2025,1QB,0.5PPR,4.04,KC,22,"5'9""",194
RB17,Tahj Brooks,2025,1QB,0.5PPR,4.05,CIN,23,"5'9""",214
WR14,Savion Williams,2025,1QB,0.5PPR,4.06,GB,24,"6'3""",222
RB18,Trevor Etienne,2025,1QB,0.5PPR,4.07,CAR,21,"5'8""",198
WR15,Isaac TeSlaa,2025,1QB,0.5PPR,4.08,DET,24,"6'4""",214
WR16,Tory Horton,2025,1QB,0.5PPR,4.09,SEA,23,"6'2""",196
WR17,Jimmy Horn,2025,1QB,0.5PPR,4.1,CAR,23,"5'8""",174
WR18,Dont'e Thornton,2025,1QB,0.5PPR,4.11,LV,23,"6'4""",205
QB6,Dillon Gabriel,2025,1QB,0.5PPR,4.12,CLE,25,"5'11""",205
WR19,Tai Felton,2025,1QB,0.5PPR,5.01,MIN,22,"6'1""",183
TE7,Oronde Gadsden,2025,1QB,0.5PPR,5.02,LAC,22,"6'4""",243
WR20,Efton Chism,2025,1QB,0.5PPR,5.03,NE,-,"5'10""",198
RB19,Ollie Gordon,2025,1QB,0.5PPR,5.04,MIA,22,"6'1""",226
RB20,Jacory Croskey-Merritt,2025,1QB,0.5PPR,5.05,WAS,24,"5'10""",206
WR21,Isaiah Bond,2025,1QB,0.5PPR,5.06,CLE,21,"5'10""",180
QB7,Will Howard,2025,1QB,0.5PPR,5.07,PIT,24,"6'4""",236
WR22,Xavier Restrepo,2025,1QB,0.5PPR,5.08,FA,23,"5'9""",209
RB21,Damien Martinez,2025,1QB,0.5PPR,5.09,FA,22,"5'11""",217
RB22,Kyle Monangai,2025,1QB,0.5PPR,5.1,CHI,23,"5'8""",211
TE8,Gunnar Helm,2025,1QB,0.5PPR,5.11,TEN,23,"6'5""",241
WR23,Konata Mumpfield,2025,1QB,0.5PPR,5.12,LAR,23,"5'11""",186
RB1,AshtonJeanty,2025,SF,PPR,1.01,LV,22,"5'8""",211
RB2,Omarion Hampton,2025,SF,PPR,1.02,LAC,22,"5'11""",221
QB1,Cam Ward,2025,SF,PPR,1.03,TEN,23,"6'1""",219
WR1,Tetairoa McMillan,2025,SF,PPR,1.04,CAR,22,"6'4""",219
WR2,Travis Hunter,2025,SF,PPR,1.05,JAC,22,"6'0""",188
RB3,TreVeyon Henderson,2025,SF,PPR,1.06,NE,23,"5'10""",202
RB4,RJ Harvey,2025,SF,PPR,1.07,DEN,25,"5'8""",205
RB5,Quinshon Judkins,2025,SF,PPR,1.08,CLE,22,"5'11""",221
RB6,Kaleb Johnson,2025,SF,PPR,1.09,PIT,22,"6'1""",224
WR3,Emeka Egbuka,2025,SF,PPR,1.1,TB,23,"6'0""",202
TE1,Tyler Warren,2025,SF,PPR,1.11,IND,23,"6'5""",256
TE2,Colston Loveland,2025,SF,PPR,1.12,CHI,21,"6'5""",248
WR4,Matthew Golden,2025,SF,PPR,2.01,GB,22,"5'11""",191
QB2,Jaxson Dart,2025,SF,PPR,2.02,NYG,22,"6'2""",223
WR5,Luther Burden,2025,SF,PPR,2.03,CHI,22,"6'0""",206
WR6,Jayden Higgins,2025,SF,PPR,2.04,HOU,23,"6'4""",214
RB7,Cam Skattebo,2025,SF,PPR,2.05,NYG,24,"5'9""",219
WR7,Julian Fleming,2025,SF,PPR,2.06,FA,25,"6'2""",199
WR8,Tre Harris,2025,SF,PPR,2.07,LAC,24,"6'2""",205
QB3,Jalen Milroe,2025,SF,PPR,2.08,SEA,23,"6'1""",217
RB8,Bhayshul Tuten,2025,SF,PPR,2.09,JAC,23,"5'9""",206
QB4,Tyler Shough,2025,SF,PPR,2.1,NO,26,"6'4""",219
WR9,Kyle Williams,2025,SF,PPR,2.11,NE,23,"5'10""",190
WR10,Jack Bech,2025,SF,PPR,2.12,LV,23,"6'1""",214
TE3,Mason Taylor,2025,SF,PPR,3.01,NYJ,21,"6'5""",251
QB5,Hunter Dekkers,2025,SF,PPR,3.02,FA,-,"6'3""",235
RB9,Jaydon Blue,2025,SF,PPR,3.03,DAL,22,"5'9""",196
WR11,Jaylin Noel,2025,SF,PPR,3.04,HOU,23,"5'10""",194
QB6,Shedeur Sanders,2025,SF,PPR,3.05,CLE,24,"6'1""",212
RB10,Dylan Sampson,2025,SF,PPR,3.06,CLE,21,"5'8""",200
WR12,Mario Williams,2025,SF,PPR,3.07,FA,23,"5'11""",178
TE4,Terrance Ferguson,2025,SF,PPR,3.08,LAR,23,"6'5""",247
TE5,Elijah Arroyo,2025,SF,PPR,3.09,SEA,22,"6'5""",250
QB7,Max Brosmer,2025,SF,PPR,3.1,MIN,24,"6'1""",217
RB11,Jarquez Hunter,2025,SF,PPR,3.11,LAR,23,"5'9""",204
RB12,Devin Neal,2025,SF,PPR,3.12,NO,22,"5'11""",213
TE6,Harold Fannin,2025,SF,PPR,4.01,CLE,22,"6'3""",241
WR13,Pat Bryant,2025,SF,PPR,4.02,DEN,23,"6'2""",204
WR14,Jalen Royals,2025,SF,PPR,4.03,KC,23,"6'0""",205
RB13,DJ Giddens,2025,SF,PPR,4.04,IND,22,"6'0""",212
RB14,Woody Marks,2025,SF,PPR,4.05,HOU,25,"5'10""",207
QB8,DJ Uiagalelei,2025,SF,PPR,4.06,FA,24,"6'4""",250
RB15,Jordan James,2025,SF,PPR,4.07,SF,21,"5'9""",205
WR15,Elic Ayomanor,2025,SF,PPR,4.08,TEN,22,"6'1""",206
RB16,Trevor Etienne,2025,SF,PPR,4.09,CAR,21,"5'8""",198
WR16,Isaac TeSlaa,2025,SF,PPR,4.1,DET,24,"6'4""",214
QB9,Will Howard,2025,SF,PPR,4.11,PIT,24,"6'4""",236
RB17,Brashard Smith,2025,SF,PPR,4.12,KC,22,"5'9""",194
WR17,Tory Horton,2025,SF,PPR,5.01,SEA,23,"6'2""",196
QB10,Dillon Gabriel,2025,SF,PPR,5.02,CLE,25,"5'11""",205
RB18,Ollie Gordon,2025,SF,PPR,5.03,MIA,22,"6'1""",226
WR18,Dont'e Thornton,2025,SF,PPR,5.04,LV,23,"6'4""",205
RB19,Tahj Brooks,2025,SF,PPR,5.05,CIN,23,"5'9""",214
WR19,Savion Williams,2025,SF,PPR,5.06,GB,24,"6'3""",222
WR20,Kaden Prather,2025,SF,PPR,5.07,DAL,23,"6'3""",204
TE7,Oronde Gadsden,2025,SF,PPR,5.08,LAC,22,"6'4""",243
RB20,Kyle Monangai,2025,SF,PPR,5.09,CHI,23,"5'8""",211
TE8,Gunnar Helm,2025,SF,PPR,5.1,TEN,23,"6'5""",241
RB21,Jacory Croskey-Merritt,2025,SF,PPR,5.11,WAS,24,"5'10""",206
QB11,Quinn Ewers,2025,SF,PPR,5.12,MIA,22,"6'2""",214
RB1,AshtonJeanty,2025,SF,0.5PPR,1.01,LV,22,"5'8""",211
RB2,Omarion Hampton,2025,SF,0.5PPR,1.02,LAC,22,"5'11""",221
QB1,Cam Ward,2025,SF,0.5PPR,1.03,TEN,23,"6'1""",219
WR1,Travis Hunter,2025,SF,0.5PPR,1.04,JAC,22,"6'0""",188
WR2,Tetairoa McMillan,2025,SF,0.5PPR,1.05,CAR,22,"6'4""",219
RB3,TreVeyon Henderson,2025,SF,0.5PPR,1.06,NE,23,"5'10""",202
RB4,Quinshon Judkins,2025,SF,0.5PPR,1.07,CLE,22,"5'11""",221
RB5,RJ Harvey,2025,SF,0.5PPR,1.08,DEN,25,"5'8""",205
WR3,Emeka Egbuka,2025,SF,0.5PPR,1.09,TB,23,"6'0""",202
RB6,Kaleb Johnson,2025,SF,0.5PPR,1.1,PIT,22,"6'1""",224
TE1,Tyler Warren,2025,SF,0.5PPR,1.11,IND,23,"6'5""",256
QB2,Jaxson Dart,2025,SF,0.5PPR,1.12,NYG,22,"6'2""",223
WR4,Matthew Golden,2025,SF,0.5PPR,2.01,GB,22,"5'11""",191
TE2,Colston Loveland,2025,SF,0.5PPR,2.02,CHI,21,"6'5""",248
WR5,Luther Burden,2025,SF,0.5PPR,2.03,CHI,22,"6'0""",206
WR6,Jayden Higgins,2025,SF,0.5PPR,2.04,HOU,23,"6'4""",214
RB7,Cam Skattebo,2025,SF,0.5PPR,2.05,NYG,24,"5'9""",219
WR7,Tre Harris,2025,SF,0.5PPR,2.06,LAC,24,"6'2""",205
QB3,Tyler Shough,2025,SF,0.5PPR,2.07,NO,26,"6'4""",219
WR8,Jack Bech,2025,SF,0.5PPR,2.08,LV,23,"6'1""",214
RB8,Bhayshul Tuten,2025,SF,0.5PPR,2.09,JAC,23,"5'9""",206
WR9,Kyle Williams,2025,SF,0.5PPR,2.1,NE,23,"5'10""",190
QB4,Jalen Milroe,2025,SF,0.5PPR,2.11,SEA,23,"6'1""",217
RB9,John Emery Jr.,2025,SF,0.5PPR,2.12,,25,"5'11""",215
TE3,Mason Taylor,2025,SF,0.5PPR,3.01,NYJ,21,"6'5""",251
RB10,Jaydon Blue,2025,SF,0.5PPR,3.02,DAL,22,"5'9""",196
TE4,Terrance Ferguson,2025,SF,0.5PPR,3.03,LAR,23,"6'5""",247
QB5,Shedeur Sanders,2025,SF,0.5PPR,3.04,CLE,24,"6'1""",212
RB11,Dylan Sampson,2025,SF,0.5PPR,3.05,CLE,21,"5'8""",200
WR10,Jaylin Noel,2025,SF,0.5PPR,3.06,HOU,23,"5'10""",194
TE5,Elijah Arroyo,2025,SF,0.5PPR,3.07,SEA,22,"6'5""",250
WR11,Jalen Royals,2025,SF,0.5PPR,3.08,KC,23,"6'0""",205
RB12,Devin Neal,2025,SF,0.5PPR,3.09,NO,22,"5'11""",213
WR12,Pat Bryant,2025,SF,0.5PPR,3.1,DEN,23,"6'2""",204
TE6,Harold Fannin,2025,SF,0.5PPR,3.11,CLE,22,"6'3""",241
RB13,Jarquez Hunter,2025,SF,0.5PPR,3.12,LAR,23,"5'9""",204
RB14,Trevor Etienne,2025,SF,0.5PPR,4.01,CAR,21,"5'8""",198
RB15,DJ Giddens,2025,SF,0.5PPR,4.02,IND,22,"6'0""",212
RB16,Jordan James,2025,SF,0.5PPR,4.03,SF,21,"5'9""",205
WR13,Isaac TeSlaa,2025,SF,0.5PPR,4.04,DET,24,"6'4""",214
WR14,Elic Ayomanor,2025,SF,0.5PPR,4.05,TEN,22,"6'1""",206
RB17,Lan Larison,2025,SF,0.5PPR,4.06,NE,-,"6'0""",215
QB6,Will Howard,2025,SF,0.5PPR,4.07,PIT,24,"6'4""",236
RB18,Woody Marks,2025,SF,0.5PPR,4.08,HOU,25,"5'10""",207
RB19,Ollie Gordon,2025,SF,0.5PPR,4.09,MIA,22,"6'1""",226
RB20,Tahj Brooks,2025,SF,0.5PPR,4.1,CIN,23,"5'9""",214
WR15,Tory Horton,2025,SF,0.5PPR,4.11,SEA,23,"6'2""",196
RB21,Brashard Smith,2025,SF,0.5PPR,4.12,KC,22,"5'9""",194
WR16,Savion Williams,2025,SF,0.5PPR,5.01,GB,24,"6'3""",222
QB7,Dillon Gabriel,2025,SF,0.5PPR,5.02,CLE,25,"5'11""",205
WR17,Dont'e Thornton,2025,SF,0.5PPR,5.03,LV,23,"6'4""",205
RB22,Jacory Croskey-Merritt,2025,SF,0.5PPR,5.04,WAS,24,"5'10""",206
TE7,Oronde Gadsden,2025,SF,0.5PPR,5.05,LAC,22,"6'4""",243
WR18,Jaylin Lane,2025,SF,0.5PPR,5.06,WAS,-,"5'9""",191
RB23,Kyle Monangai,2025,SF,0.5PPR,5.07,CHI,23,"5'8""",211
RB24,Kalel Mullings,2025,SF,0.5PPR,5.08,TEN,23,"6'1""",226
WR19,Tai Felton,2025,SF,0.5PPR,5.09,MIN,22,"6'1""",183
TE8,Gunnar Helm,2025,SF,0.5PPR,5.1,TEN,23,"6'5""",241
WR20,Tez Johnson,2025,SF,0.5PPR,5.11,TB,23,"5'9""",154
RB25,Phil Mafah,2025,SF,0.5PPR,5.12,DAL,23,"6'0""",234
WR1,MarvinHarrison Jr,2024,1QB,PPR,1.01,ARI,23,"6'3""",209
WR2,Malik Nabers,2024,1QB,PPR,1.02,NYG,22,"6'1""",188
WR3,Rome Odunze,2024,1QB,PPR,1.03,CHI,23,"6'2""",212
TE1,Brock Bowers,2024,1QB,PPR,1.04,LV,23,"6'3""",243
RB1,Jonathon Brooks,2024,1QB,PPR,1.05,CAR,22,"6'0""",216
WR4,Xavier Worthy,2024,1QB,PPR,1.06,KC,22,"5'11""",165
WR5,Brian Thomas,2024,1QB,PPR,1.07,JAC,23,"6'2""",209
WR6,Keon Coleman,2024,1QB,PPR,1.08,BUF,22,"6'3""",213
QB1,Caleb Williams,2024,1QB,PPR,1.09,CHI,23,"6'1""",214
WR7,Ladd McConkey,2024,1QB,PPR,1.1,LAC,24,"5'11""",186
RB2,Trey Benson,2024,1QB,PPR,1.11,ARI,23,"6'0""",216
QB2,Jayden Daniels,2024,1QB,PPR,1.12,WAS,25,"6'3""",192
RB3,Blake Corum,2024,1QB,PPR,2.01,LAR,25,"5'7""",205
WR8,Ricky Pearsall,2024,1QB,PPR,2.02,SF,25,"6'1""",189
WR9,Xavier Legette,2024,1QB,PPR,2.03,CAR,25,"6'1""",221
RB4,MarShawn Lloyd,2024,1QB,PPR,2.04,GB,24,"5'8""",220
RB5,Jaylen Wright,2024,1QB,PPR,2.05,MIA,22,"5'10""",210
WR10,Adonai Mitchell,2024,1QB,PPR,2.06,NYJ,24,"6'2""",205
WR11,Ja'Lynn Polk,2024,1QB,PPR,2.07,NO,23,"6'1""",203
RB6,Miyan Williams,2024,1QB,PPR,2.08,,24,"5'8""",229
TE2,Ben Sinnott,2024,1QB,PPR,2.09,WAS,23,"6'3""",250
WR12,Jermaine Burton,2024,1QB,PPR,2.1,FA,24,"6'0""",195
WR13,Roman Wilson,2024,1QB,PPR,2.11,PIT,24,"5'10""",185
TE3,Jack Westover,2024,1QB,PPR,2.12,NE,26,"6'2""",243
QB3,Drake Maye,2024,1QB,PPR,3.01,NE,23,"6'4""",223
QB4,JJ McCarthy,2024,1QB,PPR,3.02,MIN,23,"6'2""",219
WR14,Troy Franklin,2024,1QB,PPR,3.03,DEN,23,"6'1""",176
RB7,Ray Davis,2024,1QB,PPR,3.04,BUF,26,"5'8""",211
RB8,Audric Estime,2024,1QB,PPR,3.05,NO,22,"5'11""",221
WR15,Malachi Corley,2024,1QB,PPR,3.06,CLE,23,"5'11""",210
RB9,Kimani Vidal,2024,1QB,PPR,3.07,LAC,24,"5'7""",213
QB5,Bo Nix,2024,1QB,PPR,3.08,DEN,26,"6'2""",214
RB10,Bucky Irving,2024,1QB,PPR,3.09,TB,23,"5'9""",192
WR16,Luke McCaffrey,2024,1QB,PPR,3.1,WAS,24,"6'1""",198
WR17,Javon Baker,2024,1QB,PPR,3.11,FA,24,"6'1""",202
WR18,Jalen McMillan,2024,1QB,PPR,3.12,TB,24,"6'1""",197
TE4,Ja'Tavion Sanders,2024,1QB,PPR,4.01,CAR,22,"6'3""",245
RB11,Tyrone Tracy Jr,2024,1QB,PPR,4.02,NYG,26,"5'11""",209
QB6,Tanner Mordecai,2024,1QB,PPR,4.03,FA,26,"6'2""",211
QB7,Joe Milton,2024,1QB,PPR,4.04,DAL,25,"6'5""",235
QB8,Michael Penix,2024,1QB,PPR,4.05,ATL,25,"6'2""",216
QB9,Kedon Slovis,2024,1QB,PPR,4.06,ARI,24,"6'2""",223
WR19,Brenden Rice,2024,1QB,PPR,4.07,FA,23,"6'2""",208
RB12,Braelon Allen,2024,1QB,PPR,4.08,NYJ,22,"6'1""",235
RB13,Will Shipley,2024,1QB,PPR,4.09,PHI,23,"5'11""",206
WR20,Devontez Walker,2024,1QB,PPR,4.1,BAL,24,"6'1""",193
RB14,Carson Steele,2024,1QB,PPR,4.11,KC,23,"6'1""",215
TE5,Theo Johnson,2024,1QB,PPR,4.12,NYG,25,"6'6""",259
RB15,Isaac Guerendo,2024,1QB,PPR,5.01,SF,25,"6'0""",221
TE6,Cade Stover,2024,1QB,PPR,5.02,HOU,25,"6'3""",247
RB16,Dylan Laube,2024,1QB,PPR,5.03,LV,26,"5'9""",206
TE7,Erick All,2024,1QB,PPR,5.04,CIN,25,"6'4""",252
TE8,Jared Wiley,2024,1QB,PPR,5.05,KC,25,"6'6""",249
RB17,Rasheen Ali,2024,1QB,PPR,5.06,BAL,25,"5'11""",206
WR21,Malik Washington,2024,1QB,PPR,5.07,MIA,25,"5'8""",191
TE9,AJ Barner,2024,1QB,PPR,5.08,SEA,23,"6'6""",251
TE10,Brevyn Spann-Ford,2024,1QB,PPR,5.09,DAL,26,"6'6""",260
RB18,Frank Gore Jr,2024,1QB,PPR,5.1,BUF,23,"5'7""",201
WR22,Marcus Rosemy-Jacksaint,2024,1QB,PPR,5.11,FA,24,"6'1""",195
TE11,Dallin Holker,2024,1QB,PPR,5.12,FA,25,"6'3""",241
WR1,MarvinHarrison Jr,2024,1QB,0.5PPR,1.01,ARI,23,"6'3""",209
WR2,Malik Nabers,2024,1QB,0.5PPR,1.02,NYG,22,"6'1""",188
WR3,Rome Odunze,2024,1QB,0.5PPR,1.03,CHI,23,"6'2""",212
TE1,Brock Bowers,2024,1QB,0.5PPR,1.04,LV,23,"6'3""",243
RB1,Jonathon Brooks,2024,1QB,0.5PPR,1.05,CAR,22,"6'0""",216
WR4,Xavier Worthy,2024,1QB,0.5PPR,1.06,KC,22,"5'11""",165
WR5,Brian Thomas,2024,1QB,0.5PPR,1.07,JAC,23,"6'2""",209
QB1,Caleb Williams,2024,1QB,0.5PPR,1.08,CHI,23,"6'1""",214
WR6,Keon Coleman,2024,1QB,0.5PPR,1.09,BUF,22,"6'3""",213
WR7,Ladd McConkey,2024,1QB,0.5PPR,1.1,LAC,24,"5'11""",186
RB2,Trey Benson,2024,1QB,0.5PPR,1.11,ARI,23,"6'0""",216
QB2,Jayden Daniels,2024,1QB,0.5PPR,1.12,WAS,25,"6'3""",192
WR8,Ricky Pearsall,2024,1QB,0.5PPR,2.01,SF,25,"6'1""",189
RB3,Blake Corum,2024,1QB,0.5PPR,2.02,LAR,25,"5'7""",205
WR9,Xavier Legette,2024,1QB,0.5PPR,2.03,CAR,25,"6'1""",221
WR10,Adonai Mitchell,2024,1QB,0.5PPR,2.04,NYJ,24,"6'2""",205
RB4,Jaylen Wright,2024,1QB,0.5PPR,2.05,MIA,22,"5'10""",210
RB5,MarShawn Lloyd,2024,1QB,0.5PPR,2.06,GB,24,"5'8""",220
WR11,Ja'Lynn Polk,2024,1QB,0.5PPR,2.07,NO,23,"6'1""",203
WR12,Jermaine Burton,2024,1QB,0.5PPR,2.08,FA,24,"6'0""",195
QB3,JJ McCarthy,2024,1QB,0.5PPR,2.09,MIN,23,"6'2""",219
WR13,Roman Wilson,2024,1QB,0.5PPR,2.1,PIT,24,"5'10""",185
TE2,Ben Sinnott,2024,1QB,0.5PPR,2.11,WAS,23,"6'3""",250
QB4,Drake Maye,2024,1QB,0.5PPR,2.12,NE,23,"6'4""",223
WR14,Troy Franklin,2024,1QB,0.5PPR,3.01,DEN,23,"6'1""",176
WR15,Malachi Corley,2024,1QB,0.5PPR,3.02,CLE,23,"5'11""",210
WR16,Luke McCaffrey,2024,1QB,0.5PPR,3.03,WAS,24,"6'1""",198
RB6,Ray Davis,2024,1QB,0.5PPR,3.04,BUF,26,"5'8""",211
RB7,Bucky Irving,2024,1QB,0.5PPR,3.05,TB,23,"5'9""",192
RB8,Kimani Vidal,2024,1QB,0.5PPR,3.06,LAC,24,"5'7""",213
QB5,Bo Nix,2024,1QB,0.5PPR,3.07,DEN,26,"6'2""",214
WR17,Jalen McMillan,2024,1QB,0.5PPR,3.08,TB,24,"6'1""",197
WR18,Javon Baker,2024,1QB,0.5PPR,3.09,FA,24,"6'1""",202
RB9,Audric Estime,2024,1QB,0.5PPR,3.1,NO,22,"5'11""",221
TE3,Ja'Tavion Sanders,2024,1QB,0.5PPR,3.11,CAR,22,"6'3""",245
QB6,Michael Penix,2024,1QB,0.5PPR,3.12,ATL,25,"6'2""",216
RB10,Tyrone Tracy Jr,2024,1QB,0.5PPR,4.01,NYG,26,"5'11""",209
RB11,Braelon Allen,2024,1QB,0.5PPR,4.02,NYJ,22,"6'1""",235
RB12,Will Shipley,2024,1QB,0.5PPR,4.03,PHI,23,"5'11""",206
RB13,Isaac Guerendo,2024,1QB,0.5PPR,4.04,SF,25,"6'0""",221
TE4,Theo Johnson,2024,1QB,0.5PPR,4.05,NYG,25,"6'6""",259
QB7,Spencer Rattler,2024,1QB,0.5PPR,4.06,NO,25,"6'0""",211
TE5,Tip Reiman,2024,1QB,0.5PPR,4.07,ARI,-,"6'5""",270
WR19,Malik Washington,2024,1QB,0.5PPR,4.08,MIA,25,"5'8""",191
WR20,Devontez Walker,2024,1QB,0.5PPR,4.09,BAL,24,"6'1""",193
TE6,Erick All,2024,1QB,0.5PPR,4.1,CIN,25,"6'4""",252
RB14,Dylan Laube,2024,1QB,0.5PPR,4.11,LV,26,"5'9""",206
WR21,Jacob Cowing,2024,1QB,0.5PPR,4.12,SF,25,"5'8""",168
TE7,Cade Stover,2024,1QB,0.5PPR,5.01,HOU,25,"6'3""",247
RB15,Rasheen Ali,2024,1QB,0.5PPR,5.02,BAL,25,"5'11""",206
WR22,Brenden Rice,2024,1QB,0.5PPR,5.03,FA,23,"6'2""",208
TE8,Jared Wiley,2024,1QB,0.5PPR,5.04,KC,25,"6'6""",249
WR23,Ryan Flournoy,2024,1QB,0.5PPR,5.05,DAL,26,"6'1""",202
WR24,Ainias Smith,2024,1QB,0.5PPR,5.06,FA,24,"5'9""",190
RB16,Frank Gore Jr,2024,1QB,0.5PPR,5.07,BUF,23,"5'7""",201
RB17,Sione Vaki,2024,1QB,0.5PPR,5.08,DET,24,"5'11""",213
WR25,Jamari Thrash,2024,1QB,0.5PPR,5.09,CLE,25,"5'11""",188
RB18,Blake Watson,2024,1QB,0.5PPR,5.1,FA,26,"5'9""",195
QB8,Joe Milton,2024,1QB,0.5PPR,5.11,DAL,25,"6'5""",235
RB19,Dillon Johnson,2024,1QB,0.5PPR,5.12,TEN,24,"5'11""",217
QB1,CalebWilliams,2024,SF,PPR,1.01,CHI,23,"6'1""",214
WR1,Marvin Harrison Jr,2024,SF,PPR,1.02,ARI,23,"6'3""",209
QB2,Jayden Daniels,2024,SF,PPR,1.03,WAS,25,"6'3""",192
WR2,Malik Nabers,2024,SF,PPR,1.04,NYG,22,"6'1""",188
WR3,Rome Odunze,2024,SF,PPR,1.05,CHI,23,"6'2""",212
QB3,Drake Maye,2024,SF,PPR,1.06,NE,23,"6'4""",223
QB4,JJ McCarthy,2024,SF,PPR,1.07,MIN,23,"6'2""",219
TE1,Brock Bowers,2024,SF,PPR,1.08,LV,23,"6'3""",243
RB1,Jonathon Brooks,2024,SF,PPR,1.09,CAR,22,"6'0""",216
WR4,Brian Thomas,2024,SF,PPR,1.1,JAC,23,"6'2""",209
WR5,Xavier Worthy,2024,SF,PPR,1.11,KC,22,"5'11""",165
QB5,Bo Nix,2024,SF,PPR,1.12,DEN,26,"6'2""",214
WR6,Ladd McConkey,2024,SF,PPR,2.01,LAC,24,"5'11""",186
WR7,Keon Coleman,2024,SF,PPR,2.02,BUF,22,"6'3""",213
RB2,Trey Benson,2024,SF,PPR,2.03,ARI,23,"6'0""",216
QB6,Michael Penix,2024,SF,PPR,2.04,ATL,25,"6'2""",216
WR8,Ricky Pearsall,2024,SF,PPR,2.05,SF,25,"6'1""",189
RB3,Blake Corum,2024,SF,PPR,2.06,LAR,25,"5'7""",205
WR9,Xavier Legette,2024,SF,PPR,2.07,CAR,25,"6'1""",221
WR10,Adonai Mitchell,2024,SF,PPR,2.08,NYJ,24,"6'2""",205
RB4,MarShawn Lloyd,2024,SF,PPR,2.09,GB,24,"5'8""",220
RB5,Jaylen Wright,2024,SF,PPR,2.1,MIA,22,"5'10""",210
WR11,Ja'Lynn Polk,2024,SF,PPR,2.11,NO,23,"6'1""",203
TE2,Ben Sinnott,2024,SF,PPR,2.12,WAS,23,"6'3""",250
WR12,Jermaine Burton,2024,SF,PPR,3.01,FA,24,"6'0""",195
WR13,Roman Wilson,2024,SF,PPR,3.02,PIT,24,"5'10""",185
WR14,Troy Franklin,2024,SF,PPR,3.03,DEN,23,"6'1""",176
RB6,Kimani Vidal,2024,SF,PPR,3.04,LAC,24,"5'7""",213
WR15,Malachi Corley,2024,SF,PPR,3.05,CLE,23,"5'11""",210
RB7,Ray Davis,2024,SF,PPR,3.06,BUF,26,"5'8""",211
WR16,Luke McCaffrey,2024,SF,PPR,3.07,WAS,24,"6'1""",198
WR17,Javon Baker,2024,SF,PPR,3.08,FA,24,"6'1""",202
RB8,Bucky Irving,2024,SF,PPR,3.09,TB,23,"5'9""",192
TE3,Ja'Tavion Sanders,2024,SF,PPR,3.1,CAR,22,"6'3""",245
QB7,Spencer Rattler,2024,SF,PPR,3.11,NO,25,"6'0""",211
RB9,Audric Estime,2024,SF,PPR,3.12,NO,22,"5'11""",221
RB10,Tyrone Tracy Jr,2024,SF,PPR,4.01,NYG,26,"5'11""",209
WR18,Jalen McMillan,2024,SF,PPR,4.02,TB,24,"6'1""",197
RB11,Braelon Allen,2024,SF,PPR,4.03,NYJ,22,"6'1""",235
RB12,George Holani,2024,SF,PPR,4.04,SEA,25,"5'10""",208
RB13,Will Shipley,2024,SF,PPR,4.05,PHI,23,"5'11""",206
TE4,Theo Johnson,2024,SF,PPR,4.06,NYG,25,"6'6""",259
WR19,Devontez Walker,2024,SF,PPR,4.07,BAL,24,"6'1""",193
RB14,Isaac Guerendo,2024,SF,PPR,4.08,SF,25,"6'0""",221
TE5,Cade Stover,2024,SF,PPR,4.09,HOU,25,"6'3""",247
WR20,Brenden Rice,2024,SF,PPR,4.1,FA,23,"6'2""",208
TE6,Erick All,2024,SF,PPR,4.11,CIN,25,"6'4""",252
RB15,Dylan Laube,2024,SF,PPR,4.12,LV,26,"5'9""",206
WR21,Malik Washington,2024,SF,PPR,5.01,MIA,25,"5'8""",191
RB16,Rasheen Ali,2024,SF,PPR,5.02,BAL,25,"5'11""",206
TE7,Jared Wiley,2024,SF,PPR,5.03,KC,25,"6'6""",249
QB8,Jordan Travis,2024,SF,PPR,5.04,FA,25,"6'1""",200
QB9,Devin Leary,2024,SF,PPR,5.05,FA,26,"6'1""",215
TE8,Tanner McLachlan,2024,SF,PPR,5.06,LAC,26,"6'5""",244
TE9,Dallin Holker,2024,SF,PPR,5.07,FA,25,"6'3""",241
WR22,Jacob Cowing,2024,SF,PPR,5.08,SF,25,"5'8""",168
RB17,Jaden Shirden,2024,SF,PPR,5.09,,-,"5'8""",187
QB10,Taulia Tagovailoa,2024,SF,PPR,5.1,,26,"5'11""",214
RB18,Frank Gore Jr,2024,SF,PPR,5.11,BUF,23,"5'7""",201
RB19,Blake Watson,2024,SF,PPR,5.12,FA,26,"5'9""",195
QB1,CalebWilliams,2024,SF,0.5PPR,1.01,CHI,23,"6'1""",214
WR1,Marvin Harrison Jr,2024,SF,0.5PPR,1.02,ARI,23,"6'3""",209
QB2,Jayden Daniels,2024,SF,0.5PPR,1.03,WAS,25,"6'3""",192
WR2,Malik Nabers,2024,SF,0.5PPR,1.04,NYG,22,"6'1""",188
QB3,Drake Maye,2024,SF,0.5PPR,1.05,NE,23,"6'4""",223
WR3,Rome Odunze,2024,SF,0.5PPR,1.06,CHI,23,"6'2""",212
QB4,JJ McCarthy,2024,SF,0.5PPR,1.07,MIN,23,"6'2""",219
TE1,Brock Bowers,2024,SF,0.5PPR,1.08,LV,23,"6'3""",243
RB1,Jonathon Brooks,2024,SF,0.5PPR,1.09,CAR,22,"6'0""",216
WR4,Brian Thomas,2024,SF,0.5PPR,1.1,JAC,23,"6'2""",209
WR5,Xavier Worthy,2024,SF,0.5PPR,1.11,KC,22,"5'11""",165
QB5,Bo Nix,2024,SF,0.5PPR,1.12,DEN,26,"6'2""",214
WR6,Ladd McConkey,2024,SF,0.5PPR,2.01,LAC,24,"5'11""",186
WR7,Keon Coleman,2024,SF,0.5PPR,2.02,BUF,22,"6'3""",213
RB2,Trey Benson,2024,SF,0.5PPR,2.03,ARI,23,"6'0""",216
QB6,Michael Penix,2024,SF,0.5PPR,2.04,ATL,25,"6'2""",216
WR8,Ricky Pearsall,2024,SF,0.5PPR,2.05,SF,25,"6'1""",189
RB3,Blake Corum,2024,SF,0.5PPR,2.06,LAR,25,"5'7""",205
WR9,Xavier Legette,2024,SF,0.5PPR,2.07,CAR,25,"6'1""",221
WR10,Adonai Mitchell,2024,SF,0.5PPR,2.08,NYJ,24,"6'2""",205
WR11,Ja'Lynn Polk,2024,SF,0.5PPR,2.09,NO,23,"6'1""",203
TE2,Ben Sinnott,2024,SF,0.5PPR,2.1,WAS,23,"6'3""",250
RB4,MarShawn Lloyd,2024,SF,0.5PPR,2.11,GB,24,"5'8""",220
RB5,Jaylen Wright,2024,SF,0.5PPR,2.12,MIA,22,"5'10""",210
WR12,Jermaine Burton,2024,SF,0.5PPR,3.01,FA,24,"6'0""",195
WR13,Roman Wilson,2024,SF,0.5PPR,3.02,PIT,24,"5'10""",185
WR14,Troy Franklin,2024,SF,0.5PPR,3.03,DEN,23,"6'1""",176
RB6,Kimani Vidal,2024,SF,0.5PPR,3.04,LAC,24,"5'7""",213
WR15,Malachi Corley,2024,SF,0.5PPR,3.05,CLE,23,"5'11""",210
WR16,Luke McCaffrey,2024,SF,0.5PPR,3.06,WAS,24,"6'1""",198
RB7,Bucky Irving,2024,SF,0.5PPR,3.07,TB,23,"5'9""",192
RB8,Ray Davis,2024,SF,0.5PPR,3.08,BUF,26,"5'8""",211
WR17,Javon Baker,2024,SF,0.5PPR,3.09,FA,24,"6'1""",202
TE3,Ja'Tavion Sanders,2024,SF,0.5PPR,3.1,CAR,22,"6'3""",245
WR18,Jalen McMillan,2024,SF,0.5PPR,3.11,TB,24,"6'1""",197
RB9,Audric Estime,2024,SF,0.5PPR,3.12,NO,22,"5'11""",221
RB10,Tyrone Tracy Jr,2024,SF,0.5PPR,4.01,NYG,26,"5'11""",209
QB7,Spencer Rattler,2024,SF,0.5PPR,4.02,NO,25,"6'0""",211
RB11,Braelon Allen,2024,SF,0.5PPR,4.03,NYJ,22,"6'1""",235
RB12,Isaac Guerendo,2024,SF,0.5PPR,4.04,SF,25,"6'0""",221
RB13,Will Shipley,2024,SF,0.5PPR,4.05,PHI,23,"5'11""",206
RB14,Sione Vaki,2024,SF,0.5PPR,4.06,DET,24,"5'11""",213
TE4,Theo Johnson,2024,SF,0.5PPR,4.07,NYG,25,"6'6""",259
RB15,Dylan Laube,2024,SF,0.5PPR,4.08,LV,26,"5'9""",206
TE5,Cade Stover,2024,SF,0.5PPR,4.09,HOU,25,"6'3""",247
WR19,Devontez Walker,2024,SF,0.5PPR,4.1,BAL,24,"6'1""",193
QB8,Jordan Travis,2024,SF,0.5PPR,4.11,FA,25,"6'1""",200
WR20,Brenden Rice,2024,SF,0.5PPR,4.12,FA,23,"6'2""",208
TE6,Erick All,2024,SF,0.5PPR,5.01,CIN,25,"6'4""",252
WR21,Malik Washington,2024,SF,0.5PPR,5.02,MIA,25,"5'8""",191
TE7,Jaheim Bell,2024,SF,0.5PPR,5.03,FA,24,"6'2""",241
RB16,Rasheen Ali,2024,SF,0.5PPR,5.04,BAL,25,"5'11""",206
TE8,Jared Wiley,2024,SF,0.5PPR,5.05,KC,25,"6'6""",249
WR22,Anthony Gould,2024,SF,0.5PPR,5.06,IND,-,"5'8""",174
WR23,Jacob Cowing,2024,SF,0.5PPR,5.07,SF,25,"5'8""",168
WR24,Ainias Smith,2024,SF,0.5PPR,5.08,FA,24,"5'9""",190
RB17,Isaiah Davis,2024,SF,0.5PPR,5.09,NYJ,24,"6'0""",218
RB18,Dillon Johnson,2024,SF,0.5PPR,5.1,TEN,24,"5'11""",217
RB19,Frank Gore Jr,2024,SF,0.5PPR,5.11,BUF,23,"5'7""",201
WR25,Johnny Wilson,2024,SF,0.5PPR,5.12,PHI,24,"6'6""",231
RB1,BijanRobinson,2023,1QB,PPR,1.01,ATL,24,"5'11""",215
RB2,Jahmyr Gibbs,2023,1QB,PPR,1.02,DET,23,"5'9""",199
WR1,Jaxon Smith-Njigba,2023,1QB,PPR,1.03,SEA,24,"6'1""",196
WR2,Jordan Addison,2023,1QB,PPR,1.04,MIN,24,"5'11""",173
WR3,Quentin Johnston,2023,1QB,PPR,1.05,LAC,24,"6'3""",208
RB3,Zach Charbonnet,2023,1QB,PPR,1.06,SEA,25,"6'0""",214
QB1,Anthony Richardson,2023,1QB,PPR,1.07,IND,23,"6'4""",244
WR4,Zay Flowers,2023,1QB,PPR,1.08,BAL,25,"5'9""",182
TE1,Dalton Kincaid,2023,1QB,PPR,1.09,BUF,26,"6'4""",246
RB4,De'Von Achane,2023,1QB,PPR,1.1,MIA,24,"5'9""",188
RB5,Hunter Leupke,2023,1QB,PPR,1.11,DAL,26,"6'1""",238
RB6,Kendre Miller,2023,1QB,PPR,1.12,NO,23,"5'11""",215
WR5,Dontay Demus,2023,1QB,PPR,2.01,BAL,26,"6'3""",212
TE2,Sam LaPorta,2023,1QB,PPR,2.02,DET,25,"6'3""",245
QB2,Bryce Young,2023,1QB,PPR,2.03,CAR,24,"5'10""",204
RB7,Roschon Johnson,2023,1QB,PPR,2.04,CHI,25,"6'0""",219
WR6,Jonathan Mingo,2023,1QB,PPR,2.05,DAL,24,"6'2""",215
RB8,Tyjae Spears,2023,1QB,PPR,2.06,TEN,24,"5'10""",201
TE3,Michael Mayer,2023,1QB,PPR,2.07,LV,24,"6'4""",249
WR7,Rashee Rice,2023,1QB,PPR,2.08,KC,25,"6'1""",204
QB3,CJ Stroud,2023,1QB,PPR,2.09,HOU,24,"6'3""",214
RB9,Tank Bigsby,2023,1QB,PPR,2.1,PHI,24,"6'0""",210
WR8,Marvin Mims,2023,1QB,PPR,2.11,DEN,23,"5'11""",184
WR9,Jayden Reed,2023,1QB,PPR,2.12,GB,25,"5'11""",187
WR10,Josh Downs,2023,1QB,PPR,3.01,IND,24,"5'9""",171
RB10,Chase Brown,2023,1QB,PPR,3.02,CIN,25,"5'10""",209
WR11,Jalin Hyatt,2023,1QB,PPR,3.03,NYG,24,"6'0""",176
TE4,Luke Musgrave,2023,1QB,PPR,3.04,GB,25,"6'6""",253
WR12,Cedric Tillman,2023,1QB,PPR,3.05,CLE,25,"6'3""",215
RB11,Israel Abanikanda,2023,1QB,PPR,3.06,FA,23,"5'10""",216
WR13,Rakim Jarrett,2023,1QB,PPR,3.07,FA,25,"6'0""",192
WR14,Tank Dell,2023,1QB,PPR,3.08,HOU,26,"5'8""",165
RB12,Zach Evans,2023,1QB,PPR,3.09,FA,24,"5'11""",202
TE5,Luke Schoonmaker,2023,1QB,PPR,3.1,DAL,27,"6'6""",250
QB4,Will Levis,2023,1QB,PPR,3.11,TEN,26,"6'4""",229
QB5,Hendon Hooker,2023,1QB,PPR,3.12,NYJ,28,"6'3""",217
RB13,DeWayne McBride,2023,1QB,PPR,4.01,FA,24,"5'10""",209
WR15,Michael Wilson,2023,1QB,PPR,4.02,ARI,26,"6'2""",213
RB14,Deuce Vaughn,2023,1QB,PPR,4.03,FA,24,"5'5""",179
QB6,Max Duggan,2023,1QB,PPR,4.04,FA,25,"6'2""",220
WR16,Kayshon Boutte,2023,1QB,PPR,4.05,NE,23,"5'11""",195
WR17,Puka Nacua,2023,1QB,PPR,4.06,LAR,24,"6'2""",201
TE6,Darnell Washington,2023,1QB,PPR,4.07,PIT,24,"6'7""",264
RB15,Deneric Prince,2023,1QB,PPR,4.08,NE,25,"6'0""",216
RB16,Sean Tucker,2023,1QB,PPR,4.09,TB,24,"5'9""",207
RB17,Eric Gray,2023,1QB,PPR,4.1,NYG,26,"5'10""",207
RB18,Evan Hull,2023,1QB,PPR,4.11,NO,25,"5'10""",209
TE7,Tucker Kraft,2023,1QB,PPR,4.12,GB,25,"6'5""",255
WR18,Tyler Scott,2023,1QB,PPR,5.01,FA,24,"5'10""",177
WR19,Charlie Jones,2023,1QB,PPR,5.02,CIN,27,"5'11""",175
WR20,Justyn Ross,2023,1QB,PPR,5.03,FA,26,"6'4""",205
RB19,Chris Rodriguez,2023,1QB,PPR,5.04,WAS,26,"6'0""",217
QB7,Malik Cunningham,2023,1QB,PPR,5.05,FA,27,"6'0""",192
WR21,AT Perry,2023,1QB,PPR,5.06,FA,26,"6'3""",198
TE8,Brenton Strange,2023,1QB,PPR,5.07,JAC,25,"6'4""",253
WR22,Trey Palmer,2023,1QB,PPR,5.08,NO,24,"6'0""",192
WR23,Xavier Hutchinson,2023,1QB,PPR,5.09,HOU,25,"6'2""",203
WR24,Derius Davis,2023,1QB,PPR,5.1,LAC,25,"5'8""",168
TE9,Josh Whyle,2023,1QB,PPR,5.11,GB,26,"6'6""",248
WR25,Ronnie Bell,2023,1QB,PPR,5.12,NO,26,"6'0""",191
RB1,BijanRobinson,2023,1QB,0.5PPR,1.01,ATL,24,"5'11""",215
RB2,Jahmyr Gibbs,2023,1QB,0.5PPR,1.02,DET,23,"5'9""",199
WR1,Jaxon Smith-Njigba,2023,1QB,0.5PPR,1.03,SEA,24,"6'1""",196
WR2,Jordan Addison,2023,1QB,0.5PPR,1.04,MIN,24,"5'11""",173
WR3,Quentin Johnston,2023,1QB,0.5PPR,1.05,LAC,24,"6'3""",208
WR4,Zay Flowers,2023,1QB,0.5PPR,1.06,BAL,25,"5'9""",182
TE1,Dalton Kincaid,2023,1QB,0.5PPR,1.07,BUF,26,"6'4""",246
RB3,Zach Charbonnet,2023,1QB,0.5PPR,1.08,SEA,25,"6'0""",214
QB1,Anthony Richardson,2023,1QB,0.5PPR,1.09,IND,23,"6'4""",244
RB4,De'Von Achane,2023,1QB,0.5PPR,1.1,MIA,24,"5'9""",188
RB5,Kendre Miller,2023,1QB,0.5PPR,1.11,NO,23,"5'11""",215
TE2,Michael Mayer,2023,1QB,0.5PPR,1.12,LV,24,"6'4""",249
QB2,Bryce Young,2023,1QB,0.5PPR,2.01,CAR,24,"5'10""",204
WR5,Jonathan Mingo,2023,1QB,0.5PPR,2.02,DAL,24,"6'2""",215
TE3,Sam LaPorta,2023,1QB,0.5PPR,2.03,DET,25,"6'3""",245
RB6,Roschon Johnson,2023,1QB,0.5PPR,2.04,CHI,25,"6'0""",219
WR6,Marvin Mims,2023,1QB,0.5PPR,2.05,DEN,23,"5'11""",184
RB7,Tyjae Spears,2023,1QB,0.5PPR,2.06,TEN,24,"5'10""",201
QB3,CJ Stroud,2023,1QB,0.5PPR,2.07,HOU,24,"6'3""",214
RB8,Tank Bigsby,2023,1QB,0.5PPR,2.08,PHI,24,"6'0""",210
WR7,Rashee Rice,2023,1QB,0.5PPR,2.09,KC,25,"6'1""",204
WR8,Josh Downs,2023,1QB,0.5PPR,2.1,IND,24,"5'9""",171
WR9,Jayden Reed,2023,1QB,0.5PPR,2.11,GB,25,"5'11""",187
RB9,Chase Brown,2023,1QB,0.5PPR,2.12,CIN,25,"5'10""",209
WR10,Jalin Hyatt,2023,1QB,0.5PPR,3.01,NYG,24,"6'0""",176
WR11,Cedric Tillman,2023,1QB,0.5PPR,3.02,CLE,25,"6'3""",215
TE4,Luke Musgrave,2023,1QB,0.5PPR,3.03,GB,25,"6'6""",253
QB4,Will Levis,2023,1QB,0.5PPR,3.04,TEN,26,"6'4""",229
RB10,Zach Evans,2023,1QB,0.5PPR,3.05,FA,24,"5'11""",202
TE5,Luke Schoonmaker,2023,1QB,0.5PPR,3.06,DAL,27,"6'6""",250
WR12,Tank Dell,2023,1QB,0.5PPR,3.07,HOU,26,"5'8""",165
RB11,Israel Abanikanda,2023,1QB,0.5PPR,3.08,FA,23,"5'10""",216
WR13,Michael Wilson,2023,1QB,0.5PPR,3.09,ARI,26,"6'2""",213
RB12,DeWayne McBride,2023,1QB,0.5PPR,3.1,FA,24,"5'10""",209
RB13,Deuce Vaughn,2023,1QB,0.5PPR,3.11,FA,24,"5'5""",179
WR14,Kayshon Boutte,2023,1QB,0.5PPR,3.12,NE,23,"5'11""",195
RB14,Evan Hull,2023,1QB,0.5PPR,4.01,NO,25,"5'10""",209
WR15,Charlie Jones,2023,1QB,0.5PPR,4.02,CIN,27,"5'11""",175
RB15,Sean Tucker,2023,1QB,0.5PPR,4.03,TB,24,"5'9""",207
TE6,Darnell Washington,2023,1QB,0.5PPR,4.04,PIT,24,"6'7""",264
TE7,Justin Shorter,2023,1QB,0.5PPR,4.05,FA,25,"6'4""",229
RB16,Chris Rodriguez,2023,1QB,0.5PPR,4.06,WAS,26,"6'0""",217
WR16,Puka Nacua,2023,1QB,0.5PPR,4.07,LAR,24,"6'2""",201
TE8,Tucker Kraft,2023,1QB,0.5PPR,4.08,GB,25,"6'5""",255
RB17,Eric Gray,2023,1QB,0.5PPR,4.09,NYG,26,"5'10""",207
QB5,Hendon Hooker,2023,1QB,0.5PPR,4.1,NYJ,28,"6'3""",217
WR17,Trey Palmer,2023,1QB,0.5PPR,4.11,NO,24,"6'0""",192
WR18,AT Perry,2023,1QB,0.5PPR,4.12,FA,26,"6'3""",198
RB18,Deneric Prince,2023,1QB,0.5PPR,5.01,NE,25,"6'0""",216
RB19,Kenny McIntosh,2023,1QB,0.5PPR,5.02,SEA,26,"6'0""",204
WR19,Xavier Hutchinson,2023,1QB,0.5PPR,5.03,HOU,25,"6'2""",203
WR20,Tre Tucker,2023,1QB,0.5PPR,5.04,LV,24,"5'9""",182
WR21,Tyler Scott,2023,1QB,0.5PPR,5.05,FA,24,"5'10""",177
QB6,Stetson Bennett,2023,1QB,0.5PPR,5.06,LAR,28,"5'11""",192
QB7,Clayton Tune,2023,1QB,0.5PPR,5.07,FA,26,"6'3""",220
WR22,Dontayvion Wicks,2023,1QB,0.5PPR,5.08,GB,24,"6'1""",206
RB20,Tiyon Evans,2023,1QB,0.5PPR,5.09,LAR,-,"5'10""",225
RB21,Jaleel McLaughlin,2023,1QB,0.5PPR,5.1,DEN,25,"5'9""",195
WR23,Parker Washington,2023,1QB,0.5PPR,5.11,JAC,23,"5'10""",204
RB22,Keaton Mitchell,2023,1QB,0.5PPR,5.12,BAL,24,"5'8""",179
RB1,BijanRobinson,2023,SF,PPR,1.01,ATL,24,"5'11""",215
QB1,Anthony Richardson,2023,SF,PPR,1.02,IND,23,"6'4""",244
QB2,Bryce Young,2023,SF,PPR,1.03,CAR,24,"5'10""",204
RB2,Jahmyr Gibbs,2023,SF,PPR,1.04,DET,23,"5'9""",199
QB3,CJ Stroud,2023,SF,PPR,1.05,HOU,24,"6'3""",214
WR1,Jaxon Smith-Njigba,2023,SF,PPR,1.06,SEA,24,"6'1""",196
WR2,Jordan Addison,2023,SF,PPR,1.07,MIN,24,"5'11""",173
WR3,Quentin Johnston,2023,SF,PPR,1.08,LAC,24,"6'3""",208
TE1,Dalton Kincaid,2023,SF,PPR,1.09,BUF,26,"6'4""",246
WR4,Zay Flowers,2023,SF,PPR,1.1,BAL,25,"5'9""",182
RB3,Zach Charbonnet,2023,SF,PPR,1.11,SEA,25,"6'0""",214
QB4,Will Levis,2023,SF,PPR,1.12,TEN,26,"6'4""",229
RB4,De'Von Achane,2023,SF,PPR,2.01,MIA,24,"5'9""",188
RB5,Kendre Miller,2023,SF,PPR,2.02,NO,23,"5'11""",215
TE2,Michael Mayer,2023,SF,PPR,2.03,LV,24,"6'4""",249
TE3,Sam LaPorta,2023,SF,PPR,2.04,DET,25,"6'3""",245
WR5,Jonathan Mingo,2023,SF,PPR,2.05,DAL,24,"6'2""",215
RB6,Roschon Johnson,2023,SF,PPR,2.06,CHI,25,"6'0""",219
WR6,Marvin Mims,2023,SF,PPR,2.07,DEN,23,"5'11""",184
WR7,Rashee Rice,2023,SF,PPR,2.08,KC,25,"6'1""",204
RB7,Tyjae Spears,2023,SF,PPR,2.09,TEN,24,"5'10""",201
RB8,Tank Bigsby,2023,SF,PPR,2.1,PHI,24,"6'0""",210
WR8,Josh Downs,2023,SF,PPR,2.11,IND,24,"5'9""",171
WR9,Jayden Reed,2023,SF,PPR,2.12,GB,25,"5'11""",187
QB5,Hendon Hooker,2023,SF,PPR,3.01,NYJ,28,"6'3""",217
RB9,Chase Brown,2023,SF,PPR,3.02,CIN,25,"5'10""",209
WR10,Jalin Hyatt,2023,SF,PPR,3.03,NYG,24,"6'0""",176
TE4,Luke Musgrave,2023,SF,PPR,3.04,GB,25,"6'6""",253
WR11,Cedric Tillman,2023,SF,PPR,3.05,CLE,25,"6'3""",215
TE5,Luke Schoonmaker,2023,SF,PPR,3.06,DAL,27,"6'6""",250
RB10,Zach Evans,2023,SF,PPR,3.07,FA,24,"5'11""",202
RB11,Israel Abanikanda,2023,SF,PPR,3.08,FA,23,"5'10""",216
WR12,Tank Dell,2023,SF,PPR,3.09,HOU,26,"5'8""",165
WR13,Michael Wilson,2023,SF,PPR,3.1,ARI,26,"6'2""",213
WR14,Kayshon Boutte,2023,SF,PPR,3.11,NE,23,"5'11""",195
QB6,Stetson Bennett,2023,SF,PPR,3.12,LAR,28,"5'11""",192
RB12,DeWayne McBride,2023,SF,PPR,4.01,FA,24,"5'10""",209
RB13,Eric Gray,2023,SF,PPR,4.02,NYG,26,"5'10""",207
TE6,Darnell Washington,2023,SF,PPR,4.03,PIT,24,"6'7""",264
TE7,Tucker Kraft,2023,SF,PPR,4.04,GB,25,"6'5""",255
RB14,Deuce Vaughn,2023,SF,PPR,4.05,FA,24,"5'5""",179
RB15,Sean Tucker,2023,SF,PPR,4.06,TB,24,"5'9""",207
RB16,Evan Hull,2023,SF,PPR,4.07,NO,25,"5'10""",209
WR15,Puka Nacua,2023,SF,PPR,4.08,LAR,24,"6'2""",201
TE8,Brenton Strange,2023,SF,PPR,4.09,JAC,25,"6'4""",253
WR16,Demario Douglas,2023,SF,PPR,4.1,NE,25,"5'8""",170
WR17,Tyler Scott,2023,SF,PPR,4.11,FA,24,"5'10""",177
RB17,Chris Rodriguez,2023,SF,PPR,4.12,WAS,26,"6'0""",217
WR18,Xavier Hutchinson,2023,SF,PPR,5.01,HOU,25,"6'2""",203
WR19,AT Perry,2023,SF,PPR,5.02,FA,26,"6'3""",198
QB7,Jake Haener,2023,SF,PPR,5.03,FA,26,"6'0""",207
RB18,Deneric Prince,2023,SF,PPR,5.04,NE,25,"6'0""",216
WR20,Charlie Jones,2023,SF,PPR,5.05,CIN,27,"5'11""",175
QB8,Aidan O'Connell,2023,SF,PPR,5.06,LV,27,"6'3""",213
WR21,Andrei Iosivas,2023,SF,PPR,5.07,CIN,26,"6'3""",205
RB19,Chris Brooks,2023,SF,PPR,5.08,GB,26,"6'1""",220
QB9,Clayton Tune,2023,SF,PPR,5.09,FA,26,"6'3""",220
TE9,Justin Shorter,2023,SF,PPR,5.1,FA,25,"6'4""",229
TE10,Elijah Higgins,2023,SF,PPR,5.11,ARI,-,"6'3""",235
TE11,Zack Kuntz,2023,SF,PPR,5.12,FA,26,"6'7""",255
RB1,BijanRobinson,2023,SF,0.5PPR,1.01,ATL,24,"5'11""",215
QB1,Anthony Richardson,2023,SF,0.5PPR,1.02,IND,23,"6'4""",244
QB2,Bryce Young,2023,SF,0.5PPR,1.03,CAR,24,"5'10""",204
RB2,Jahmyr Gibbs,2023,SF,0.5PPR,1.04,DET,23,"5'9""",199
QB3,CJ Stroud,2023,SF,0.5PPR,1.05,HOU,24,"6'3""",214
WR1,Jaxon Smith-Njigba,2023,SF,0.5PPR,1.06,SEA,24,"6'1""",196
WR2,Jordan Addison,2023,SF,0.5PPR,1.07,MIN,24,"5'11""",173
WR3,Quentin Johnston,2023,SF,0.5PPR,1.08,LAC,24,"6'3""",208
TE1,Dalton Kincaid,2023,SF,0.5PPR,1.09,BUF,26,"6'4""",246
RB3,Zach Charbonnet,2023,SF,0.5PPR,1.1,SEA,25,"6'0""",214
WR4,Zay Flowers,2023,SF,0.5PPR,1.11,BAL,25,"5'9""",182
RB4,De'Von Achane,2023,SF,0.5PPR,1.12,MIA,24,"5'9""",188
RB5,Kendre Miller,2023,SF,0.5PPR,2.01,NO,23,"5'11""",215
QB4,Will Levis,2023,SF,0.5PPR,2.02,TEN,26,"6'4""",229
TE2,Michael Mayer,2023,SF,0.5PPR,2.03,LV,24,"6'4""",249
WR5,Jonathan Mingo,2023,SF,0.5PPR,2.04,DAL,24,"6'2""",215
TE3,Sam LaPorta,2023,SF,0.5PPR,2.05,DET,25,"6'3""",245
QB5,Sean Clifford,2023,SF,0.5PPR,2.06,FA,27,"6'2""",212
RB6,Roschon Johnson,2023,SF,0.5PPR,2.07,CHI,25,"6'0""",219
WR6,Marvin Mims,2023,SF,0.5PPR,2.08,DEN,23,"5'11""",184
WR7,Rashee Rice,2023,SF,0.5PPR,2.09,KC,25,"6'1""",204
RB7,Tank Bigsby,2023,SF,0.5PPR,2.1,PHI,24,"6'0""",210
RB8,Tyjae Spears,2023,SF,0.5PPR,2.11,TEN,24,"5'10""",201
WR8,Jayden Reed,2023,SF,0.5PPR,2.12,GB,25,"5'11""",187
QB6,Hendon Hooker,2023,SF,0.5PPR,3.01,NYJ,28,"6'3""",217
WR9,Josh Downs,2023,SF,0.5PPR,3.02,IND,24,"5'9""",171
RB9,Chase Brown,2023,SF,0.5PPR,3.03,CIN,25,"5'10""",209
WR10,Jalin Hyatt,2023,SF,0.5PPR,3.04,NYG,24,"6'0""",176
TE4,Luke Musgrave,2023,SF,0.5PPR,3.05,GB,25,"6'6""",253
WR11,Cedric Tillman,2023,SF,0.5PPR,3.06,CLE,25,"6'3""",215
RB10,Israel Abanikanda,2023,SF,0.5PPR,3.07,FA,23,"5'10""",216
RB11,Zach Evans,2023,SF,0.5PPR,3.08,FA,24,"5'11""",202
TE5,Luke Schoonmaker,2023,SF,0.5PPR,3.09,DAL,27,"6'6""",250
WR12,Tank Dell,2023,SF,0.5PPR,3.1,HOU,26,"5'8""",165
WR13,Michael Wilson,2023,SF,0.5PPR,3.11,ARI,26,"6'2""",213
WR14,Kayshon Boutte,2023,SF,0.5PPR,3.12,NE,23,"5'11""",195
RB12,DeWayne McBride,2023,SF,0.5PPR,4.01,FA,24,"5'10""",209
RB13,Eric Gray,2023,SF,0.5PPR,4.02,NYG,26,"5'10""",207
QB7,Stetson Bennett,2023,SF,0.5PPR,4.03,LAR,28,"5'11""",192
RB14,Deuce Vaughn,2023,SF,0.5PPR,4.04,FA,24,"5'5""",179
RB15,Evan Hull,2023,SF,0.5PPR,4.05,NO,25,"5'10""",209
RB16,Sean Tucker,2023,SF,0.5PPR,4.06,TB,24,"5'9""",207
QB8,Aidan O'Connell,2023,SF,0.5PPR,4.07,LV,27,"6'3""",213
TE6,Tucker Kraft,2023,SF,0.5PPR,4.08,GB,25,"6'5""",255
QB9,Jake Haener,2023,SF,0.5PPR,4.09,FA,26,"6'0""",207
TE7,Darnell Washington,2023,SF,0.5PPR,4.1,PIT,24,"6'7""",264
RB17,Mohamed Ibrahim,2023,SF,0.5PPR,4.11,FA,27,"5'8""",203
RB18,Chris Rodriguez,2023,SF,0.5PPR,4.12,WAS,26,"6'0""",217
WR15,Puka Nacua,2023,SF,0.5PPR,5.01,LAR,24,"6'2""",201
RB19,Keaton Mitchell,2023,SF,0.5PPR,5.02,BAL,24,"5'8""",179
QB10,Clayton Tune,2023,SF,0.5PPR,5.03,FA,26,"6'3""",220
WR16,Charlie Jones,2023,SF,0.5PPR,5.04,CIN,27,"5'11""",175
WR17,AT Perry,2023,SF,0.5PPR,5.05,FA,26,"6'3""",198
TE8,Brenton Strange,2023,SF,0.5PPR,5.06,JAC,25,"6'4""",253
WR18,Tyler Scott,2023,SF,0.5PPR,5.07,FA,24,"5'10""",177
RB20,Deneric Prince,2023,SF,0.5PPR,5.08,NE,25,"6'0""",216
TE9,Justin Shorter,2023,SF,0.5PPR,5.09,FA,25,"6'4""",229
WR19,Xavier Hutchinson,2023,SF,0.5PPR,5.1,HOU,25,"6'2""",203
RB21,Kenny McIntosh,2023,SF,0.5PPR,5.11,SEA,26,"6'0""",204
TE10,Elijah Higgins,2023,SF,0.5PPR,5.12,ARI,-,"6'3""",235
RB1,BreeceHall,2022,1QB,PPR,1.01,NYJ,24,"5'11""",217
WR1,Drake London,2022,1QB,PPR,1.02,ATL,24,"6'4""",219
RB2,Kenneth Walker,2022,1QB,PPR,1.03,FA,25,"5'9""",211
WR2,Treylon Burks,2022,1QB,PPR,1.04,WAS,25,"6'2""",225
WR3,Garrett Wilson,2022,1QB,PPR,1.05,NYJ,25,"5'11""",183
WR4,Chris Olave,2022,1QB,PPR,1.06,NO,25,"6'0""",187
WR5,Jameson Williams,2022,1QB,PPR,1.07,DET,24,"6'1""",179
RB3,James Cook,2022,1QB,PPR,1.08,BUF,26,"5'11""",199
WR6,Skyy Moore,2022,1QB,PPR,1.09,SF,25,"5'9""",195
WR7,Christian Watson,2022,1QB,PPR,1.1,GB,26,"6'4""",208
WR8,Jahan Dotson,2022,1QB,PPR,1.11,PHI,25,"5'11""",178
WR9,George Pickens,2022,1QB,PPR,1.12,DAL,24,"6'3""",195
RB4,Rachaad White,2022,1QB,PPR,2.01,TB,27,"6'0""",214
RB5,Dameon Pierce,2022,1QB,PPR,2.02,KC,26,"5'10""",218
RB6,Isaiah Spiller,2022,1QB,PPR,2.03,FA,24,"6'0""",217
RB7,Tyler Allgeier,2022,1QB,PPR,2.04,ATL,25,"5'11""",224
WR10,Alec Pierce,2022,1QB,PPR,2.05,FA,25,"6'3""",211
RB8,Brian Robinson,2022,1QB,PPR,2.06,SF,26,"6'2""",225
WR11,David Bell,2022,1QB,PPR,2.07,FA,25,"6'1""",212
WR12,Jalen Tolbert,2022,1QB,PPR,2.08,DAL,27,"6'1""",194
WR13,John Metchie,2022,1QB,PPR,2.09,NYJ,25,"5'11""",187
RB9,Zamir White,2022,1QB,PPR,2.1,LV,26,"6'0""",214
TE1,Trey McBride,2022,1QB,PPR,2.11,ARI,26,"6'4""",246
WR14,Wan'Dale Robinson,2022,1QB,PPR,2.12,NYG,25,"5'8""",178
RB10,Ty Davis-Price,2022,1QB,PPR,3.01,FA,25,"6'1""",226
QB1,Kenny Pickett,2022,1QB,PPR,3.02,LV,27,"6'3""",217
RB11,Hassan Haskins,2022,1QB,PPR,3.03,FA,26,"6'1""",220
TE2,Jelani Woods,2022,1QB,PPR,3.04,NYJ,27,"6'7""",253
WR15,Khalil Shakir,2022,1QB,PPR,3.05,BUF,26,"6'0""",196
RB12,Keaontay Ingram,2022,1QB,PPR,3.06,FA,26,"6'0""",221
QB2,Malik Willis,2022,1QB,PPR,3.07,FA,26,"6'0""",219
WR16,Romeo Doubs,2022,1QB,PPR,3.08,GB,25,"6'1""",201
WR17,Tyquan Thornton,2022,1QB,PPR,3.09,KC,25,"6'2""",181
RB13,Pierre Strong,2022,1QB,PPR,3.1,FA,27,"5'11""",207
TE3,Greg Dulcich,2022,1QB,PPR,3.11,MIA,25,"6'4""",243
QB3,Desmond Ridder,2022,1QB,PPR,3.12,GB,26,"6'3""",211
WR18,Velus Jones,2022,1QB,PPR,4.01,FA,28,"6'0""",204
RB14,Kyren Williams,2022,1QB,PPR,4.02,LAR,25,"5'9""",194
WR19,Calvin Austin,2022,1QB,PPR,4.03,PIT,26,"5'8""",170
WR20,Charleston Rambo,2022,1QB,PPR,4.04,CAR,26,"6'0""",177
RB15,Isiah Pacheco,2022,1QB,PPR,4.05,KC,27,"5'10""",213
QB4,Matt Corral,2022,1QB,PPR,4.06,FA,27,"6'2""",212
RB16,Jerome Ford,2022,1QB,PPR,4.07,CLE,26,"5'10""",210
WR21,Danny Gray,2022,1QB,PPR,4.08,PHI,26,"5'11""",186
RB17,Tyler Badie,2022,1QB,PPR,4.09,DEN,26,"5'8""",197
TE4,Jalen Wydermyer,2022,1QB,PPR,4.1,FA,25,"6'4""",255
RB18,Kevin Harris,2022,1QB,PPR,4.11,FA,25,"5'10""",221
TE5,Daniel Bellinger,2022,1QB,PPR,4.12,NYG,25,"6'4""",253
RB19,Snoop Conner,2022,1QB,PPR,5.01,JAC,25,"5'9""",215
TE6,Chig Okonkwo,2022,1QB,PPR,5.02,TEN,26,"6'2""",238
TE7,Jeremy Ruckert,2022,1QB,PPR,5.03,NYJ,25,"6'5""",252
TE8,Cade Otton,2022,1QB,PPR,5.04,TB,26,"6'5""",247
WR22,Kyle Philips,2022,1QB,PPR,5.05,FA,26,"5'11""",191
RB20,Mataeo Durant,2022,1QB,PPR,5.06,FA,26,"6'1""",195
TE9,Jake Ferguson,2022,1QB,PPR,5.07,DAL,27,"6'4""",250
RB21,Ty Chandler,2022,1QB,PPR,5.08,MIN,27,"5'11""",204
TE10,Isaiah Likely,2022,1QB,PPR,5.09,FA,25,"6'4""",245
WR23,Jalen Nailor,2022,1QB,PPR,5.1,MIN,27,"5'11""",186
RB22,Sincere McCormick,2022,1QB,PPR,5.11,FA,25,"5'8""",205
QB5,Sam Howell,2022,1QB,PPR,5.12,PHI,25,"6'1""",218
RB1,BreeceHall,2022,1QB,0.5PPR,1.01,NYJ,24,"5'11""",217
WR1,Drake London,2022,1QB,0.5PPR,1.02,ATL,24,"6'4""",219
RB2,Kenneth Walker,2022,1QB,0.5PPR,1.03,FA,25,"5'9""",211
WR2,Treylon Burks,2022,1QB,0.5PPR,1.04,WAS,25,"6'2""",225
WR3,Garrett Wilson,2022,1QB,0.5PPR,1.05,NYJ,25,"5'11""",183
WR4,Chris Olave,2022,1QB,0.5PPR,1.06,NO,25,"6'0""",187
WR5,Jameson Williams,2022,1QB,0.5PPR,1.07,DET,24,"6'1""",179
WR6,Christian Watson,2022,1QB,0.5PPR,1.08,GB,26,"6'4""",208
WR7,Skyy Moore,2022,1QB,0.5PPR,1.09,SF,25,"5'9""",195
RB3,James Cook,2022,1QB,0.5PPR,1.1,BUF,26,"5'11""",199
WR8,George Pickens,2022,1QB,0.5PPR,1.11,DAL,24,"6'3""",195
WR9,Jahan Dotson,2022,1QB,0.5PPR,1.12,PHI,25,"5'11""",178
RB4,Rachaad White,2022,1QB,0.5PPR,2.01,TB,27,"6'0""",214
RB5,Dameon Pierce,2022,1QB,0.5PPR,2.02,KC,26,"5'10""",218
RB6,Isaiah Spiller,2022,1QB,0.5PPR,2.03,FA,24,"6'0""",217
WR10,David Bell,2022,1QB,0.5PPR,2.04,FA,25,"6'1""",212
WR11,John Metchie,2022,1QB,0.5PPR,2.05,NYJ,25,"5'11""",187
RB7,Zamir White,2022,1QB,0.5PPR,2.06,LV,26,"6'0""",214
WR12,Alec Pierce,2022,1QB,0.5PPR,2.07,FA,25,"6'3""",211
TE1,Trey McBride,2022,1QB,0.5PPR,2.08,ARI,26,"6'4""",246
RB8,Brian Robinson,2022,1QB,0.5PPR,2.09,SF,26,"6'2""",225
RB9,Tyler Allgeier,2022,1QB,0.5PPR,2.1,ATL,25,"5'11""",224
QB1,Kenny Pickett,2022,1QB,0.5PPR,2.11,LV,27,"6'3""",217
WR13,Jalen Tolbert,2022,1QB,0.5PPR,2.12,DAL,27,"6'1""",194
RB10,Ty Davis-Price,2022,1QB,0.5PPR,3.01,FA,25,"6'1""",226
WR14,Wan'Dale Robinson,2022,1QB,0.5PPR,3.02,NYG,25,"5'8""",178
RB11,Hassan Haskins,2022,1QB,0.5PPR,3.03,FA,26,"6'1""",220
QB2,Malik Willis,2022,1QB,0.5PPR,3.04,FA,26,"6'0""",219
TE2,Jelani Woods,2022,1QB,0.5PPR,3.05,NYJ,27,"6'7""",253
WR15,Khalil Shakir,2022,1QB,0.5PPR,3.06,BUF,26,"6'0""",196
WR16,Tyquan Thornton,2022,1QB,0.5PPR,3.07,KC,25,"6'2""",181
QB3,Desmond Ridder,2022,1QB,0.5PPR,3.08,GB,26,"6'3""",211
TE3,Greg Dulcich,2022,1QB,0.5PPR,3.09,MIA,25,"6'4""",243
WR17,Romeo Doubs,2022,1QB,0.5PPR,3.1,GB,25,"6'1""",201
RB12,Pierre Strong,2022,1QB,0.5PPR,3.11,FA,27,"5'11""",207
RB13,Keaontay Ingram,2022,1QB,0.5PPR,3.12,FA,26,"6'0""",221
WR18,Velus Jones,2022,1QB,0.5PPR,4.01,FA,28,"6'0""",204
WR19,Calvin Austin,2022,1QB,0.5PPR,4.02,PIT,26,"5'8""",170
RB14,Isiah Pacheco,2022,1QB,0.5PPR,4.03,KC,27,"5'10""",213
RB15,Tyler Badie,2022,1QB,0.5PPR,4.04,DEN,26,"5'8""",197
QB4,Matt Corral,2022,1QB,0.5PPR,4.05,FA,27,"6'2""",212
WR20,Danny Gray,2022,1QB,0.5PPR,4.06,PHI,26,"5'11""",186
RB16,Jerome Ford,2022,1QB,0.5PPR,4.07,CLE,26,"5'10""",210
RB17,Snoop Conner,2022,1QB,0.5PPR,4.08,JAC,25,"5'9""",215
WR21,Bo Melton,2022,1QB,0.5PPR,4.09,GB,26,"5'10""",189
RB18,Kevin Harris,2022,1QB,0.5PPR,4.1,FA,25,"5'10""",221
RB19,Ty Chandler,2022,1QB,0.5PPR,4.11,MIN,27,"5'11""",204
RB20,Jerrion Ealy,2022,1QB,0.5PPR,4.12,KC,25,"5'8""",189
RB21,Kennedy Brooks,2022,1QB,0.5PPR,5.01,FA,27,"5'11""",205
RB22,Kyren Williams,2022,1QB,0.5PPR,5.02,LAR,25,"5'9""",194
WR22,Kyle Philips,2022,1QB,0.5PPR,5.03,FA,26,"5'11""",191
RB23,Abram Smith,2022,1QB,0.5PPR,5.04,FA,27,"5'11""",221
QB5,Sam Howell,2022,1QB,0.5PPR,5.05,PHI,25,"6'1""",218
RB24,D'Vonte Price,2022,1QB,0.5PPR,5.06,FA,26,"6'2""",215
TE4,Cade Otton,2022,1QB,0.5PPR,5.07,TB,26,"6'5""",247
TE5,Jeremy Ruckert,2022,1QB,0.5PPR,5.08,NYJ,25,"6'5""",252
TE6,Daniel Bellinger,2022,1QB,0.5PPR,5.09,NYG,25,"6'4""",253
TE7,Charlie Kolar,2022,1QB,0.5PPR,5.1,BAL,27,"6'6""",252
QB6,Carson Strong,2022,1QB,0.5PPR,5.11,ARI,26,"6'3""",226
TE8,Jake Ferguson,2022,1QB,0.5PPR,5.12,DAL,27,"6'4""",250
RB1,BreeceHall,2022,SF,PPR,1.01,NYJ,24,"5'11""",217
RB2,Kenneth Walker,2022,SF,PPR,1.02,FA,25,"5'9""",211
WR1,Drake London,2022,SF,PPR,1.03,ATL,24,"6'4""",219
WR2,Treylon Burks,2022,SF,PPR,1.04,WAS,25,"6'2""",225
WR3,Garrett Wilson,2022,SF,PPR,1.05,NYJ,25,"5'11""",183
WR4,Jameson Williams,2022,SF,PPR,1.06,DET,24,"6'1""",179
WR5,Chris Olave,2022,SF,PPR,1.07,NO,25,"6'0""",187
QB1,Kenny Pickett,2022,SF,PPR,1.08,LV,27,"6'3""",217
WR6,Skyy Moore,2022,SF,PPR,1.09,SF,25,"5'9""",195
RB3,James Cook,2022,SF,PPR,1.1,BUF,26,"5'11""",199
WR7,Christian Watson,2022,SF,PPR,1.11,GB,26,"6'4""",208
WR8,George Pickens,2022,SF,PPR,1.12,DAL,24,"6'3""",195
WR9,Jahan Dotson,2022,SF,PPR,2.01,PHI,25,"5'11""",178
RB4,Rachaad White,2022,SF,PPR,2.02,TB,27,"6'0""",214
QB2,Malik Willis,2022,SF,PPR,2.03,FA,26,"6'0""",219
RB5,Dameon Pierce,2022,SF,PPR,2.04,KC,26,"5'10""",218
RB6,Isaiah Spiller,2022,SF,PPR,2.05,FA,24,"6'0""",217
QB3,Desmond Ridder,2022,SF,PPR,2.06,GB,26,"6'3""",211
WR10,David Bell,2022,SF,PPR,2.07,FA,25,"6'1""",212
TE1,Trey McBride,2022,SF,PPR,2.08,ARI,26,"6'4""",246
WR11,Alec Pierce,2022,SF,PPR,2.09,FA,25,"6'3""",211
WR12,John Metchie,2022,SF,PPR,2.1,NYJ,25,"5'11""",187
RB7,Zamir White,2022,SF,PPR,2.11,LV,26,"6'0""",214
RB8,Tyler Allgeier,2022,SF,PPR,2.12,ATL,25,"5'11""",224
QB4,Matt Corral,2022,SF,PPR,3.01,FA,27,"6'2""",212
RB9,Brian Robinson,2022,SF,PPR,3.02,SF,26,"6'2""",225
WR13,Jalen Tolbert,2022,SF,PPR,3.03,DAL,27,"6'1""",194
RB10,Ty Davis-Price,2022,SF,PPR,3.04,FA,25,"6'1""",226
WR14,Wan'Dale Robinson,2022,SF,PPR,3.05,NYG,25,"5'8""",178
TE2,Jelani Woods,2022,SF,PPR,3.06,NYJ,27,"6'7""",253
QB5,Sam Howell,2022,SF,PPR,3.07,PHI,25,"6'1""",218
WR15,Tyquan Thornton,2022,SF,PPR,3.08,KC,25,"6'2""",181
RB11,Hassan Haskins,2022,SF,PPR,3.09,FA,26,"6'1""",220
RB12,Keaontay Ingram,2022,SF,PPR,3.1,FA,26,"6'0""",221
WR16,Khalil Shakir,2022,SF,PPR,3.11,BUF,26,"6'0""",196
TE3,Greg Dulcich,2022,SF,PPR,3.12,MIA,25,"6'4""",243
RB13,Pierre Strong,2022,SF,PPR,4.01,FA,27,"5'11""",207
WR17,Romeo Doubs,2022,SF,PPR,4.02,GB,25,"6'1""",201
WR18,Velus Jones,2022,SF,PPR,4.03,FA,28,"6'0""",204
RB14,Kyren Williams,2022,SF,PPR,4.04,LAR,25,"5'9""",194
WR19,Calvin Austin,2022,SF,PPR,4.05,PIT,26,"5'8""",170
RB15,Jerome Ford,2022,SF,PPR,4.06,CLE,26,"5'10""",210
TE4,Cade Otton,2022,SF,PPR,4.07,TB,26,"6'5""",247
WR20,Danny Gray,2022,SF,PPR,4.08,PHI,26,"5'11""",186
RB16,Isiah Pacheco,2022,SF,PPR,4.09,KC,27,"5'10""",213
WR21,Isaiah Weston,2022,SF,PPR,4.1,CLE,28,"6'3""",214
RB17,Tyler Badie,2022,SF,PPR,4.11,DEN,26,"5'8""",197
QB6,Dustin Crum,2022,SF,PPR,4.12,FA,27,"6'1""",210
RB18,Kevin Harris,2022,SF,PPR,5.01,FA,25,"5'10""",221
TE5,Jeremy Ruckert,2022,SF,PPR,5.02,NYJ,25,"6'5""",252
TE6,Daniel Bellinger,2022,SF,PPR,5.03,NYG,25,"6'4""",253
RB19,Jaylen Warren,2022,SF,PPR,5.04,PIT,27,"5'8""",215
RB20,Snoop Conner,2022,SF,PPR,5.05,JAC,25,"5'9""",215
WR22,Kyle Philips,2022,SF,PPR,5.06,FA,26,"5'11""",191
RB21,Ty Chandler,2022,SF,PPR,5.07,MIN,27,"5'11""",204
RB22,Mataeo Durant,2022,SF,PPR,5.08,FA,26,"6'1""",195
RB23,Kennedy Brooks,2022,SF,PPR,5.09,FA,27,"5'11""",205
QB7,Carson Strong,2022,SF,PPR,5.1,ARI,26,"6'3""",226
TE7,Jalen Wydermyer,2022,SF,PPR,5.11,FA,25,"6'4""",255
RB24,Abram Smith,2022,SF,PPR,5.12,FA,27,"5'11""",221
RB1,BreeceHall,2022,SF,0.5PPR,1.01,NYJ,24,"5'11""",217
WR1,Drake London,2022,SF,0.5PPR,1.02,ATL,24,"6'4""",219
RB2,Kenneth Walker,2022,SF,0.5PPR,1.03,FA,25,"5'9""",211
WR2,Treylon Burks,2022,SF,0.5PPR,1.04,WAS,25,"6'2""",225
WR3,Garrett Wilson,2022,SF,0.5PPR,1.05,NYJ,25,"5'11""",183
WR4,Jameson Williams,2022,SF,0.5PPR,1.06,DET,24,"6'1""",179
WR5,Chris Olave,2022,SF,0.5PPR,1.07,NO,25,"6'0""",187
QB1,Kenny Pickett,2022,SF,0.5PPR,1.08,LV,27,"6'3""",217
RB3,James Cook,2022,SF,0.5PPR,1.09,BUF,26,"5'11""",199
WR6,Skyy Moore,2022,SF,0.5PPR,1.1,SF,25,"5'9""",195
WR7,Christian Watson,2022,SF,0.5PPR,1.11,GB,26,"6'4""",208
WR8,George Pickens,2022,SF,0.5PPR,1.12,DAL,24,"6'3""",195
WR9,Jahan Dotson,2022,SF,0.5PPR,2.01,PHI,25,"5'11""",178
RB4,Rachaad White,2022,SF,0.5PPR,2.02,TB,27,"6'0""",214
RB5,Isaiah Spiller,2022,SF,0.5PPR,2.03,FA,24,"6'0""",217
QB2,Malik Willis,2022,SF,0.5PPR,2.04,FA,26,"6'0""",219
RB6,Dameon Pierce,2022,SF,0.5PPR,2.05,KC,26,"5'10""",218
WR10,David Bell,2022,SF,0.5PPR,2.06,FA,25,"6'1""",212
TE1,Trey McBride,2022,SF,0.5PPR,2.07,ARI,26,"6'4""",246
QB3,Desmond Ridder,2022,SF,0.5PPR,2.08,GB,26,"6'3""",211
WR11,Alec Pierce,2022,SF,0.5PPR,2.09,FA,25,"6'3""",211
RB7,Brian Robinson,2022,SF,0.5PPR,2.1,SF,26,"6'2""",225
WR12,John Metchie,2022,SF,0.5PPR,2.11,NYJ,25,"5'11""",187
RB8,Tyler Allgeier,2022,SF,0.5PPR,2.12,ATL,25,"5'11""",224
RB9,Zamir White,2022,SF,0.5PPR,3.01,LV,26,"6'0""",214
WR13,Jalen Tolbert,2022,SF,0.5PPR,3.02,DAL,27,"6'1""",194
QB4,Matt Corral,2022,SF,0.5PPR,3.03,FA,27,"6'2""",212
RB10,Ty Davis-Price,2022,SF,0.5PPR,3.04,FA,25,"6'1""",226
WR14,Wan'Dale Robinson,2022,SF,0.5PPR,3.05,NYG,25,"5'8""",178
RB11,Hassan Haskins,2022,SF,0.5PPR,3.06,FA,26,"6'1""",220
TE2,Jelani Woods,2022,SF,0.5PPR,3.07,NYJ,27,"6'7""",253
QB5,Sam Howell,2022,SF,0.5PPR,3.08,PHI,25,"6'1""",218
WR15,Tyquan Thornton,2022,SF,0.5PPR,3.09,KC,25,"6'2""",181
WR16,Khalil Shakir,2022,SF,0.5PPR,3.1,BUF,26,"6'0""",196
RB12,Pierre Strong,2022,SF,0.5PPR,3.11,FA,27,"5'11""",207
RB13,Keaontay Ingram,2022,SF,0.5PPR,3.12,FA,26,"6'0""",221
WR17,Romeo Doubs,2022,SF,0.5PPR,4.01,GB,25,"6'1""",201
TE3,Greg Dulcich,2022,SF,0.5PPR,4.02,MIA,25,"6'4""",243
WR18,Velus Jones,2022,SF,0.5PPR,4.03,FA,28,"6'0""",204
RB14,Kyren Williams,2022,SF,0.5PPR,4.04,LAR,25,"5'9""",194
RB15,Isiah Pacheco,2022,SF,0.5PPR,4.05,KC,27,"5'10""",213
WR19,Danny Gray,2022,SF,0.5PPR,4.06,PHI,26,"5'11""",186
TE4,Cade Otton,2022,SF,0.5PPR,4.07,TB,26,"6'5""",247
WR20,Calvin Austin,2022,SF,0.5PPR,4.08,PIT,26,"5'8""",170
RB16,Kevin Harris,2022,SF,0.5PPR,4.09,FA,25,"5'10""",221
WR21,Kyle Philips,2022,SF,0.5PPR,4.1,FA,26,"5'11""",191
TE5,Jeremy Ruckert,2022,SF,0.5PPR,4.11,NYJ,25,"6'5""",252
TE6,Cole Turner,2022,SF,0.5PPR,4.12,FA,25,"6'6""",249
RB17,Jerome Ford,2022,SF,0.5PPR,5.01,CLE,26,"5'10""",210
QB6,Skylar Thompson,2022,SF,0.5PPR,5.02,FA,28,"6'2""",217
RB18,Tyler Badie,2022,SF,0.5PPR,5.03,DEN,26,"5'8""",197
RB19,Abram Smith,2022,SF,0.5PPR,5.04,FA,27,"5'11""",221
RB20,Snoop Conner,2022,SF,0.5PPR,5.05,JAC,25,"5'9""",215
TE7,Jake Ferguson,2022,SF,0.5PPR,5.06,DAL,27,"6'4""",250
QB7,Carson Strong,2022,SF,0.5PPR,5.07,ARI,26,"6'3""",226
QB8,Bailey Zappe,2022,SF,0.5PPR,5.08,FA,26,"6'0""",215
RB21,D'Vonte Price,2022,SF,0.5PPR,5.09,FA,26,"6'2""",215
TE8,Daniel Bellinger,2022,SF,0.5PPR,5.1,NYG,25,"6'4""",253
RB22,Ty Chandler,2022,SF,0.5PPR,5.11,MIN,27,"5'11""",204
WR22,Erik Ezukanma,2022,SF,0.5PPR,5.12,FA,26,"6'1""",209
RB1,NajeeHarris,2021,1QB,PPR,1.01,LAC,27,"6'1""",230
WR1,Ja'Marr Chase,2021,1QB,PPR,1.02,CIN,26,"6'0""",201
TE1,Kyle Pitts,2021,1QB,PPR,1.03,ATL,25,"6'6""",245
RB2,Travis Etienne,2021,1QB,PPR,1.04,FA,27,"5'10""",215
RB3,Javonte Williams,2021,1QB,PPR,1.05,DAL,25,"5'10""",212
WR2,DeVonta Smith,2021,1QB,PPR,1.06,PHI,27,"6'1""",170
RB4,Trey Sermon,2021,1QB,PPR,1.07,FA,27,"6'0""",215
WR3,Jaylen Waddle,2021,1QB,PPR,1.08,MIA,27,"5'10""",175
QB1,Trevor Lawrence,2021,1QB,PPR,1.09,JAC,26,"6'6""",215
RB5,Michael Carter,2021,1QB,PPR,1.1,ARI,26,"5'8""",201
WR4,Rashod Bateman,2021,1QB,PPR,1.11,BAL,26,"6'0""",190
WR5,Elijah Moore,2021,1QB,PPR,1.12,DEN,25,"5'9""",181
WR6,Terrace Marshall,2021,1QB,PPR,2.01,FA,25,"6'3""",205
QB2,Trey Lance,2021,1QB,PPR,2.02,LAC,25,"6'3""",224
WR7,Rondale Moore,2021,1QB,PPR,2.03,MIN,25,"5'7""",180
QB3,Justin Fields,2021,1QB,PPR,2.04,NYJ,26,"6'3""",227
WR8,Kadarius Toney,2021,1QB,PPR,2.05,FA,27,"6'0""",193
QB4,Zach Wilson,2021,1QB,PPR,2.06,MIA,26,"6'2""",214
WR9,Amon-Ra St. Brown,2021,1QB,PPR,2.07,DET,26,"5'11""",197
TE2,Pat Freiermuth,2021,1QB,PPR,2.08,PIT,27,"6'5""",258
RB6,Kenneth Gainwell,2021,1QB,PPR,2.09,PIT,26,"5'11""",201
RB7,Chuba Hubbard,2021,1QB,PPR,2.1,CAR,26,"6'0""",210
WR10,Amari Rodgers,2021,1QB,PPR,2.11,HOU,26,"5'9""",211
WR11,Dyami Brown,2021,1QB,PPR,2.12,JAC,26,"6'1""",189
WR12,Nico Collins,2021,1QB,PPR,3.01,HOU,26,"6'4""",215
QB5,Mac Jones,2021,1QB,PPR,3.02,SF,27,"6'3""",217
RB8,Rhamondre Stevenson,2021,1QB,PPR,3.03,NE,28,"6'0""",230
WR13,D'Wayne Eskridge,2021,1QB,PPR,3.04,MIA,28,"5'9""",190
WR14,Josh Palmer,2021,1QB,PPR,3.05,BUF,26,"6'1""",210
RB9,Elijah Mitchell,2021,1QB,PPR,3.06,FA,27,"5'10""",201
WR15,Tutu Atwell,2021,1QB,PPR,3.07,LAR,26,"5'9""",155
RB10,Javian Hawkins,2021,1QB,PPR,3.08,FA,26,"5'8""",182
WR16,Tylan Wallace,2021,1QB,PPR,3.09,BAL,26,"5'11""",194
WR17,Dez Fitzpatrick,2021,1QB,PPR,3.1,FA,28,"6'2""",208
RB11,Jermar Jefferson,2021,1QB,PPR,3.11,FA,25,"5'10""",211
WR18,Anthony Schwartz,2021,1QB,PPR,3.12,FA,25,"6'0""",186
TE3,Nick Eubanks,2021,1QB,PPR,4.01,FA,29,"6'4""",245
RB12,Khalil Herbert,2021,1QB,PPR,4.02,NYJ,27,"5'9""",210
WR19,Cornell Powell,2021,1QB,PPR,4.03,FA,28,"6'0""",204
TE4,Hunter Long,2021,1QB,PPR,4.04,JAC,27,"6'5""",253
RB13,Larry Rountree,2021,1QB,PPR,4.05,HOU,28,"5'11""",211
TE5,Brevin Jordan,2021,1QB,PPR,4.06,HOU,25,"6'3""",247
TE6,Luke Farrell,2021,1QB,PPR,4.07,SF,-,"6'6""",251
RB14,Gerrid Doaks,2021,1QB,PPR,4.08,FA,-,"5'11""",228
WR20,Austin Watkins,2021,1QB,PPR,4.09,TEN,-,"6'1""",207
RB15,Chris Evans,2021,1QB,PPR,4.1,FA,28,"5'11""",211
TE7,Tommy Tremble,2021,1QB,PPR,4.11,CAR,25,"6'3""",241
WR21,Ihmir Smith-Marsette,2021,1QB,PPR,4.12,FA,26,"6'1""",181
RB16,Kylin Hill,2021,1QB,PPR,5.01,FA,27,"5'10""",214
WR22,Shi Smith,2021,1QB,PPR,5.02,CAR,27,"5'9""",186
RB17,Kene Nwangwu,2021,1QB,PPR,5.03,NYJ,28,"6'1""",210
WR23,Jaelon Darden,2021,1QB,PPR,5.04,FA,27,"5'8""",174
QB6,Kellen Mond,2021,1QB,PPR,5.05,FA,26,"6'3""",211
TE8,Noah Gray,2021,1QB,PPR,5.06,KC,26,"6'3""",240
QB7,Kyle Trask,2021,1QB,PPR,5.07,FA,27,"6'5""",236
WR24,Jalen Camp,2021,1QB,PPR,5.08,CAR,27,"6'2""",226
WR25,Jacob Harris,2021,1QB,PPR,5.09,FA,-,"6'5""",219
WR26,Frank Darby,2021,1QB,PPR,5.1,FA,28,"6'0""",201
WR27,Seth Williams,2021,1QB,PPR,5.11,FA,25,"6'3""",211
QB8,Davis Mills,2021,1QB,PPR,5.12,HOU,27,"6'3""",217
RB1,NajeeHarris,2021,1QB,0.5PPR,1.01,LAC,27,"6'1""",230
WR1,Ja'Marr Chase,2021,1QB,0.5PPR,1.02,CIN,26,"6'0""",201
TE1,Kyle Pitts,2021,1QB,0.5PPR,1.03,ATL,25,"6'6""",245
RB2,Travis Etienne,2021,1QB,0.5PPR,1.04,FA,27,"5'10""",215
RB3,Javonte Williams,2021,1QB,0.5PPR,1.05,DAL,25,"5'10""",212
WR2,DeVonta Smith,2021,1QB,0.5PPR,1.06,PHI,27,"6'1""",170
WR3,Jaylen Waddle,2021,1QB,0.5PPR,1.07,MIA,27,"5'10""",175
QB1,Trevor Lawrence,2021,1QB,0.5PPR,1.08,JAC,26,"6'6""",215
RB4,Trey Sermon,2021,1QB,0.5PPR,1.09,FA,27,"6'0""",215
WR4,Rashod Bateman,2021,1QB,0.5PPR,1.1,BAL,26,"6'0""",190
WR5,Elijah Moore,2021,1QB,0.5PPR,1.11,DEN,25,"5'9""",181
RB5,Michael Carter,2021,1QB,0.5PPR,1.12,ARI,26,"5'8""",201
QB2,Trey Lance,2021,1QB,0.5PPR,2.01,LAC,25,"6'3""",224
WR6,Terrace Marshall,2021,1QB,0.5PPR,2.02,FA,25,"6'3""",205
QB3,Justin Fields,2021,1QB,0.5PPR,2.03,NYJ,26,"6'3""",227
WR7,Rondale Moore,2021,1QB,0.5PPR,2.04,MIN,25,"5'7""",180
QB4,Zach Wilson,2021,1QB,0.5PPR,2.05,MIA,26,"6'2""",214
WR8,Kadarius Toney,2021,1QB,0.5PPR,2.06,FA,27,"6'0""",193
WR9,Amon-Ra St. Brown,2021,1QB,0.5PPR,2.07,DET,26,"5'11""",197
TE2,Pat Freiermuth,2021,1QB,0.5PPR,2.08,PIT,27,"6'5""",258
WR10,Amari Rodgers,2021,1QB,0.5PPR,2.09,HOU,26,"5'9""",211
RB6,Kenneth Gainwell,2021,1QB,0.5PPR,2.1,PIT,26,"5'11""",201
RB7,Chuba Hubbard,2021,1QB,0.5PPR,2.11,CAR,26,"6'0""",210
WR11,Dyami Brown,2021,1QB,0.5PPR,2.12,JAC,26,"6'1""",189
WR12,Nico Collins,2021,1QB,0.5PPR,3.01,HOU,26,"6'4""",215
QB5,Mac Jones,2021,1QB,0.5PPR,3.02,SF,27,"6'3""",217
WR13,D'Wayne Eskridge,2021,1QB,0.5PPR,3.03,MIA,28,"5'9""",190
WR14,Josh Palmer,2021,1QB,0.5PPR,3.04,BUF,26,"6'1""",210
RB8,Rhamondre Stevenson,2021,1QB,0.5PPR,3.05,NE,28,"6'0""",230
RB9,Javian Hawkins,2021,1QB,0.5PPR,3.06,FA,26,"5'8""",182
WR15,Tutu Atwell,2021,1QB,0.5PPR,3.07,LAR,26,"5'9""",155
RB10,Elijah Mitchell,2021,1QB,0.5PPR,3.08,FA,27,"5'10""",201
WR16,Marlon Williams,2021,1QB,0.5PPR,3.09,HOU,26,"5'11""",208
WR17,Anthony Schwartz,2021,1QB,0.5PPR,3.1,FA,25,"6'0""",186
WR18,Tylan Wallace,2021,1QB,0.5PPR,3.11,BAL,26,"5'11""",194
RB11,Larry Rountree,2021,1QB,0.5PPR,3.12,HOU,28,"5'11""",211
TE3,Hunter Long,2021,1QB,0.5PPR,4.01,JAC,27,"6'5""",253
RB12,Khalil Herbert,2021,1QB,0.5PPR,4.02,NYJ,27,"5'9""",210
TE4,Brevin Jordan,2021,1QB,0.5PPR,4.03,HOU,25,"6'3""",247
WR19,Dez Fitzpatrick,2021,1QB,0.5PPR,4.04,FA,28,"6'2""",208
RB13,Jermar Jefferson,2021,1QB,0.5PPR,4.05,FA,25,"5'10""",211
WR20,Warren Jackson,2021,1QB,0.5PPR,4.06,FA,26,"6'5""",205
QB6,Davis Mills,2021,1QB,0.5PPR,4.07,HOU,27,"6'3""",217
QB7,Jamie Newman,2021,1QB,0.5PPR,4.08,PHI,28,"6'3""",234
RB14,Chris Evans,2021,1QB,0.5PPR,4.09,FA,28,"5'11""",211
WR21,Cornell Powell,2021,1QB,0.5PPR,4.1,FA,28,"6'0""",204
WR22,Jaelon Darden,2021,1QB,0.5PPR,4.11,FA,27,"5'8""",174
RB15,Gerrid Doaks,2021,1QB,0.5PPR,4.12,FA,-,"5'11""",228
QB8,Kyle Trask,2021,1QB,0.5PPR,5.01,FA,27,"6'5""",236
QB9,Kellen Mond,2021,1QB,0.5PPR,5.02,FA,26,"6'3""",211
TE5,Tommy Tremble,2021,1QB,0.5PPR,5.03,CAR,25,"6'3""",241
RB16,Kylin Hill,2021,1QB,0.5PPR,5.04,FA,27,"5'10""",214
WR23,Seth Williams,2021,1QB,0.5PPR,5.05,FA,25,"6'3""",211
RB17,Kene Nwangwu,2021,1QB,0.5PPR,5.06,NYJ,28,"6'1""",210
WR24,Ihmir Smith-Marsette,2021,1QB,0.5PPR,5.07,FA,26,"6'1""",181
WR25,Kawaan Baker,2021,1QB,0.5PPR,5.08,FA,27,"6'1""",210
WR26,Tamorrion Terry,2021,1QB,0.5PPR,5.09,FA,27,"6'2""",207
WR27,Dazz Newsome,2021,1QB,0.5PPR,5.1,FA,26,"5'10""",190
QB10,Sam Ehlinger,2021,1QB,0.5PPR,5.11,FA,27,"6'1""",222
WR28,Josh Imatorbhebhe,2021,1QB,0.5PPR,5.12,FA,27,"6'1""",223
QB1,TrevorLawrence,2021,SF,PPR,1.01,JAC,26,"6'6""",215
RB1,Najee Harris,2021,SF,PPR,1.02,LAC,27,"6'1""",230
QB2,Trey Lance,2021,SF,PPR,1.03,LAC,25,"6'3""",224
TE1,Kyle Pitts,2021,SF,PPR,1.04,ATL,25,"6'6""",245
WR1,Ja'Marr Chase,2021,SF,PPR,1.05,CIN,26,"6'0""",201
QB3,Justin Fields,2021,SF,PPR,1.06,NYJ,26,"6'3""",227
RB2,Travis Etienne,2021,SF,PPR,1.07,FA,27,"5'10""",215
QB4,Zach Wilson,2021,SF,PPR,1.08,MIA,26,"6'2""",214
RB3,Javonte Williams,2021,SF,PPR,1.09,DAL,25,"5'10""",212
WR2,DeVonta Smith,2021,SF,PPR,1.1,PHI,27,"6'1""",170
WR3,Jaylen Waddle,2021,SF,PPR,1.11,MIA,27,"5'10""",175
DE1,Micah Parsons,2021,SF,PPR,1.12,GB,26,"6'2""",245
QB5,Mac Jones,2021,SF,PPR,2.01,SF,27,"6'3""",217
RB4,Trey Sermon,2021,SF,PPR,2.02,FA,27,"6'0""",215
WR4,Rashod Bateman,2021,SF,PPR,2.03,BAL,26,"6'0""",190
LB1,Jamin Davis,2021,SF,PPR,2.04,FA,27,"6'4""",224
WR5,Elijah Moore,2021,SF,PPR,2.05,DEN,25,"5'9""",181
RB5,Michael Carter,2021,SF,PPR,2.06,ARI,26,"5'8""",201
WR6,Terrace Marshall,2021,SF,PPR,2.07,FA,25,"6'3""",205
WR7,Rondale Moore,2021,SF,PPR,2.08,MIN,25,"5'7""",180
WR8,Kadarius Toney,2021,SF,PPR,2.09,FA,27,"6'0""",193
TE2,Pat Freiermuth,2021,SF,PPR,2.1,PIT,27,"6'5""",258
WR9,Amon-Ra St. Brown,2021,SF,PPR,2.11,DET,26,"5'11""",197
DE2,Zaven Collins,2021,SF,PPR,2.12,ARI,26,"6'4""",260
WR10,Amari Rodgers,2021,SF,PPR,3.01,HOU,26,"5'9""",211
RB6,Kenneth Gainwell,2021,SF,PPR,3.02,PIT,26,"5'11""",201
RB7,Chuba Hubbard,2021,SF,PPR,3.03,CAR,26,"6'0""",210
WR11,Dyami Brown,2021,SF,PPR,3.04,JAC,26,"6'1""",189
LB2,Jeremiah Owusu-Koramoah,2021,SF,PPR,3.05,CLE,26,"6'2""",216
QB6,Kellen Mond,2021,SF,PPR,3.06,FA,26,"6'3""",211
WR12,Nico Collins,2021,SF,PPR,3.07,HOU,26,"6'4""",215
QB7,Kyle Trask,2021,SF,PPR,3.08,FA,27,"6'5""",236
WR13,D'Wayne Eskridge,2021,SF,PPR,3.09,MIA,28,"5'9""",190
LB3,Nick Bolton,2021,SF,PPR,3.1,KC,25,"6'0""",232
RB8,Rhamondre Stevenson,2021,SF,PPR,3.11,NE,28,"6'0""",230
QB8,Davis Mills,2021,SF,PPR,3.12,HOU,27,"6'3""",217
DE3,Kwity Paye,2021,SF,PPR,4.01,IND,27,"6'4""",277
WR14,Josh Palmer,2021,SF,PPR,4.02,BUF,26,"6'1""",210
DE4,Jaelan Phillips,2021,SF,PPR,4.03,PHI,26,"6'5""",258
RB9,Elijah Mitchell,2021,SF,PPR,4.04,FA,27,"5'10""",201
LB4,Pete Werner,2021,SF,PPR,4.05,NO,26,"6'3""",242
WR15,Tutu Atwell,2021,SF,PPR,4.06,LAR,26,"5'9""",155
S1,Tre'von Moehrig,2021,SF,PPR,4.07,CAR,-,"6'1""",208
TE3,Hunter Long,2021,SF,PPR,4.08,JAC,27,"6'5""",253
RB10,Jake Funk,2021,SF,PPR,4.09,FA,28,"5'11""",204
DE5,Gregory Rousseau,2021,SF,PPR,4.1,BUF,25,"6'5""",260
RB11,Javian Hawkins,2021,SF,PPR,4.11,FA,26,"5'8""",182
WR16,Cade Johnson,2021,SF,PPR,4.12,FA,27,"5'10""",186
WR17,Tylan Wallace,2021,SF,PPR,5.01,BAL,26,"5'11""",194
TE4,Brevin Jordan,2021,SF,PPR,5.02,HOU,25,"6'3""",247
WR18,Dez Fitzpatrick,2021,SF,PPR,5.03,FA,28,"6'2""",208
WR19,Anthony Schwartz,2021,SF,PPR,5.04,FA,25,"6'0""",186
RB12,Rakeem Boyd,2021,SF,PPR,5.05,PHI,28,"5'11""",213
WR20,Whop Philyor,2021,SF,PPR,5.06,FA,27,"5'11""",177
RB13,Khalil Herbert,2021,SF,PPR,5.07,NYJ,27,"5'9""",210
RB14,Jermar Jefferson,2021,SF,PPR,5.08,FA,25,"5'10""",211
TE5,Tommy Tremble,2021,SF,PPR,5.09,CAR,25,"6'3""",241
TE6,Feleipe Franks,2021,SF,PPR,5.1,ATL,28,"6'7""",234
RB15,Larry Rountree,2021,SF,PPR,5.11,HOU,28,"5'11""",211
RB16,Gerrid Doaks,2021,SF,PPR,5.12,FA,-,"5'11""",228
QB1,TrevorLawrence,2021,SF,0.5PPR,1.01,JAC,26,"6'6""",215
RB1,Najee Harris,2021,SF,0.5PPR,1.02,LAC,27,"6'1""",230
WR1,Ja'Marr Chase,2021,SF,0.5PPR,1.03,CIN,26,"6'0""",201
QB2,Trey Lance,2021,SF,0.5PPR,1.04,LAC,25,"6'3""",224
TE1,Kyle Pitts,2021,SF,0.5PPR,1.05,ATL,25,"6'6""",245
QB3,Justin Fields,2021,SF,0.5PPR,1.06,NYJ,26,"6'3""",227
RB2,Travis Etienne,2021,SF,0.5PPR,1.07,FA,27,"5'10""",215
WR2,DeVonta Smith,2021,SF,0.5PPR,1.08,PHI,27,"6'1""",170
QB4,Zach Wilson,2021,SF,0.5PPR,1.09,MIA,26,"6'2""",214
RB3,Javonte Williams,2021,SF,0.5PPR,1.1,DAL,25,"5'10""",212
WR3,Jaylen Waddle,2021,SF,0.5PPR,1.11,MIA,27,"5'10""",175
RB4,Trey Sermon,2021,SF,0.5PPR,1.12,FA,27,"6'0""",215
WR4,Rashod Bateman,2021,SF,0.5PPR,2.01,BAL,26,"6'0""",190
QB5,Mac Jones,2021,SF,0.5PPR,2.02,SF,27,"6'3""",217
WR5,Elijah Moore,2021,SF,0.5PPR,2.03,DEN,25,"5'9""",181
RB5,Michael Carter,2021,SF,0.5PPR,2.04,ARI,26,"5'8""",201
WR6,Terrace Marshall,2021,SF,0.5PPR,2.05,FA,25,"6'3""",205
WR7,Rondale Moore,2021,SF,0.5PPR,2.06,MIN,25,"5'7""",180
WR8,Kadarius Toney,2021,SF,0.5PPR,2.07,FA,27,"6'0""",193
WR9,Amon-Ra St. Brown,2021,SF,0.5PPR,2.08,DET,26,"5'11""",197
TE2,Pat Freiermuth,2021,SF,0.5PPR,2.09,PIT,27,"6'5""",258
WR10,Amari Rodgers,2021,SF,0.5PPR,2.1,HOU,26,"5'9""",211
RB6,Chuba Hubbard,2021,SF,0.5PPR,2.11,CAR,26,"6'0""",210
WR11,Dyami Brown,2021,SF,0.5PPR,2.12,JAC,26,"6'1""",189
QB6,Kellen Mond,2021,SF,0.5PPR,3.01,FA,26,"6'3""",211
RB7,Kenneth Gainwell,2021,SF,0.5PPR,3.02,PIT,26,"5'11""",201
WR12,Nico Collins,2021,SF,0.5PPR,3.03,HOU,26,"6'4""",215
QB7,Kyle Trask,2021,SF,0.5PPR,3.04,FA,27,"6'5""",236
QB8,Davis Mills,2021,SF,0.5PPR,3.05,HOU,27,"6'3""",217
WR13,D'Wayne Eskridge,2021,SF,0.5PPR,3.06,MIA,28,"5'9""",190
RB8,Rhamondre Stevenson,2021,SF,0.5PPR,3.07,NE,28,"6'0""",230
WR14,Josh Palmer,2021,SF,0.5PPR,3.08,BUF,26,"6'1""",210
WR15,Tutu Atwell,2021,SF,0.5PPR,3.09,LAR,26,"5'9""",155
RB9,Elijah Mitchell,2021,SF,0.5PPR,3.1,FA,27,"5'10""",201
WR16,Tylan Wallace,2021,SF,0.5PPR,3.11,BAL,26,"5'11""",194
RB10,Javian Hawkins,2021,SF,0.5PPR,3.12,FA,26,"5'8""",182
TE3,Hunter Long,2021,SF,0.5PPR,4.01,JAC,27,"6'5""",253
WR17,Anthony Schwartz,2021,SF,0.5PPR,4.02,FA,25,"6'0""",186
WR18,Dez Fitzpatrick,2021,SF,0.5PPR,4.03,FA,28,"6'2""",208
TE4,Brevin Jordan,2021,SF,0.5PPR,4.04,HOU,25,"6'3""",247
RB11,Khalil Herbert,2021,SF,0.5PPR,4.05,NYJ,27,"5'9""",210
RB12,Stevie Scott,2021,SF,0.5PPR,4.06,FA,25,"6'0""",236
WR19,Cade Johnson,2021,SF,0.5PPR,4.07,FA,27,"5'10""",186
WR20,Cornell Powell,2021,SF,0.5PPR,4.08,FA,28,"6'0""",204
RB13,Kylin Hill,2021,SF,0.5PPR,4.09,FA,27,"5'10""",214
RB14,Gerrid Doaks,2021,SF,0.5PPR,4.1,FA,-,"5'11""",228
RB15,Jermar Jefferson,2021,SF,0.5PPR,4.11,FA,25,"5'10""",211
RB16,Larry Rountree,2021,SF,0.5PPR,4.12,HOU,28,"5'11""",211
QB9,Ian Book,2021,SF,0.5PPR,5.01,FA,27,"6'0""",210
TE5,Tommy Tremble,2021,SF,0.5PPR,5.02,CAR,25,"6'3""",241
WR21,Seth Williams,2021,SF,0.5PPR,5.03,FA,25,"6'3""",211
RB17,Chris Evans,2021,SF,0.5PPR,5.04,FA,28,"5'11""",211
TE6,Tre' McKitty,2021,SF,0.5PPR,5.05,FA,27,"6'4""",247
QB10,Sam Ehlinger,2021,SF,0.5PPR,5.06,FA,27,"6'1""",222
WR22,Ihmir Smith-Marsette,2021,SF,0.5PPR,5.07,FA,26,"6'1""",181
WR23,Tre Nixon,2021,SF,0.5PPR,5.08,FA,-,"6'0""",187
WR24,Mike Strachan,2021,SF,0.5PPR,5.09,FA,28,"6'5""",226
WR25,Jacob Harris,2021,SF,0.5PPR,5.1,FA,-,"6'5""",219
RB18,Kene Nwangwu,2021,SF,0.5PPR,5.11,NYJ,28,"6'1""",210
WR26,Simi Fehoko,2021,SF,0.5PPR,5.12,FA,28,"6'3""",222
RB1,ClydeEdwards-Helaire,2020,1QB,PPR,1.01,KC,26,"5'7""",207
RB2,Jonathan Taylor,2020,1QB,PPR,1.02,IND,27,"5'10""",226
RB3,JK Dobbins,2020,1QB,PPR,1.03,DEN,27,"5'9""",209
RB4,D'Andre Swift,2020,1QB,PPR,1.04,CHI,27,"5'8""",212
WR1,CeeDee Lamb,2020,1QB,PPR,1.05,DAL,26,"6'2""",198
RB5,Cam Akers,2020,1QB,PPR,1.06,FA,26,"5'10""",217
WR2,Jerry Jeudy,2020,1QB,PPR,1.07,CLE,26,"6'1""",193
WR3,Justin Jefferson,2020,1QB,PPR,1.08,MIN,26,"6'1""",202
WR4,Jalen Reagor,2020,1QB,PPR,1.09,FA,27,"5'11""",206
WR5,Henry Ruggs,2020,1QB,PPR,1.1,FA,27,"5'11""",188
RB6,Ke'Shawn Vaughn,2020,1QB,PPR,1.11,FA,28,"5'10""",214
WR6,Tee Higgins,2020,1QB,PPR,1.12,CIN,27,"6'4""",216
WR7,Michael Pittman,2020,1QB,PPR,2.01,IND,28,"6'4""",223
WR8,Denzel Mims,2020,1QB,PPR,2.02,FA,28,"6'3""",207
QB1,Joe Burrow,2020,1QB,PPR,2.03,CIN,29,"6'3""",221
WR9,Brandon Aiyuk,2020,1QB,PPR,2.04,SF,27,"6'0""",205
RB7,AJ Dillon,2020,1QB,PPR,2.05,PHI,27,"6'0""",247
RB8,Zack Moss,2020,1QB,PPR,2.06,FA,28,"5'9""",223
WR10,Laviska Shenault,2020,1QB,PPR,2.07,FA,27,"6'1""",227
RB9,Antonio Gibson,2020,1QB,PPR,2.08,FA,27,"6'0""",228
QB2,Tua Tagovailoa,2020,1QB,PPR,2.09,MIA,28,"6'0""",217
WR11,Bryan Edwards,2020,1QB,PPR,2.1,FA,27,"6'3""",212
RB10,Anthony McFarland,2020,1QB,PPR,2.11,FA,27,"5'8""",208
WR12,Chase Claypool,2020,1QB,PPR,2.12,FA,27,"6'4""",238
RB11,Darrynton Evans,2020,1QB,PPR,3.01,FA,27,"5'10""",203
RB12,Joshua Kelley,2020,1QB,PPR,3.02,FA,28,"5'11""",212
WR13,KJ Hamler,2020,1QB,PPR,3.03,FA,26,"5'9""",178
QB3,Justin Herbert,2020,1QB,PPR,3.04,LAC,27,"6'6""",236
WR14,Van Jefferson,2020,1QB,PPR,3.05,TEN,29,"6'1""",200
TE1,Cole Kmet,2020,1QB,PPR,3.06,CHI,26,"6'6""",262
WR15,Devin Duvernay,2020,1QB,PPR,3.07,CHI,28,"5'11""",200
WR16,Lynn Bowden,2020,1QB,PPR,3.08,FA,28,"5'11""",204
WR17,Antonio Gandy-Golden,2020,1QB,PPR,3.09,FA,27,"6'4""",223
TE2,Adam Trautman,2020,1QB,PPR,3.1,DEN,29,"6'5""",255
RB13,Eno Benjamin,2020,1QB,PPR,3.11,NO,26,"5'9""",207
WR18,Tyler Johnson,2020,1QB,PPR,3.12,NYJ,27,"6'1""",206
RB14,Lamical Perine,2020,1QB,PPR,4.01,GB,28,"5'11""",216
TE3,Devin Asiasi,2020,1QB,PPR,4.02,CIN,28,"6'3""",257
RB15,DeeJay Dallas,2020,1QB,PPR,4.03,JAC,27,"5'10""",217
QB4,Jordan Love,2020,1QB,PPR,4.04,GB,27,"6'4""",224
WR19,Quintez Cephus,2020,1QB,PPR,4.05,FA,27,"6'1""",202
QB5,Jalen Hurts,2020,1QB,PPR,4.06,PHI,27,"6'2""",218
WR20,Donovan Peoples-Jones,2020,1QB,PPR,4.07,FA,27,"6'2""",212
WR21,Marquez Callaway,2020,1QB,PPR,4.08,FA,27,"6'1""",205
WR22,Gabe Davis,2020,1QB,PPR,4.09,BUF,26,"6'2""",216
TE4,Dalton Keene,2020,1QB,PPR,4.1,FA,26,"6'4""",253
TE5,Albert Okwuegbunam,2020,1QB,PPR,4.11,FA,27,"6'5""",258
TE6,Thaddeus Moss,2020,1QB,PPR,4.12,FA,27,"6'2""",250
TE7,Charlie Woerner,2020,1QB,PPR,5.01,SF,-,"6'5""",244
WR23,Isaiah Coulter,2020,1QB,PPR,5.02,FA,27,"6'2""",198
QB6,Jacob Eason,2020,1QB,PPR,5.03,FA,28,"6'6""",231
WR24,Collin Johnson,2020,1QB,PPR,5.04,FA,28,"6'6""",222
WR25,KJ Hill,2020,1QB,PPR,5.05,LAC,28,"6'0""",196
RB16,Scottie Phillips,2020,1QB,PPR,5.06,FA,28,"5'8""",209
RB17,Michael Warren,2020,1QB,PPR,5.07,FA,-,"5'9""",226
WR26,Joe Reed,2020,1QB,PPR,5.08,FA,28,"6'1""",215
WR27,Darnell Mooney,2020,1QB,PPR,5.09,ATL,28,"5'10""",176
RB18,Raymond Calais,2020,1QB,PPR,5.1,FA,27,"5'8""",188
WR28,John Hightower,2020,1QB,PPR,5.11,FA,29,"6'2""",189
TE8,Harrison Bryant,2020,1QB,PPR,5.12,HOU,27,"6'5""",243
RB1,ClydeEdwards-Helaire,2020,1QB,0.5PPR,1.01,KC,26,"5'7""",207
RB2,Jonathan Taylor,2020,1QB,0.5PPR,1.02,IND,27,"5'10""",226
RB3,JK Dobbins,2020,1QB,0.5PPR,1.03,DEN,27,"5'9""",209
RB4,D'Andre Swift,2020,1QB,0.5PPR,1.04,CHI,27,"5'8""",212
WR1,CeeDee Lamb,2020,1QB,0.5PPR,1.05,DAL,26,"6'2""",198
RB5,Cam Akers,2020,1QB,0.5PPR,1.06,FA,26,"5'10""",217
WR2,Jerry Jeudy,2020,1QB,0.5PPR,1.07,CLE,26,"6'1""",193
WR3,Justin Jefferson,2020,1QB,0.5PPR,1.08,MIN,26,"6'1""",202
WR4,Henry Ruggs,2020,1QB,0.5PPR,1.09,FA,27,"5'11""",188
WR5,Jalen Reagor,2020,1QB,0.5PPR,1.1,FA,27,"5'11""",206
RB6,Ke'Shawn Vaughn,2020,1QB,0.5PPR,1.11,FA,28,"5'10""",214
WR6,Michael Pittman,2020,1QB,0.5PPR,1.12,IND,28,"6'4""",223
QB1,Joe Burrow,2020,1QB,0.5PPR,2.01,CIN,29,"6'3""",221
WR7,Tee Higgins,2020,1QB,0.5PPR,2.02,CIN,27,"6'4""",216
WR8,Denzel Mims,2020,1QB,0.5PPR,2.03,FA,28,"6'3""",207
WR9,Brandon Aiyuk,2020,1QB,0.5PPR,2.04,SF,27,"6'0""",205
RB7,AJ Dillon,2020,1QB,0.5PPR,2.05,PHI,27,"6'0""",247
WR10,Laviska Shenault,2020,1QB,0.5PPR,2.06,FA,27,"6'1""",227
QB2,Tua Tagovailoa,2020,1QB,0.5PPR,2.07,MIA,28,"6'0""",217
RB8,Zack Moss,2020,1QB,0.5PPR,2.08,FA,28,"5'9""",223
WR11,Bryan Edwards,2020,1QB,0.5PPR,2.09,FA,27,"6'3""",212
RB9,Antonio Gibson,2020,1QB,0.5PPR,2.1,FA,27,"6'0""",228
RB10,Anthony McFarland,2020,1QB,0.5PPR,2.11,FA,27,"5'8""",208
RB11,Darrynton Evans,2020,1QB,0.5PPR,2.12,FA,27,"5'10""",203
WR12,Chase Claypool,2020,1QB,0.5PPR,3.01,FA,27,"6'4""",238
WR13,KJ Hamler,2020,1QB,0.5PPR,3.02,FA,26,"5'9""",178
QB3,Justin Herbert,2020,1QB,0.5PPR,3.03,LAC,27,"6'6""",236
RB12,Joshua Kelley,2020,1QB,0.5PPR,3.04,FA,28,"5'11""",212
TE1,Cole Kmet,2020,1QB,0.5PPR,3.05,CHI,26,"6'6""",262
WR14,Devin Duvernay,2020,1QB,0.5PPR,3.06,CHI,28,"5'11""",200
WR15,Van Jefferson,2020,1QB,0.5PPR,3.07,TEN,29,"6'1""",200
WR16,Antonio Gandy-Golden,2020,1QB,0.5PPR,3.08,FA,27,"6'4""",223
WR17,Lynn Bowden,2020,1QB,0.5PPR,3.09,FA,28,"5'11""",204
RB13,Eno Benjamin,2020,1QB,0.5PPR,3.1,NO,26,"5'9""",207
QB4,Jordan Love,2020,1QB,0.5PPR,3.11,GB,27,"6'4""",224
TE2,Adam Trautman,2020,1QB,0.5PPR,3.12,DEN,29,"6'5""",255
TE3,Devin Asiasi,2020,1QB,0.5PPR,4.01,CIN,28,"6'3""",257
WR18,Tyler Johnson,2020,1QB,0.5PPR,4.02,NYJ,27,"6'1""",206
RB14,Lamical Perine,2020,1QB,0.5PPR,4.03,GB,28,"5'11""",216
RB15,DeeJay Dallas,2020,1QB,0.5PPR,4.04,JAC,27,"5'10""",217
WR19,Quintez Cephus,2020,1QB,0.5PPR,4.05,FA,27,"6'1""",202
QB5,Jalen Hurts,2020,1QB,0.5PPR,4.06,PHI,27,"6'2""",218
WR20,Donovan Peoples-Jones,2020,1QB,0.5PPR,4.07,FA,27,"6'2""",212
WR21,Gabe Davis,2020,1QB,0.5PPR,4.08,BUF,26,"6'2""",216
RB16,JJ Taylor,2020,1QB,0.5PPR,4.09,FA,29,"5'5""",185
WR22,KJ Hill,2020,1QB,0.5PPR,4.1,LAC,28,"6'0""",196
TE4,Albert Okwuegbunam,2020,1QB,0.5PPR,4.11,FA,27,"6'5""",258
WR23,Joe Reed,2020,1QB,0.5PPR,4.12,FA,28,"6'1""",215
WR24,Collin Johnson,2020,1QB,0.5PPR,5.01,FA,28,"6'6""",222
QB6,Jacob Eason,2020,1QB,0.5PPR,5.02,FA,28,"6'6""",231
TE5,Dalton Keene,2020,1QB,0.5PPR,5.03,FA,26,"6'4""",253
TE6,Thaddeus Moss,2020,1QB,0.5PPR,5.04,FA,27,"6'2""",250
WR25,Darnell Mooney,2020,1QB,0.5PPR,5.05,ATL,28,"5'10""",176
TE7,Charlie Woerner,2020,1QB,0.5PPR,5.06,SF,-,"6'5""",244
QB7,Jake Fromm,2020,1QB,0.5PPR,5.07,FA,27,"6'2""",219
WR26,Marquez Callaway,2020,1QB,0.5PPR,5.08,FA,27,"6'1""",205
WR27,Isaiah Coulter,2020,1QB,0.5PPR,5.09,FA,27,"6'2""",198
RB17,James Robinson,2020,1QB,0.5PPR,5.1,FA,27,"5'9""",219
TE8,Colby Parkinson,2020,1QB,0.5PPR,5.11,LAR,27,"6'7""",252
WR28,James Proche,2020,1QB,0.5PPR,5.12,TEN,29,"5'11""",201
RB1,ClydeEdwards-Helaire,2020,SF,PPR,1.01,KC,26,"5'7""",207
RB2,Jonathan Taylor,2020,SF,PPR,1.02,IND,27,"5'10""",226
QB1,Joe Burrow,2020,SF,PPR,1.03,CIN,29,"6'3""",221
RB3,JK Dobbins,2020,SF,PPR,1.04,DEN,27,"5'9""",209
RB4,D'Andre Swift,2020,SF,PPR,1.05,CHI,27,"5'8""",212
QB2,Tua Tagovailoa,2020,SF,PPR,1.06,MIA,28,"6'0""",217
RB5,Cam Akers,2020,SF,PPR,1.07,FA,26,"5'10""",217
WR1,CeeDee Lamb,2020,SF,PPR,1.08,DAL,26,"6'2""",198
WR2,Jerry Jeudy,2020,SF,PPR,1.09,CLE,26,"6'1""",193
WR3,Justin Jefferson,2020,SF,PPR,1.1,MIN,26,"6'1""",202
WR4,Jalen Reagor,2020,SF,PPR,1.11,FA,27,"5'11""",206
QB3,Justin Herbert,2020,SF,PPR,1.12,LAC,27,"6'6""",236
WR5,Henry Ruggs,2020,SF,PPR,2.01,FA,27,"5'11""",188
RB6,Ke'Shawn Vaughn,2020,SF,PPR,2.02,FA,28,"5'10""",214
WR6,Tee Higgins,2020,SF,PPR,2.03,CIN,27,"6'4""",216
WR7,Michael Pittman,2020,SF,PPR,2.04,IND,28,"6'4""",223
WR8,Denzel Mims,2020,SF,PPR,2.05,FA,28,"6'3""",207
WR9,Brandon Aiyuk,2020,SF,PPR,2.06,SF,27,"6'0""",205
RB7,AJ Dillon,2020,SF,PPR,2.07,PHI,27,"6'0""",247
RB8,Zack Moss,2020,SF,PPR,2.08,FA,28,"5'9""",223
WR10,Laviska Shenault,2020,SF,PPR,2.09,FA,27,"6'1""",227
QB4,Jordan Love,2020,SF,PPR,2.1,GB,27,"6'4""",224
WR11,Bryan Edwards,2020,SF,PPR,2.11,FA,27,"6'3""",212
RB9,Antonio Gibson,2020,SF,PPR,2.12,FA,27,"6'0""",228
RB10,Anthony McFarland,2020,SF,PPR,3.01,FA,27,"5'8""",208
WR12,Chase Claypool,2020,SF,PPR,3.02,FA,27,"6'4""",238
RB11,Darrynton Evans,2020,SF,PPR,3.03,FA,27,"5'10""",203
QB5,Jalen Hurts,2020,SF,PPR,3.04,PHI,27,"6'2""",218
RB12,Joshua Kelley,2020,SF,PPR,3.05,FA,28,"5'11""",212
TE1,Cole Kmet,2020,SF,PPR,3.06,CHI,26,"6'6""",262
WR13,KJ Hamler,2020,SF,PPR,3.07,FA,26,"5'9""",178
WR14,Van Jefferson,2020,SF,PPR,3.08,TEN,29,"6'1""",200
WR15,Lynn Bowden,2020,SF,PPR,3.09,FA,28,"5'11""",204
WR16,Devin Duvernay,2020,SF,PPR,3.1,CHI,28,"5'11""",200
TE2,Adam Trautman,2020,SF,PPR,3.11,DEN,29,"6'5""",255
QB6,Jacob Eason,2020,SF,PPR,3.12,FA,28,"6'6""",231
WR17,Antonio Gandy-Golden,2020,SF,PPR,4.01,FA,27,"6'4""",223
TE3,Devin Asiasi,2020,SF,PPR,4.02,CIN,28,"6'3""",257
WR18,Tyler Johnson,2020,SF,PPR,4.03,NYJ,27,"6'1""",206
RB13,Lamical Perine,2020,SF,PPR,4.04,GB,28,"5'11""",216
RB14,Eno Benjamin,2020,SF,PPR,4.05,NO,26,"5'9""",207
RB15,DeeJay Dallas,2020,SF,PPR,4.06,JAC,27,"5'10""",217
WR19,Kalija Lipscomb,2020,SF,PPR,4.07,TEN,28,"6'0""",207
WR20,Quintez Cephus,2020,SF,PPR,4.08,FA,27,"6'1""",202
TE4,Albert Okwuegbunam,2020,SF,PPR,4.09,FA,27,"6'5""",258
TE5,Dalton Keene,2020,SF,PPR,4.1,FA,26,"6'4""",253
WR21,Donovan Peoples-Jones,2020,SF,PPR,4.11,FA,27,"6'2""",212
QB7,Jake Fromm,2020,SF,PPR,4.12,FA,27,"6'2""",219
WR22,Gabe Davis,2020,SF,PPR,5.01,BUF,26,"6'2""",216
WR23,Isaiah Coulter,2020,SF,PPR,5.02,FA,27,"6'2""",198
RB16,Javon Leake,2020,SF,PPR,5.03,FA,27,"6'0""",215
TE6,Thaddeus Moss,2020,SF,PPR,5.04,FA,27,"6'2""",250
WR24,Malcolm Perry,2020,SF,PPR,5.05,FA,28,"5'10""",181
TE7,Harrison Bryant,2020,SF,PPR,5.06,HOU,27,"6'5""",243
WR25,KJ Hill,2020,SF,PPR,5.07,LAC,28,"6'0""",196
RB17,Michael Warren,2020,SF,PPR,5.08,FA,-,"5'9""",226
WR26,Marquez Callaway,2020,SF,PPR,5.09,FA,27,"6'1""",205
WR27,James Proche,2020,SF,PPR,5.1,TEN,29,"5'11""",201
RB18,James Robinson,2020,SF,PPR,5.11,FA,27,"5'9""",219
WR28,Joe Reed,2020,SF,PPR,5.12,FA,28,"6'1""",215
RB1,JonathanTaylor,2020,SF,0.5PPR,1.01,IND,27,"5'10""",226
RB2,Clyde Edwards-Helaire,2020,SF,0.5PPR,1.02,KC,26,"5'7""",207
QB1,Joe Burrow,2020,SF,0.5PPR,1.03,CIN,29,"6'3""",221
RB3,JK Dobbins,2020,SF,0.5PPR,1.04,DEN,27,"5'9""",209
QB2,Tua Tagovailoa,2020,SF,0.5PPR,1.05,MIA,28,"6'0""",217
RB4,Cam Akers,2020,SF,0.5PPR,1.06,FA,26,"5'10""",217
RB5,D'Andre Swift,2020,SF,0.5PPR,1.07,CHI,27,"5'8""",212
WR1,CeeDee Lamb,2020,SF,0.5PPR,1.08,DAL,26,"6'2""",198
WR2,Jerry Jeudy,2020,SF,0.5PPR,1.09,CLE,26,"6'1""",193
WR3,Justin Jefferson,2020,SF,0.5PPR,1.1,MIN,26,"6'1""",202
QB3,Justin Herbert,2020,SF,0.5PPR,1.11,LAC,27,"6'6""",236
WR4,Jalen Reagor,2020,SF,0.5PPR,1.12,FA,27,"5'11""",206
WR5,Henry Ruggs,2020,SF,0.5PPR,2.01,FA,27,"5'11""",188
RB6,Ke'Shawn Vaughn,2020,SF,0.5PPR,2.02,FA,28,"5'10""",214
WR6,Michael Pittman,2020,SF,0.5PPR,2.03,IND,28,"6'4""",223
WR7,Tee Higgins,2020,SF,0.5PPR,2.04,CIN,27,"6'4""",216
WR8,Denzel Mims,2020,SF,0.5PPR,2.05,FA,28,"6'3""",207
WR9,Brandon Aiyuk,2020,SF,0.5PPR,2.06,SF,27,"6'0""",205
WR10,Laviska Shenault,2020,SF,0.5PPR,2.07,FA,27,"6'1""",227
RB7,Antonio Gibson,2020,SF,0.5PPR,2.08,FA,27,"6'0""",228
RB8,AJ Dillon,2020,SF,0.5PPR,2.09,PHI,27,"6'0""",247
RB9,Zack Moss,2020,SF,0.5PPR,2.1,FA,28,"5'9""",223
QB4,Jordan Love,2020,SF,0.5PPR,2.11,GB,27,"6'4""",224
WR11,Bryan Edwards,2020,SF,0.5PPR,2.12,FA,27,"6'3""",212
RB10,Anthony McFarland,2020,SF,0.5PPR,3.01,FA,27,"5'8""",208
RB11,Joshua Kelley,2020,SF,0.5PPR,3.02,FA,28,"5'11""",212
TE1,Cole Kmet,2020,SF,0.5PPR,3.03,CHI,26,"6'6""",262
RB12,Darrynton Evans,2020,SF,0.5PPR,3.04,FA,27,"5'10""",203
WR12,Chase Claypool,2020,SF,0.5PPR,3.05,FA,27,"6'4""",238
QB5,Jalen Hurts,2020,SF,0.5PPR,3.06,PHI,27,"6'2""",218
WR13,Van Jefferson,2020,SF,0.5PPR,3.07,TEN,29,"6'1""",200
QB6,Jacob Eason,2020,SF,0.5PPR,3.08,FA,28,"6'6""",231
WR14,KJ Hamler,2020,SF,0.5PPR,3.09,FA,26,"5'9""",178
TE2,Adam Trautman,2020,SF,0.5PPR,3.1,DEN,29,"6'5""",255
WR15,Lynn Bowden,2020,SF,0.5PPR,3.11,FA,28,"5'11""",204
WR16,Devin Duvernay,2020,SF,0.5PPR,3.12,CHI,28,"5'11""",200
TE3,Devin Asiasi,2020,SF,0.5PPR,4.01,CIN,28,"6'3""",257
RB13,Eno Benjamin,2020,SF,0.5PPR,4.02,NO,26,"5'9""",207
WR17,Antonio Gandy-Golden,2020,SF,0.5PPR,4.03,FA,27,"6'4""",223
WR18,Tyler Johnson,2020,SF,0.5PPR,4.04,NYJ,27,"6'1""",206
RB14,Lamical Perine,2020,SF,0.5PPR,4.05,GB,28,"5'11""",216
WR19,Jauan Jennings,2020,SF,0.5PPR,4.06,SF,28,"6'3""",215
RB15,DeeJay Dallas,2020,SF,0.5PPR,4.07,JAC,27,"5'10""",217
TE4,Dalton Keene,2020,SF,0.5PPR,4.08,FA,26,"6'4""",253
WR20,KJ Osborn,2020,SF,0.5PPR,4.09,FA,28,"5'11""",203
RB16,Michael Warren,2020,SF,0.5PPR,4.1,FA,-,"5'9""",226
WR21,Quintez Cephus,2020,SF,0.5PPR,4.11,FA,27,"6'1""",202
RB17,James Robinson,2020,SF,0.5PPR,4.12,FA,27,"5'9""",219
WR22,Donovan Peoples-Jones,2020,SF,0.5PPR,5.01,FA,27,"6'2""",212
WR23,Darnell Mooney,2020,SF,0.5PPR,5.02,ATL,28,"5'10""",176
TE5,Albert Okwuegbunam,2020,SF,0.5PPR,5.03,FA,27,"6'5""",258
QB7,Jake Fromm,2020,SF,0.5PPR,5.04,FA,27,"6'2""",219
RB18,JaMycal Hasty,2020,SF,0.5PPR,5.05,FA,29,"5'8""",205
TE6,Brycen Hopkins,2020,SF,0.5PPR,5.06,LAR,28,"6'4""",245
WR24,John Hightower,2020,SF,0.5PPR,5.07,FA,29,"6'2""",189
TE7,Josiah Deguara,2020,SF,0.5PPR,5.08,ARI,29,"6'2""",242
WR25,Gabe Davis,2020,SF,0.5PPR,5.09,BUF,26,"6'2""",216
TE8,Harrison Bryant,2020,SF,0.5PPR,5.1,HOU,27,"6'5""",243
WR26,KJ Hill,2020,SF,0.5PPR,5.11,LAC,28,"6'0""",196
TE9,Hunter Bryant,2020,SF,0.5PPR,5.12,DET,27,"6'2""",248
RB1,JoshJacobs,2019,1QB,PPR,1.01,GB,28,"5'10""",220
RB2,David Montgomery,2019,1QB,PPR,1.02,HOU,28,"5'10""",222
WR1,N'Keal Harry,2019,1QB,PPR,1.03,FA,28,"6'2""",228
RB3,Miles Sanders,2019,1QB,PPR,1.04,DAL,28,"5'11""",211
WR2,DK Metcalf,2019,1QB,PPR,1.05,PIT,28,"6'3""",228
RB4,Darrell Henderson,2019,1QB,PPR,1.06,FA,28,"5'8""",208
TE1,TJ Hockenson,2019,1QB,PPR,1.07,MIN,28,"6'5""",251
QB1,Kyler Murray,2019,1QB,PPR,1.08,ARI,28,"5'10""",207
WR3,Parris Campbell,2019,1QB,PPR,1.09,FA,28,"6'0""",205
WR4,AJ Brown,2019,1QB,PPR,1.1,PHI,28,"6'0""",226
TE2,Noah Fant,2019,1QB,PPR,1.11,CIN,28,"6'4""",249
WR5,Deebo Samuel,2019,1QB,PPR,1.12,WAS,30,"5'11""",214
RB5,Damien Harris,2019,1QB,PPR,2.01,FA,29,"5'10""",216
WR6,Marquise Brown,2019,1QB,PPR,2.02,KC,28,"5'9""",166
WR7,JJ Arcega-Whiteside,2019,1QB,PPR,2.03,FA,29,"6'2""",225
RB6,Devin Singletary,2019,1QB,PPR,2.04,NYG,28,"5'7""",203
WR8,Andy Isabella,2019,1QB,PPR,2.05,FA,29,"5'9""",188
RB7,Justice Hill,2019,1QB,PPR,2.06,BAL,28,"5'10""",198
WR9,Mecole Hardman,2019,1QB,PPR,2.07,BUF,27,"5'10""",187
WR10,Hakeem Butler,2019,1QB,PPR,2.08,FA,29,"6'5""",227
RB8,Alexander Mattison,2019,1QB,PPR,2.09,MIA,27,"5'11""",221
QB2,Dwayne Haskins,2019,1QB,PPR,2.1,FA,28,"6'3""",231
TE3,Irv Smith Jr,2019,1QB,PPR,2.11,FA,27,"6'2""",242
WR11,Diontae Johnson,2019,1QB,PPR,2.12,FA,29,"5'10""",183
RB9,Darwin Thompson,2019,1QB,PPR,3.01,TB,29,"5'9""",195
WR12,Miles Boykin,2019,1QB,PPR,3.02,FA,29,"6'4""",220
TE4,Jace Sternberger,2019,1QB,PPR,3.03,FA,29,"6'4""",251
WR13,Terry McLaurin,2019,1QB,PPR,3.04,WAS,30,"6'0""",208
RB10,Benny Snell,2019,1QB,PPR,3.05,FA,28,"5'10""",224
RB11,Bryce Love,2019,1QB,PPR,3.06,WAS,28,"5'9""",200
WR14,Kelvin Harmon,2019,1QB,PPR,3.07,FA,29,"6'2""",221
WR15,Jakobi Meyers,2019,1QB,PPR,3.08,JAC,29,"6'1""",203
WR16,Jalen Hurd,2019,1QB,PPR,3.09,SF,30,"6'5""",226
RB12,Ryquell Armstead,2019,1QB,PPR,3.1,FA,29,"5'11""",220
WR17,Juwann Winfree,2019,1QB,PPR,3.11,FA,-,"6'3""",215
RB13,Dexter Williams,2019,1QB,PPR,3.12,FA,29,"5'11""",212
RB14,Tony Pollard,2019,1QB,PPR,4.01,TEN,28,"6'0""",210
QB3,Gardner Minshew,2019,1QB,PPR,4.02,KC,29,"6'1""",225
TE5,Josh Oliver,2019,1QB,PPR,4.03,MIN,28,"6'5""",249
QB4,Daniel Jones,2019,1QB,PPR,4.04,IND,28,"6'5""",221
RB15,Rodney Anderson,2019,1QB,PPR,4.05,FA,29,"6'0""",224
WR18,Riley Ridley,2019,1QB,PPR,4.06,FA,28,"6'1""",199
WR19,Johnnie Dixon,2019,1QB,PPR,4.07,FA,-,"5'10""",201
QB5,Drew Lock,2019,1QB,PPR,4.08,SEA,29,"6'4""",228
TE6,Dawson Knox,2019,1QB,PPR,4.09,BUF,29,"6'4""",254
RB16,Bruce Anderson,2019,1QB,PPR,4.1,FA,28,"5'11""",210
RB17,Qadree Ollison,2019,1QB,PPR,4.11,FA,29,"6'1""",228
WR20,Emmanuel Butler,2019,1QB,PPR,4.12,FA,-,"6'3""",217
WR21,Darius Slayton,2019,1QB,PPR,5.01,NYG,29,"6'1""",190
TE7,Kahale Warring,2019,1QB,PPR,5.02,FA,28,"6'5""",252
RB18,Trayveon Williams,2019,1QB,PPR,5.03,CLE,28,"5'8""",206
WR22,Hunter Renfrow,2019,1QB,PPR,5.04,FA,30,"5'10""",184
WR23,Jalen Guyton,2019,1QB,PPR,5.05,LV,28,"6'1""",202
TE8,Tyree Jackson,2019,1QB,PPR,5.06,FA,28,"6'7""",249
WR24,Gary Jennings,2019,1QB,PPR,5.07,FA,28,"6'1""",214
RB19,Mike Weber,2019,1QB,PPR,5.08,FA,28,"5'10""",211
RB20,Myles Gaskin,2019,1QB,PPR,5.09,FA,29,"5'9""",205
WR25,Preston Williams,2019,1QB,PPR,5.1,FA,28,"6'4""",211
WR26,KeeSean Johnson,2019,1QB,PPR,5.11,FA,29,"6'1""",201
QB6,Will Grier,2019,1QB,PPR,5.12,FA,30,"6'2""",217
RB1,JoshJacobs,2019,1QB,0.5PPR,1.01,GB,28,"5'10""",220
WR1,N'Keal Harry,2019,1QB,0.5PPR,1.02,FA,28,"6'2""",228
RB2,David Montgomery,2019,1QB,0.5PPR,1.03,HOU,28,"5'10""",222
RB3,Miles Sanders,2019,1QB,0.5PPR,1.04,DAL,28,"5'11""",211
WR2,DK Metcalf,2019,1QB,0.5PPR,1.05,PIT,28,"6'3""",228
WR3,Parris Campbell,2019,1QB,0.5PPR,1.06,FA,28,"6'0""",205
WR4,AJ Brown,2019,1QB,0.5PPR,1.07,PHI,28,"6'0""",226
TE1,TJ Hockenson,2019,1QB,0.5PPR,1.08,MIN,28,"6'5""",251
RB4,Darrell Henderson,2019,1QB,0.5PPR,1.09,FA,28,"5'8""",208
QB1,Kyler Murray,2019,1QB,0.5PPR,1.1,ARI,28,"5'10""",207
TE2,Noah Fant,2019,1QB,0.5PPR,1.11,CIN,28,"6'4""",249
WR5,Deebo Samuel,2019,1QB,0.5PPR,1.12,WAS,30,"5'11""",214
WR6,Marquise Brown,2019,1QB,0.5PPR,2.01,KC,28,"5'9""",166
WR7,Mecole Hardman,2019,1QB,0.5PPR,2.02,BUF,27,"5'10""",187
WR8,Hakeem Butler,2019,1QB,0.5PPR,2.03,FA,29,"6'5""",227
WR9,JJ Arcega-Whiteside,2019,1QB,0.5PPR,2.04,FA,29,"6'2""",225
WR10,Andy Isabella,2019,1QB,0.5PPR,2.05,FA,29,"5'9""",188
RB5,Devin Singletary,2019,1QB,0.5PPR,2.06,NYG,28,"5'7""",203
RB6,Damien Harris,2019,1QB,0.5PPR,2.07,FA,29,"5'10""",216
RB7,Justice Hill,2019,1QB,0.5PPR,2.08,BAL,28,"5'10""",198
RB8,Alexander Mattison,2019,1QB,0.5PPR,2.09,MIA,27,"5'11""",221
TE3,Irv Smith Jr,2019,1QB,0.5PPR,2.1,FA,27,"6'2""",242
WR11,Diontae Johnson,2019,1QB,0.5PPR,2.11,FA,29,"5'10""",183
QB2,Dwayne Haskins,2019,1QB,0.5PPR,2.12,FA,28,"6'3""",231
RB9,Darwin Thompson,2019,1QB,0.5PPR,3.01,TB,29,"5'9""",195
RB10,Bryce Love,2019,1QB,0.5PPR,3.02,WAS,28,"5'9""",200
WR12,Miles Boykin,2019,1QB,0.5PPR,3.03,FA,29,"6'4""",220
TE4,Jace Sternberger,2019,1QB,0.5PPR,3.04,FA,29,"6'4""",251
RB11,Benny Snell,2019,1QB,0.5PPR,3.05,FA,28,"5'10""",224
WR13,Kelvin Harmon,2019,1QB,0.5PPR,3.06,FA,29,"6'2""",221
WR14,Jalen Hurd,2019,1QB,0.5PPR,3.07,SF,30,"6'5""",226
WR15,Terry McLaurin,2019,1QB,0.5PPR,3.08,WAS,30,"6'0""",208
RB12,Ryquell Armstead,2019,1QB,0.5PPR,3.09,FA,29,"5'11""",220
QB3,Drew Lock,2019,1QB,0.5PPR,3.1,SEA,29,"6'4""",228
RB13,Rodney Anderson,2019,1QB,0.5PPR,3.11,FA,29,"6'0""",224
RB14,Dexter Williams,2019,1QB,0.5PPR,3.12,FA,29,"5'11""",212
WR16,Riley Ridley,2019,1QB,0.5PPR,4.01,FA,28,"6'1""",199
QB4,Daniel Jones,2019,1QB,0.5PPR,4.02,IND,28,"6'5""",221
WR17,David Sills,2019,1QB,0.5PPR,4.03,ATL,29,"6'3""",211
RB15,Bruce Anderson,2019,1QB,0.5PPR,4.04,FA,28,"5'11""",210
TE5,Josh Oliver,2019,1QB,0.5PPR,4.05,MIN,28,"6'5""",249
WR18,Juwann Winfree,2019,1QB,0.5PPR,4.06,FA,-,"6'3""",215
TE6,Dawson Knox,2019,1QB,0.5PPR,4.07,BUF,29,"6'4""",254
RB16,Myles Gaskin,2019,1QB,0.5PPR,4.08,FA,29,"5'9""",205
RB17,Tony Pollard,2019,1QB,0.5PPR,4.09,TEN,28,"6'0""",210
WR19,Gary Jennings,2019,1QB,0.5PPR,4.1,FA,28,"6'1""",214
RB18,Trayveon Williams,2019,1QB,0.5PPR,4.11,CLE,28,"5'8""",206
WR20,Hunter Renfrow,2019,1QB,0.5PPR,4.12,FA,30,"5'10""",184
TE7,Kahale Warring,2019,1QB,0.5PPR,5.01,FA,28,"6'5""",252
WR21,Darius Slayton,2019,1QB,0.5PPR,5.02,NYG,29,"6'1""",190
RB19,Elijah Holyfield,2019,1QB,0.5PPR,5.03,FA,28,"5'10""",217
TE8,Trevon Wesco,2019,1QB,0.5PPR,5.04,CHI,-,"6'3""",267
RB20,Devine Ozigbo,2019,1QB,0.5PPR,5.05,FA,29,"5'11""",222
RB21,Jordan Scarlett,2019,1QB,0.5PPR,5.06,FA,30,"5'11""",208
RB22,Karan Higdon,2019,1QB,0.5PPR,5.07,FA,29,"5'9""",205
WR22,Preston Williams,2019,1QB,0.5PPR,5.08,FA,28,"6'4""",211
WR23,Emanuel Hall,2019,1QB,0.5PPR,5.09,FA,28,"6'1""",201
RB23,Qadree Ollison,2019,1QB,0.5PPR,5.1,FA,29,"6'1""",228
TE9,Caleb Wilson,2019,1QB,0.5PPR,5.11,FA,-,"6'4""",240
WR24,KeeSean Johnson,2019,1QB,0.5PPR,5.12,FA,29,"6'1""",201
RB1,JoshJacobs,2019,SF,PPR,1.01,GB,28,"5'10""",220
QB1,Kyler Murray,2019,SF,PPR,1.02,ARI,28,"5'10""",207
WR1,N'Keal Harry,2019,SF,PPR,1.03,FA,28,"6'2""",228
RB2,Miles Sanders,2019,SF,PPR,1.04,DAL,28,"5'11""",211
RB3,David Montgomery,2019,SF,PPR,1.05,HOU,28,"5'10""",222
QB2,Dwayne Haskins,2019,SF,PPR,1.06,FA,28,"6'3""",231
WR2,DK Metcalf,2019,SF,PPR,1.07,PIT,28,"6'3""",228
TE1,TJ Hockenson,2019,SF,PPR,1.08,MIN,28,"6'5""",251
WR3,AJ Brown,2019,SF,PPR,1.09,PHI,28,"6'0""",226
TE2,Noah Fant,2019,SF,PPR,1.1,CIN,28,"6'4""",249
WR4,Parris Campbell,2019,SF,PPR,1.11,FA,28,"6'0""",205
RB4,Darrell Henderson,2019,SF,PPR,1.12,FA,28,"5'8""",208
WR5,Deebo Samuel,2019,SF,PPR,2.01,WAS,30,"5'11""",214
WR6,Mecole Hardman,2019,SF,PPR,2.02,BUF,27,"5'10""",187
WR7,Marquise Brown,2019,SF,PPR,2.03,KC,28,"5'9""",166
WR8,JJ Arcega-Whiteside,2019,SF,PPR,2.04,FA,29,"6'2""",225
WR9,Hakeem Butler,2019,SF,PPR,2.05,FA,29,"6'5""",227
WR10,Andy Isabella,2019,SF,PPR,2.06,FA,29,"5'9""",188
QB3,Daniel Jones,2019,SF,PPR,2.07,IND,28,"6'5""",221
RB5,Damien Harris,2019,SF,PPR,2.08,FA,29,"5'10""",216
QB4,Drew Lock,2019,SF,PPR,2.09,SEA,29,"6'4""",228
RB6,Devin Singletary,2019,SF,PPR,2.1,NYG,28,"5'7""",203
TE3,Irv Smith Jr,2019,SF,PPR,2.11,FA,27,"6'2""",242
RB7,Justice Hill,2019,SF,PPR,2.12,BAL,28,"5'10""",198
RB8,Alexander Mattison,2019,SF,PPR,3.01,MIA,27,"5'11""",221
WR11,Diontae Johnson,2019,SF,PPR,3.02,FA,29,"5'10""",183
TE4,Jace Sternberger,2019,SF,PPR,3.03,FA,29,"6'4""",251
RB9,Darwin Thompson,2019,SF,PPR,3.04,TB,29,"5'9""",195
WR12,Miles Boykin,2019,SF,PPR,3.05,FA,29,"6'4""",220
WR13,Terry McLaurin,2019,SF,PPR,3.06,WAS,30,"6'0""",208
RB10,Bryce Love,2019,SF,PPR,3.07,WAS,28,"5'9""",200
WR14,Kelvin Harmon,2019,SF,PPR,3.08,FA,29,"6'2""",221
RB11,Benny Snell,2019,SF,PPR,3.09,FA,28,"5'10""",224
WR15,John Ursua,2019,SF,PPR,3.1,SEA,-,"5'10""",165
WR16,Jalen Hurd,2019,SF,PPR,3.11,SF,30,"6'5""",226
QB5,Will Grier,2019,SF,PPR,3.12,FA,30,"6'2""",217
RB12,Ryquell Armstead,2019,SF,PPR,4.01,FA,29,"5'11""",220
TE5,Josh Oliver,2019,SF,PPR,4.02,MIN,28,"6'5""",249
RB13,Dexter Williams,2019,SF,PPR,4.03,FA,29,"5'11""",212
RB14,Rodney Anderson,2019,SF,PPR,4.04,FA,29,"6'0""",224
QB6,Jarrett Stidham,2019,SF,PPR,4.05,DEN,29,"6'2""",218
WR17,Riley Ridley,2019,SF,PPR,4.06,FA,28,"6'1""",199
TE6,Kahale Warring,2019,SF,PPR,4.07,FA,28,"6'5""",252
TE7,Dawson Knox,2019,SF,PPR,4.08,BUF,29,"6'4""",254
WR18,Gary Jennings,2019,SF,PPR,4.09,FA,28,"6'1""",214
QB7,Ryan Finley,2019,SF,PPR,4.1,FA,31,"6'4""",213
RB15,Bruce Anderson,2019,SF,PPR,4.11,FA,28,"5'11""",210
RB16,Tony Pollard,2019,SF,PPR,4.12,TEN,28,"6'0""",210
WR19,Hunter Renfrow,2019,SF,PPR,5.01,FA,30,"5'10""",184
WR20,Darius Slayton,2019,SF,PPR,5.02,NYG,29,"6'1""",190
RB17,Trayveon Williams,2019,SF,PPR,5.03,CLE,28,"5'8""",206
RB18,Mike Weber,2019,SF,PPR,5.04,FA,28,"5'10""",211
RB19,Myles Gaskin,2019,SF,PPR,5.05,FA,29,"5'9""",205
RB20,Devine Ozigbo,2019,SF,PPR,5.06,FA,29,"5'11""",222
TE8,Zach Gentry,2019,SF,PPR,5.07,FA,29,"6'8""",262
WR21,Preston Williams,2019,SF,PPR,5.08,FA,28,"6'4""",211
RB21,Travis Homer,2019,SF,PPR,5.09,CHI,27,"5'10""",202
RB22,Qadree Ollison,2019,SF,PPR,5.1,FA,29,"6'1""",228
WR22,Greg Dortch,2019,SF,PPR,5.11,FA,27,"5'7""",173
TE9,Foster Moreau,2019,SF,PPR,5.12,FA,28,"6'4""",253
RB1,JoshJacobs,2019,SF,0.5PPR,1.01,GB,28,"5'10""",220
WR1,N'Keal Harry,2019,SF,0.5PPR,1.02,FA,28,"6'2""",228
RB2,Miles Sanders,2019,SF,0.5PPR,1.03,DAL,28,"5'11""",211
RB3,David Montgomery,2019,SF,0.5PPR,1.04,HOU,28,"5'10""",222
QB1,Kyler Murray,2019,SF,0.5PPR,1.05,ARI,28,"5'10""",207
WR2,DK Metcalf,2019,SF,0.5PPR,1.06,PIT,28,"6'3""",228
WR3,AJ Brown,2019,SF,0.5PPR,1.07,PHI,28,"6'0""",226
TE1,TJ Hockenson,2019,SF,0.5PPR,1.08,MIN,28,"6'5""",251
WR4,Parris Campbell,2019,SF,0.5PPR,1.09,FA,28,"6'0""",205
TE2,Noah Fant,2019,SF,0.5PPR,1.1,CIN,28,"6'4""",249
RB4,Darrell Henderson,2019,SF,0.5PPR,1.11,FA,28,"5'8""",208
QB2,Dwayne Haskins,2019,SF,0.5PPR,1.12,FA,28,"6'3""",231
WR5,Deebo Samuel,2019,SF,0.5PPR,2.01,WAS,30,"5'11""",214
WR6,Mecole Hardman,2019,SF,0.5PPR,2.02,BUF,27,"5'10""",187
WR7,Marquise Brown,2019,SF,0.5PPR,2.03,KC,28,"5'9""",166
WR8,JJ Arcega-Whiteside,2019,SF,0.5PPR,2.04,FA,29,"6'2""",225
WR9,Andy Isabella,2019,SF,0.5PPR,2.05,FA,29,"5'9""",188
RB5,Damien Harris,2019,SF,0.5PPR,2.06,FA,29,"5'10""",216
RB6,Devin Singletary,2019,SF,0.5PPR,2.07,NYG,28,"5'7""",203
TE3,Irv Smith Jr,2019,SF,0.5PPR,2.08,FA,27,"6'2""",242
WR10,Hakeem Butler,2019,SF,0.5PPR,2.09,FA,29,"6'5""",227
QB3,Daniel Jones,2019,SF,0.5PPR,2.1,IND,28,"6'5""",221
RB7,Justice Hill,2019,SF,0.5PPR,2.11,BAL,28,"5'10""",198
RB8,Alexander Mattison,2019,SF,0.5PPR,2.12,MIA,27,"5'11""",221
WR11,Diontae Johnson,2019,SF,0.5PPR,3.01,FA,29,"5'10""",183
TE4,Jace Sternberger,2019,SF,0.5PPR,3.02,FA,29,"6'4""",251
QB4,Drew Lock,2019,SF,0.5PPR,3.03,SEA,29,"6'4""",228
RB9,Darwin Thompson,2019,SF,0.5PPR,3.04,TB,29,"5'9""",195
RB10,Benny Snell,2019,SF,0.5PPR,3.05,FA,28,"5'10""",224
WR12,Miles Boykin,2019,SF,0.5PPR,3.06,FA,29,"6'4""",220
RB11,Bryce Love,2019,SF,0.5PPR,3.07,WAS,28,"5'9""",200
WR13,Terry McLaurin,2019,SF,0.5PPR,3.08,WAS,30,"6'0""",208
WR14,Kelvin Harmon,2019,SF,0.5PPR,3.09,FA,29,"6'2""",221
WR15,Jalen Hurd,2019,SF,0.5PPR,3.1,SF,30,"6'5""",226
RB12,Ryquell Armstead,2019,SF,0.5PPR,3.11,FA,29,"5'11""",220
RB13,Dexter Williams,2019,SF,0.5PPR,3.12,FA,29,"5'11""",212
TE5,Josh Oliver,2019,SF,0.5PPR,4.01,MIN,28,"6'5""",249
RB14,Rodney Anderson,2019,SF,0.5PPR,4.02,FA,29,"6'0""",224
QB5,Will Grier,2019,SF,0.5PPR,4.03,FA,30,"6'2""",217
WR16,Emanuel Hall,2019,SF,0.5PPR,4.04,FA,28,"6'1""",201
WR17,Lil'Jordan Humphrey,2019,SF,0.5PPR,4.05,DEN,27,"6'4""",210
RB15,Trayveon Williams,2019,SF,0.5PPR,4.06,CLE,28,"5'8""",206
WR18,Riley Ridley,2019,SF,0.5PPR,4.07,FA,28,"6'1""",199
RB16,Devine Ozigbo,2019,SF,0.5PPR,4.08,FA,29,"5'11""",222
RB17,Myles Gaskin,2019,SF,0.5PPR,4.09,FA,29,"5'9""",205
QB6,Jarrett Stidham,2019,SF,0.5PPR,4.1,DEN,29,"6'2""",218
TE6,Kahale Warring,2019,SF,0.5PPR,4.11,FA,28,"6'5""",252
QB7,Ryan Finley,2019,SF,0.5PPR,4.12,FA,31,"6'4""",213
WR19,Hunter Renfrow,2019,SF,0.5PPR,5.01,FA,30,"5'10""",184
RB18,Jordan Scarlett,2019,SF,0.5PPR,5.02,FA,30,"5'11""",208
TE7,Caleb Wilson,2019,SF,0.5PPR,5.03,FA,-,"6'4""",240
TE8,Dawson Knox,2019,SF,0.5PPR,5.04,BUF,29,"6'4""",254
WR20,Preston Williams,2019,SF,0.5PPR,5.05,FA,28,"6'4""",211
WR21,Gary Jennings,2019,SF,0.5PPR,5.06,FA,28,"6'1""",214
TE9,Tyree Jackson,2019,SF,0.5PPR,5.07,FA,28,"6'7""",249
RB19,Bruce Anderson,2019,SF,0.5PPR,5.08,FA,28,"5'11""",210
RB20,Elijah Holyfield,2019,SF,0.5PPR,5.09,FA,28,"5'10""",217
RB21,Qadree Ollison,2019,SF,0.5PPR,5.1,FA,29,"6'1""",228
TE10,Drew Sample,2019,SF,0.5PPR,5.11,CIN,29,"6'5""",255
WR22,Darius Slayton,2019,SF,0.5PPR,5.12,NYG,29,"6'1""",190
RB1,SaquonBarkley,2018,1QB,PPR,1.01,PHI,29,"6'0""",233
RB2,Derrius Guice,2018,1QB,PPR,1.02,FA,28,"5'10""",224
RB3,Rashaad Penny,2018,1QB,PPR,1.03,FA,30,"5'11""",220
RB4,Sony Michel,2018,1QB,PPR,1.04,FA,31,"5'11""",214
RB5,Nick Chubb,2018,1QB,PPR,1.05,HOU,30,"5'11""",227
RB6,Ronald Jones,2018,1QB,PPR,1.06,FA,28,"5'11""",205
RB7,Royce Freeman,2018,1QB,PPR,1.07,FA,30,"5'11""",229
WR1,DJ Moore,2018,1QB,PPR,1.08,CHI,28,"6'0""",210
RB8,Kerryon Johnson,2018,1QB,PPR,1.09,FA,28,"5'11""",213
WR2,Calvin Ridley,2018,1QB,PPR,1.1,TEN,31,"6'0""",189
WR3,Christian Kirk,2018,1QB,PPR,1.11,HOU,29,"5'10""",201
WR4,Courtland Sutton,2018,1QB,PPR,1.12,DEN,30,"6'3""",218
WR5,Michael Gallup,2018,1QB,PPR,2.01,FA,30,"6'1""",205
WR6,Anthony Miller,2018,1QB,PPR,2.02,FA,31,"5'11""",201
TE1,Mike Gesicki,2018,1QB,PPR,2.03,CIN,30,"6'5""",247
WR7,James Washington,2018,1QB,PPR,2.04,FA,29,"5'11""",213
RB9,Nyheim Hines,2018,1QB,PPR,2.05,LAC,29,"5'8""",198
QB1,Lamar Jackson,2018,1QB,PPR,2.06,BAL,29,"6'2""",216
RB10,Kalen Ballage,2018,1QB,PPR,2.07,FA,30,"6'1""",228
QB2,Baker Mayfield,2018,1QB,PPR,2.08,TB,30,"6'1""",215
WR8,Dante Pettis,2018,1QB,PPR,2.09,NO,30,"6'0""",186
TE2,Hayden Hurst,2018,1QB,PPR,2.1,FA,32,"6'4""",250
WR9,Brandon Zylstra,2018,1QB,PPR,2.11,FA,32,"6'2""",215
QB3,Josh Rosen,2018,1QB,PPR,2.12,FA,29,"6'4""",226
TE3,Dallas Goedert,2018,1QB,PPR,3.01,PHI,31,"6'5""",256
WR10,Tre'Quan Smith,2018,1QB,PPR,3.02,FA,30,"6'2""",203
WR11,DJ Chark,2018,1QB,PPR,3.03,FA,29,"6'3""",199
QB4,Sam Darnold,2018,1QB,PPR,3.04,SEA,28,"6'3""",221
WR12,Antonio Callaway,2018,1QB,PPR,3.05,KC,29,"5'11""",200
RB11,Jordan Wilkins,2018,1QB,PPR,3.06,FA,31,"6'1""",216
WR13,Equanimeous St. Brown,2018,1QB,PPR,3.07,FA,29,"6'5""",214
WR14,Keke Coutee,2018,1QB,PPR,3.08,FA,29,"5'10""",181
QB5,Josh Allen,2018,1QB,PPR,3.09,BUF,29,"6'5""",237
WR15,J'Mon Moore,2018,1QB,PPR,3.1,FA,30,"6'3""",207
WR16,DaeSean Hamilton,2018,1QB,PPR,3.11,HOU,30,"6'1""",203
RB12,John Kelly,2018,1QB,PPR,3.12,CLE,29,"5'10""",216
WR17,Deon Cain,2018,1QB,PPR,4.01,FA,29,"6'2""",202
RB13,Chase Edmonds,2018,1QB,PPR,4.02,WAS,29,"5'9""",205
RB14,Jaylen Samuels,2018,1QB,PPR,4.03,ARI,29,"5'11""",225
TE4,Mark Andrews,2018,1QB,PPR,4.04,BAL,30,"6'5""",256
QB6,Luke Falk,2018,1QB,PPR,4.05,FA,31,"6'4""",215
RB15,Justin Jackson,2018,1QB,PPR,4.06,DET,29,"6'0""",199
RB16,Mark Walton,2018,1QB,PPR,4.07,FA,28,"5'10""",202
RB17,Ito Smith,2018,1QB,PPR,4.08,ATL,30,"5'9""",198
RB18,Bo Scarbrough,2018,1QB,PPR,4.09,DET,29,"6'1""",228
QB7,Mason Rudolph,2018,1QB,PPR,4.1,PIT,30,"6'5""",235
WR18,Austin Proehl,2018,1QB,PPR,4.11,FA,-,"5'11""",175
TE5,Ian Thomas,2018,1QB,PPR,4.12,LV,29,"6'4""",259
WR19,Marcell Ateman,2018,1QB,PPR,5.01,FA,31,"6'4""",216
WR20,Justin Watson,2018,1QB,PPR,5.02,HOU,29,"6'2""",215
WR21,Braxton Berrios,2018,1QB,PPR,5.03,HOU,30,"5'9""",184
RB19,Josh Adams,2018,1QB,PPR,5.04,FA,29,"6'2""",220
QB8,Danny Etling,2018,1QB,PPR,5.05,FA,31,"6'2""",222
WR22,Damion Ratley,2018,1QB,PPR,5.06,FA,30,"6'1""",193
TE6,Dalton Schultz,2018,1QB,PPR,5.07,HOU,29,"6'5""",244
WR23,Daurice Fountain,2018,1QB,PPR,5.08,FA,30,"6'2""",210
QB9,Kyle Lauletta,2018,1QB,PPR,5.09,CLE,30,"6'3""",222
WR24,Auden Tate,2018,1QB,PPR,5.1,ARI,29,"6'5""",228
RB20,David Williams,2018,1QB,PPR,5.11,JAC,31,"6'0""",224
RB21,Akrum Wadley,2018,1QB,PPR,5.12,FA,30,"5'10""",194
RB1,SaquonBarkley,2018,1QB,0.5PPR,1.01,PHI,29,"6'0""",233
RB2,Derrius Guice,2018,1QB,0.5PPR,1.02,FA,28,"5'10""",224
RB3,Sony Michel,2018,1QB,0.5PPR,1.03,FA,31,"5'11""",214
RB4,Rashaad Penny,2018,1QB,0.5PPR,1.04,FA,30,"5'11""",220
RB5,Nick Chubb,2018,1QB,0.5PPR,1.05,HOU,30,"5'11""",227
RB6,Ronald Jones,2018,1QB,0.5PPR,1.06,FA,28,"5'11""",205
RB7,Royce Freeman,2018,1QB,0.5PPR,1.07,FA,30,"5'11""",229
WR1,Calvin Ridley,2018,1QB,0.5PPR,1.08,TEN,31,"6'0""",189
WR2,DJ Moore,2018,1QB,0.5PPR,1.09,CHI,28,"6'0""",210
RB8,Kerryon Johnson,2018,1QB,0.5PPR,1.1,FA,28,"5'11""",213
WR3,Courtland Sutton,2018,1QB,0.5PPR,1.11,DEN,30,"6'3""",218
WR4,Christian Kirk,2018,1QB,0.5PPR,1.12,HOU,29,"5'10""",201
WR5,Michael Gallup,2018,1QB,0.5PPR,2.01,FA,30,"6'1""",205
WR6,Anthony Miller,2018,1QB,0.5PPR,2.02,FA,31,"5'11""",201
TE1,Mike Gesicki,2018,1QB,0.5PPR,2.03,CIN,30,"6'5""",247
WR7,James Washington,2018,1QB,0.5PPR,2.04,FA,29,"5'11""",213
QB1,Baker Mayfield,2018,1QB,0.5PPR,2.05,TB,30,"6'1""",215
QB2,Josh Rosen,2018,1QB,0.5PPR,2.06,FA,29,"6'4""",226
WR8,Dante Pettis,2018,1QB,0.5PPR,2.07,NO,30,"6'0""",186
QB3,Lamar Jackson,2018,1QB,0.5PPR,2.08,BAL,29,"6'2""",216
RB9,Nyheim Hines,2018,1QB,0.5PPR,2.09,LAC,29,"5'8""",198
RB10,Kalen Ballage,2018,1QB,0.5PPR,2.1,FA,30,"6'1""",228
QB4,Sam Darnold,2018,1QB,0.5PPR,2.11,SEA,28,"6'3""",221
WR9,Tre'Quan Smith,2018,1QB,0.5PPR,2.12,FA,30,"6'2""",203
TE2,Dallas Goedert,2018,1QB,0.5PPR,3.01,PHI,31,"6'5""",256
WR10,DJ Chark,2018,1QB,0.5PPR,3.02,FA,29,"6'3""",199
TE3,Hayden Hurst,2018,1QB,0.5PPR,3.03,FA,32,"6'4""",250
WR11,Antonio Callaway,2018,1QB,0.5PPR,3.04,KC,29,"5'11""",200
QB5,Josh Allen,2018,1QB,0.5PPR,3.05,BUF,29,"6'5""",237
WR12,Equanimeous St. Brown,2018,1QB,0.5PPR,3.06,FA,29,"6'5""",214
RB11,Jordan Wilkins,2018,1QB,0.5PPR,3.07,FA,31,"6'1""",216
WR13,J'Mon Moore,2018,1QB,0.5PPR,3.08,FA,30,"6'3""",207
RB12,John Kelly,2018,1QB,0.5PPR,3.09,CLE,29,"5'10""",216
WR14,Keke Coutee,2018,1QB,0.5PPR,3.1,FA,29,"5'10""",181
RB13,Mark Walton,2018,1QB,0.5PPR,3.11,FA,28,"5'10""",202
RB14,Chase Edmonds,2018,1QB,0.5PPR,3.12,WAS,29,"5'9""",205
WR15,Trey Quinn,2018,1QB,0.5PPR,4.01,FA,30,"5'11""",203
WR16,Deon Cain,2018,1QB,0.5PPR,4.02,FA,29,"6'2""",202
RB15,Ito Smith,2018,1QB,0.5PPR,4.03,ATL,30,"5'9""",198
QB6,Mason Rudolph,2018,1QB,0.5PPR,4.04,PIT,30,"6'5""",235
WR17,DaeSean Hamilton,2018,1QB,0.5PPR,4.05,HOU,30,"6'1""",203
RB16,Bo Scarbrough,2018,1QB,0.5PPR,4.06,DET,29,"6'1""",228
RB17,Justin Jackson,2018,1QB,0.5PPR,4.07,DET,29,"6'0""",199
TE4,Mark Andrews,2018,1QB,0.5PPR,4.08,BAL,30,"6'5""",256
WR18,Braxton Berrios,2018,1QB,0.5PPR,4.09,HOU,30,"5'9""",184
TE5,Ian Thomas,2018,1QB,0.5PPR,4.1,LV,29,"6'4""",259
RB18,Jaylen Samuels,2018,1QB,0.5PPR,4.11,ARI,29,"5'11""",225
RB19,Trenton Cannon,2018,1QB,0.5PPR,4.12,FA,-,"5'10""",182
TE6,Dalton Schultz,2018,1QB,0.5PPR,5.01,HOU,29,"6'5""",244
WR19,Richie James,2018,1QB,0.5PPR,5.02,KC,30,"5'10""",183
WR20,Justin Watson,2018,1QB,0.5PPR,5.03,HOU,29,"6'2""",215
RB20,Akrum Wadley,2018,1QB,0.5PPR,5.04,FA,30,"5'10""",194
WR21,Jordan Lasley,2018,1QB,0.5PPR,5.05,FA,29,"6'1""",203
QB7,Kyle Lauletta,2018,1QB,0.5PPR,5.06,CLE,30,"6'3""",222
RB21,Josh Adams,2018,1QB,0.5PPR,5.07,FA,29,"6'2""",220
WR22,Auden Tate,2018,1QB,0.5PPR,5.08,ARI,29,"6'5""",228
RB22,Jarvion Franklin,2018,1QB,0.5PPR,5.09,FA,30,"5'11""",230
TE7,Troy Fumagalli,2018,1QB,0.5PPR,5.1,SF,31,"6'5""",247
RB23,Boston Scott,2018,1QB,0.5PPR,5.11,PIT,30,"5'7""",195
TE8,Chris Herndon,2018,1QB,0.5PPR,5.12,FA,30,"6'4""",253
RB1,SaquonBarkley,2018,SF,PPR,1.01,PHI,29,"6'0""",233
RB2,Derrius Guice,2018,SF,PPR,1.02,FA,28,"5'10""",224
RB3,Rashaad Penny,2018,SF,PPR,1.03,FA,30,"5'11""",220
RB4,Sony Michel,2018,SF,PPR,1.04,FA,31,"5'11""",214
RB5,Nick Chubb,2018,SF,PPR,1.05,HOU,30,"5'11""",227
QB1,Baker Mayfield,2018,SF,PPR,1.06,TB,30,"6'1""",215
RB6,Ronald Jones,2018,SF,PPR,1.07,FA,28,"5'11""",205
RB7,Royce Freeman,2018,SF,PPR,1.08,FA,30,"5'11""",229
QB2,Josh Rosen,2018,SF,PPR,1.09,FA,29,"6'4""",226
WR1,DJ Moore,2018,SF,PPR,1.1,CHI,28,"6'0""",210
RB8,Kerryon Johnson,2018,SF,PPR,1.11,FA,28,"5'11""",213
QB3,Lamar Jackson,2018,SF,PPR,1.12,BAL,29,"6'2""",216
WR2,Calvin Ridley,2018,SF,PPR,2.01,TEN,31,"6'0""",189
WR3,Christian Kirk,2018,SF,PPR,2.02,HOU,29,"5'10""",201
QB4,Sam Darnold,2018,SF,PPR,2.03,SEA,28,"6'3""",221
WR4,Courtland Sutton,2018,SF,PPR,2.04,DEN,30,"6'3""",218
WR5,Michael Gallup,2018,SF,PPR,2.05,FA,30,"6'1""",205
WR6,Anthony Miller,2018,SF,PPR,2.06,FA,31,"5'11""",201
TE1,Mike Gesicki,2018,SF,PPR,2.07,CIN,30,"6'5""",247
WR7,James Washington,2018,SF,PPR,2.08,FA,29,"5'11""",213
QB5,Josh Allen,2018,SF,PPR,2.09,BUF,29,"6'5""",237
RB9,Kalen Ballage,2018,SF,PPR,2.1,FA,30,"6'1""",228
WR8,Dante Pettis,2018,SF,PPR,2.11,NO,30,"6'0""",186
RB10,Nyheim Hines,2018,SF,PPR,2.12,LAC,29,"5'8""",198
TE2,Dallas Goedert,2018,SF,PPR,3.01,PHI,31,"6'5""",256
WR9,Tre'Quan Smith,2018,SF,PPR,3.02,FA,30,"6'2""",203
WR10,DJ Chark,2018,SF,PPR,3.03,FA,29,"6'3""",199
TE3,Hayden Hurst,2018,SF,PPR,3.04,FA,32,"6'4""",250
QB6,Mason Rudolph,2018,SF,PPR,3.05,PIT,30,"6'5""",235
WR11,Antonio Callaway,2018,SF,PPR,3.06,KC,29,"5'11""",200
WR12,Deon Cain,2018,SF,PPR,3.07,FA,29,"6'2""",202
RB11,John Kelly,2018,SF,PPR,3.08,CLE,29,"5'10""",216
RB12,Jordan Wilkins,2018,SF,PPR,3.09,FA,31,"6'1""",216
WR13,Equanimeous St. Brown,2018,SF,PPR,3.1,FA,29,"6'5""",214
WR14,DaeSean Hamilton,2018,SF,PPR,3.11,HOU,30,"6'1""",203
TE4,Mark Andrews,2018,SF,PPR,3.12,BAL,30,"6'5""",256
WR15,J'Mon Moore,2018,SF,PPR,4.01,FA,30,"6'3""",207
WR16,Keke Coutee,2018,SF,PPR,4.02,FA,29,"5'10""",181
RB13,Bo Scarbrough,2018,SF,PPR,4.03,DET,29,"6'1""",228
RB14,Ito Smith,2018,SF,PPR,4.04,ATL,30,"5'9""",198
RB15,Justin Jackson,2018,SF,PPR,4.05,DET,29,"6'0""",199
RB16,Chase Edmonds,2018,SF,PPR,4.06,WAS,29,"5'9""",205
RB17,Mark Walton,2018,SF,PPR,4.07,FA,28,"5'10""",202
QB7,Kyle Lauletta,2018,SF,PPR,4.08,CLE,30,"6'3""",222
RB18,Jaylen Samuels,2018,SF,PPR,4.09,ARI,29,"5'11""",225
WR17,Russell Gage,2018,SF,PPR,4.1,FA,30,"6'0""",179
WR18,Damion Ratley,2018,SF,PPR,4.11,FA,30,"6'1""",193
TE5,Ian Thomas,2018,SF,PPR,4.12,LV,29,"6'4""",259
RB19,Roc Thomas,2018,SF,PPR,5.01,MIN,30,"5'10""",198
TE6,Dalton Schultz,2018,SF,PPR,5.02,HOU,29,"6'5""",244
RB20,Boston Scott,2018,SF,PPR,5.03,PIT,30,"5'7""",195
WR19,Marcell Ateman,2018,SF,PPR,5.04,FA,31,"6'4""",216
WR20,Jordan Lasley,2018,SF,PPR,5.05,FA,29,"6'1""",203
QB8,Luke Falk,2018,SF,PPR,5.06,FA,31,"6'4""",215
RB21,Josh Adams,2018,SF,PPR,5.07,FA,29,"6'2""",220
WR21,Simmie Cobbs,2018,SF,PPR,5.08,WAS,30,"6'3""",220
WR22,Justin Watson,2018,SF,PPR,5.09,HOU,29,"6'2""",215
QB9,Danny Etling,2018,SF,PPR,5.1,FA,31,"6'2""",222
RB22,Ryan Nall,2018,SF,PPR,5.11,DAL,30,"6'2""",235
WR23,Richie James,2018,SF,PPR,5.12,KC,30,"5'10""",183
RB1,SaquonBarkley,2018,SF,0.5PPR,1.01,PHI,29,"6'0""",233
RB2,Derrius Guice,2018,SF,0.5PPR,1.02,FA,28,"5'10""",224
RB3,Nick Chubb,2018,SF,0.5PPR,1.03,HOU,30,"5'11""",227
RB4,Ronald Jones,2018,SF,0.5PPR,1.04,FA,28,"5'11""",205
RB5,Rashaad Penny,2018,SF,0.5PPR,1.05,FA,30,"5'11""",220
RB6,Sony Michel,2018,SF,0.5PPR,1.06,FA,31,"5'11""",214
QB1,Josh Rosen,2018,SF,0.5PPR,1.07,FA,29,"6'4""",226
RB7,Kerryon Johnson,2018,SF,0.5PPR,1.08,FA,28,"5'11""",213
RB8,Royce Freeman,2018,SF,0.5PPR,1.09,FA,30,"5'11""",229
WR1,Calvin Ridley,2018,SF,0.5PPR,1.1,TEN,31,"6'0""",189
WR2,DJ Moore,2018,SF,0.5PPR,1.11,CHI,28,"6'0""",210
QB2,Baker Mayfield,2018,SF,0.5PPR,1.12,TB,30,"6'1""",215
QB3,Lamar Jackson,2018,SF,0.5PPR,2.01,BAL,29,"6'2""",216
WR3,Courtland Sutton,2018,SF,0.5PPR,2.02,DEN,30,"6'3""",218
WR4,Christian Kirk,2018,SF,0.5PPR,2.03,HOU,29,"5'10""",201
TE1,Mike Gesicki,2018,SF,0.5PPR,2.04,CIN,30,"6'5""",247
QB4,Sam Darnold,2018,SF,0.5PPR,2.05,SEA,28,"6'3""",221
WR5,Michael Gallup,2018,SF,0.5PPR,2.06,FA,30,"6'1""",205
RB9,Kalen Ballage,2018,SF,0.5PPR,2.07,FA,30,"6'1""",228
WR6,Anthony Miller,2018,SF,0.5PPR,2.08,FA,31,"5'11""",201
RB10,Nyheim Hines,2018,SF,0.5PPR,2.09,LAC,29,"5'8""",198
WR7,James Washington,2018,SF,0.5PPR,2.1,FA,29,"5'11""",213
WR8,Dante Pettis,2018,SF,0.5PPR,2.11,NO,30,"6'0""",186
QB5,Josh Allen,2018,SF,0.5PPR,2.12,BUF,29,"6'5""",237
TE2,Dallas Goedert,2018,SF,0.5PPR,3.01,PHI,31,"6'5""",256
TE3,Hayden Hurst,2018,SF,0.5PPR,3.02,FA,32,"6'4""",250
WR9,Tre'Quan Smith,2018,SF,0.5PPR,3.03,FA,30,"6'2""",203
WR10,DJ Chark,2018,SF,0.5PPR,3.04,FA,29,"6'3""",199
WR11,Antonio Callaway,2018,SF,0.5PPR,3.05,KC,29,"5'11""",200
RB11,Chase Edmonds,2018,SF,0.5PPR,3.06,WAS,29,"5'9""",205
WR12,DaeSean Hamilton,2018,SF,0.5PPR,3.07,HOU,30,"6'1""",203
WR13,Keke Coutee,2018,SF,0.5PPR,3.08,FA,29,"5'10""",181
WR14,Deon Cain,2018,SF,0.5PPR,3.09,FA,29,"6'2""",202
WR15,J'Mon Moore,2018,SF,0.5PPR,3.1,FA,30,"6'3""",207
WR16,Equanimeous St. Brown,2018,SF,0.5PPR,3.11,FA,29,"6'5""",214
RB12,Ito Smith,2018,SF,0.5PPR,3.12,ATL,30,"5'9""",198
RB13,Jordan Wilkins,2018,SF,0.5PPR,4.01,FA,31,"6'1""",216
RB14,Mark Walton,2018,SF,0.5PPR,4.02,FA,28,"5'10""",202
TE4,Mark Andrews,2018,SF,0.5PPR,4.03,BAL,30,"6'5""",256
RB15,Justin Jackson,2018,SF,0.5PPR,4.04,DET,29,"6'0""",199
WR17,Jordan Lasley,2018,SF,0.5PPR,4.05,FA,29,"6'1""",203
QB6,Mason Rudolph,2018,SF,0.5PPR,4.06,PIT,30,"6'5""",235
TE5,Dalton Schultz,2018,SF,0.5PPR,4.07,HOU,29,"6'5""",244
TE6,Ian Thomas,2018,SF,0.5PPR,4.08,LV,29,"6'4""",259
RB16,Jaylen Samuels,2018,SF,0.5PPR,4.09,ARI,29,"5'11""",225
RB17,Bo Scarbrough,2018,SF,0.5PPR,4.1,DET,29,"6'1""",228
RB18,John Kelly,2018,SF,0.5PPR,4.11,CLE,29,"5'10""",216
WR18,Daurice Fountain,2018,SF,0.5PPR,4.12,FA,30,"6'2""",210
WR19,Justin Watson,2018,SF,0.5PPR,5.01,HOU,29,"6'2""",215
QB7,Danny Etling,2018,SF,0.5PPR,5.02,FA,31,"6'2""",222
TE7,Jordan Akins,2018,SF,0.5PPR,5.03,FA,33,"6'3""",249
WR20,Braxton Berrios,2018,SF,0.5PPR,5.04,HOU,30,"5'9""",184
WR21,Richie James,2018,SF,0.5PPR,5.05,KC,30,"5'10""",183
WR22,Trey Quinn,2018,SF,0.5PPR,5.06,FA,30,"5'11""",203
QB8,Kyle Lauletta,2018,SF,0.5PPR,5.07,CLE,30,"6'3""",222
WR23,Auden Tate,2018,SF,0.5PPR,5.08,ARI,29,"6'5""",228
RB19,Boston Scott,2018,SF,0.5PPR,5.09,PIT,30,"5'7""",195
TE8,Troy Fumagalli,2018,SF,0.5PPR,5.1,SF,31,"6'5""",247
WR24,Marquez Valdes-Scantling,2018,SF,0.5PPR,5.11,PIT,31,"6'4""",206
RB20,Chris Warren,2018,SF,0.5PPR,5.12,LV,29,"6'2""",247
RB1,LeonardFournette,2017,1QB,PPR,1.01,FA,31,"6'0""",228
WR1,Corey Davis,2017,1QB,PPR,1.02,FA,31,"6'3""",209
RB2,Joe Mixon,2017,1QB,PPR,1.03,HOU,29,"6'1""",226
RB3,Christian McCaffrey,2017,1QB,PPR,1.04,SF,29,"5'11""",202
RB4,Dalvin Cook,2017,1QB,PPR,1.05,DAL,30,"5'10""",210
WR2,Mike Williams,2017,1QB,PPR,1.06,FA,31,"6'4""",218
TE1,OJ Howard,2017,1QB,PPR,1.07,FA,31,"6'6""",251
RB5,Samaje Perine,2017,1QB,PPR,1.08,CIN,30,"5'11""",233
RB6,Kareem Hunt,2017,1QB,PPR,1.09,KC,30,"5'11""",216
RB7,Alvin Kamara,2017,1QB,PPR,1.1,NO,30,"5'10""",214
WR3,John Ross,2017,1QB,PPR,1.11,FA,30,"5'11""",188
TE2,David Njoku,2017,1QB,PPR,1.12,FA,29,"6'4""",246
TE3,Evan Engram,2017,1QB,PPR,2.01,DEN,31,"6'3""",234
WR4,Zay Jones,2017,1QB,PPR,2.02,ARI,30,"6'2""",201
WR5,JuJu Smith-Schuster,2017,1QB,PPR,2.03,KC,29,"6'1""",215
RB8,D'Onta Foreman,2017,1QB,PPR,2.04,FA,29,"6'1""",249
RB9,Joe Williams,2017,1QB,PPR,2.05,FA,32,"5'11""",205
RB10,Marlon Mack,2017,1QB,PPR,2.06,ARI,29,"5'11""",213
WR6,Curtis Samuel,2017,1QB,PPR,2.07,BUF,29,"5'11""",196
RB11,Jamaal Williams,2017,1QB,PPR,2.08,FA,30,"6'0""",212
WR7,Chris Godwin,2017,1QB,PPR,2.09,TB,30,"6'1""",209
QB1,Deshaun Watson,2017,1QB,PPR,2.1,CLE,30,"6'2""",221
RB12,James Conner,2017,1QB,PPR,2.11,ARI,30,"6'1""",233
WR8,Cooper Kupp,2017,1QB,PPR,2.12,SEA,32,"6'2""",198
RB13,Jeremy McNichols,2017,1QB,PPR,3.01,WAS,30,"5'9""",214
QB2,Cooper Rush,2017,1QB,PPR,3.02,BAL,32,"6'2""",216
WR9,Carlos Henderson,2017,1QB,PPR,3.03,FA,31,"5'11""",199
WR10,Kenny Golladay,2017,1QB,PPR,3.04,FA,32,"6'4""",213
QB3,Patrick Mahomes,2017,1QB,PPR,3.05,KC,30,"6'3""",230
TE4,Gerald Everett,2017,1QB,PPR,3.06,FA,31,"6'3""",239
RB14,Chris Carson,2017,1QB,PPR,3.07,FA,31,"6'0""",218
RB15,Wayne Gallman,2017,1QB,PPR,3.08,FA,31,"6'0""",215
TE5,Adam Shaheen,2017,1QB,PPR,3.09,FA,32,"6'6""",277
WR11,ArDarius Stewart,2017,1QB,PPR,3.1,FA,32,"5'11""",204
WR12,Taywan Taylor,2017,1QB,PPR,3.11,CLE,31,"5'11""",198
WR13,Chad Williams,2017,1QB,PPR,3.12,FA,31,"6'2""",193
QB4,Mitchell Trubisky,2017,1QB,PPR,4.01,BUF,31,"6'3""",220
RB16,Aaron Jones,2017,1QB,PPR,4.02,MIN,31,"5'9""",206
WR14,Josh Reynolds,2017,1QB,PPR,4.03,NYJ,31,"6'3""",197
TE6,Jake Butt,2017,1QB,PPR,4.04,FA,30,"6'6""",250
RB17,Donnel Pumphrey,2017,1QB,PPR,4.05,FA,31,"5'8""",176
QB5,DeShone Kizer,2017,1QB,PPR,4.06,FA,30,"6'4""",233
TE7,George Kittle,2017,1QB,PPR,4.07,SF,32,"6'4""",247
RB18,Elijah Hood,2017,1QB,PPR,4.08,FA,29,"6'0""",220
WR15,Dede Westbrook,2017,1QB,PPR,4.09,FA,32,"6'0""",178
WR16,Robbie Chosen,2017,1QB,PPR,4.1,FA,32,"6'3""",190
WR17,Ryan Switzer,2017,1QB,PPR,4.11,FA,31,"5'9""",181
TE8,Jonnu Smith,2017,1QB,PPR,4.12,PIT,30,"6'3""",248
RB19,Matt Breida,2017,1QB,PPR,5.01,FA,31,"5'10""",190
WR18,Shelton Gibson,2017,1QB,PPR,5.02,PHI,30,"6'0""",198
WR19,Malachi Dupre,2017,1QB,PPR,5.03,FA,30,"6'3""",196
WR20,Gabe Marks,2017,1QB,PPR,5.04,FA,-,-,-
WR21,Ishmael Zamora,2017,1QB,PPR,5.05,FA,30,"6'4""",220
TE9,Bucky Hodges,2017,1QB,PPR,5.06,FA,30,"6'6""",257
RB20,Elijah McGuire,2017,1QB,PPR,5.07,KC,31,"5'10""",214
WR22,Trent Taylor,2017,1QB,PPR,5.08,FA,31,"5'8""",179
WR23,Austin Carr,2017,1QB,PPR,5.09,NO,32,"6'0""",202
WR24,Robert Davis,2017,1QB,PPR,5.1,FA,30,"6'3""",220
RB21,Corey Clement,2017,1QB,PPR,5.11,FA,31,"5'10""",220
WR25,Mack Hollins,2017,1QB,PPR,5.12,NE,32,"6'4""",221
RB1,LeonardFournette,2017,1QB,0.5PPR,1.01,FA,31,"6'0""",228
RB2,Christian McCaffrey,2017,1QB,0.5PPR,1.02,SF,29,"5'11""",202
WR1,Corey Davis,2017,1QB,0.5PPR,1.03,FA,31,"6'3""",209
RB3,Joe Mixon,2017,1QB,0.5PPR,1.04,HOU,29,"6'1""",226
RB4,Dalvin Cook,2017,1QB,0.5PPR,1.05,DAL,30,"5'10""",210
WR2,Mike Williams,2017,1QB,0.5PPR,1.06,FA,31,"6'4""",218
TE1,OJ Howard,2017,1QB,0.5PPR,1.07,FA,31,"6'6""",251
RB5,Samaje Perine,2017,1QB,0.5PPR,1.08,CIN,30,"5'11""",233
RB6,Kareem Hunt,2017,1QB,0.5PPR,1.09,KC,30,"5'11""",216
WR3,John Ross,2017,1QB,0.5PPR,1.1,FA,30,"5'11""",188
RB7,Alvin Kamara,2017,1QB,0.5PPR,1.11,NO,30,"5'10""",214
TE2,David Njoku,2017,1QB,0.5PPR,1.12,FA,29,"6'4""",246
TE3,Evan Engram,2017,1QB,0.5PPR,2.01,DEN,31,"6'3""",234
WR4,Zay Jones,2017,1QB,0.5PPR,2.02,ARI,30,"6'2""",201
RB8,D'Onta Foreman,2017,1QB,0.5PPR,2.03,FA,29,"6'1""",249
WR5,JuJu Smith-Schuster,2017,1QB,0.5PPR,2.04,KC,29,"6'1""",215
WR6,Curtis Samuel,2017,1QB,0.5PPR,2.05,BUF,29,"5'11""",196
RB9,Joe Williams,2017,1QB,0.5PPR,2.06,FA,32,"5'11""",205
QB1,Deshaun Watson,2017,1QB,0.5PPR,2.07,CLE,30,"6'2""",221
RB10,Marlon Mack,2017,1QB,0.5PPR,2.08,ARI,29,"5'11""",213
RB11,Jamaal Williams,2017,1QB,0.5PPR,2.09,FA,30,"6'0""",212
WR7,Chris Godwin,2017,1QB,0.5PPR,2.1,TB,30,"6'1""",209
QB2,Patrick Mahomes,2017,1QB,0.5PPR,2.11,KC,30,"6'3""",230
WR8,Cooper Kupp,2017,1QB,0.5PPR,2.12,SEA,32,"6'2""",198
RB12,James Conner,2017,1QB,0.5PPR,3.01,ARI,30,"6'1""",233
WR9,Carlos Henderson,2017,1QB,0.5PPR,3.02,FA,31,"5'11""",199
RB13,Jeremy McNichols,2017,1QB,0.5PPR,3.03,WAS,30,"5'9""",214
RB14,Wayne Gallman,2017,1QB,0.5PPR,3.04,FA,31,"6'0""",215
WR10,Taywan Taylor,2017,1QB,0.5PPR,3.05,CLE,31,"5'11""",198
QB3,Mitchell Trubisky,2017,1QB,0.5PPR,3.06,BUF,31,"6'3""",220
TE4,Gerald Everett,2017,1QB,0.5PPR,3.07,FA,31,"6'3""",239
WR11,Kenny Golladay,2017,1QB,0.5PPR,3.08,FA,32,"6'4""",213
TE5,Adam Shaheen,2017,1QB,0.5PPR,3.09,FA,32,"6'6""",277
WR12,ArDarius Stewart,2017,1QB,0.5PPR,3.1,FA,32,"5'11""",204
RB15,Dare Ogunbowale,2017,1QB,0.5PPR,3.11,HOU,31,"5'11""",205
RB16,Aaron Jones,2017,1QB,0.5PPR,3.12,MIN,31,"5'9""",206
WR13,Dede Westbrook,2017,1QB,0.5PPR,4.01,FA,32,"6'0""",178
WR14,Josh Reynolds,2017,1QB,0.5PPR,4.02,NYJ,31,"6'3""",197
QB4,DeShone Kizer,2017,1QB,0.5PPR,4.03,FA,30,"6'4""",233
WR15,Chad Williams,2017,1QB,0.5PPR,4.04,FA,31,"6'2""",193
TE6,Jake Butt,2017,1QB,0.5PPR,4.05,FA,30,"6'6""",250
TE7,Jordan Leggett,2017,1QB,0.5PPR,4.06,NYJ,31,"6'6""",258
WR16,Isaiah Ford,2017,1QB,0.5PPR,4.07,FA,30,"6'1""",194
WR17,Robert Davis,2017,1QB,0.5PPR,4.08,FA,30,"6'3""",220
RB17,Donnel Pumphrey,2017,1QB,0.5PPR,4.09,FA,31,"5'8""",176
RB18,Elijah Hood,2017,1QB,0.5PPR,4.1,FA,29,"6'0""",220
QB5,Davis Webb,2017,1QB,0.5PPR,4.11,FA,31,"6'5""",229
WR18,Malachi Dupre,2017,1QB,0.5PPR,4.12,FA,30,"6'3""",196
WR19,Ishmael Zamora,2017,1QB,0.5PPR,5.01,FA,30,"6'4""",220
TE8,George Kittle,2017,1QB,0.5PPR,5.02,SF,32,"6'4""",247
WR20,Ryan Switzer,2017,1QB,0.5PPR,5.03,FA,31,"5'9""",181
RB19,Corey Clement,2017,1QB,0.5PPR,5.04,FA,31,"5'10""",220
TE9,Jonnu Smith,2017,1QB,0.5PPR,5.05,PIT,30,"6'3""",248
RB20,Tarik Cohen,2017,1QB,0.5PPR,5.06,FA,30,"5'6""",179
RB21,Elijah McGuire,2017,1QB,0.5PPR,5.07,KC,31,"5'10""",214
QB6,C.J. Beathard,2017,1QB,0.5PPR,5.08,JAC,32,"6'2""",209
RB22,Brian Hill,2017,1QB,0.5PPR,5.09,TEN,30,"6'1""",219
WR21,Amara Darboh,2017,1QB,0.5PPR,5.1,DEN,32,"6'2""",215
WR22,Jehu Chesson,2017,1QB,0.5PPR,5.11,FA,32,"6'2""",204
RB23,De'Angelo Henderson,2017,1QB,0.5PPR,5.12,FA,33,"5'7""",208
WR1,CoreyDavis,2017,SF,PPR,1.01,FA,31,"6'3""",209
RB1,Leonard Fournette,2017,SF,PPR,1.02,FA,31,"6'0""",228
RB2,Joe Mixon,2017,SF,PPR,1.03,HOU,29,"6'1""",226
RB3,Christian McCaffrey,2017,SF,PPR,1.04,SF,29,"5'11""",202
RB4,Dalvin Cook,2017,SF,PPR,1.05,DAL,30,"5'10""",210
WR2,Mike Williams,2017,SF,PPR,1.06,FA,31,"6'4""",218
TE1,OJ Howard,2017,SF,PPR,1.07,FA,31,"6'6""",251
RB5,Alvin Kamara,2017,SF,PPR,1.08,NO,30,"5'10""",214
WR3,John Ross,2017,SF,PPR,1.09,FA,30,"5'11""",188
RB6,Samaje Perine,2017,SF,PPR,1.1,CIN,30,"5'11""",233
TE2,David Njoku,2017,SF,PPR,1.11,FA,29,"6'4""",246
QB1,Deshaun Watson,2017,SF,PPR,1.12,CLE,30,"6'2""",221
RB7,Kareem Hunt,2017,SF,PPR,2.01,KC,30,"5'11""",216
TE3,Evan Engram,2017,SF,PPR,2.02,DEN,31,"6'3""",234
WR4,JuJu Smith-Schuster,2017,SF,PPR,2.03,KC,29,"6'1""",215
QB2,Patrick Mahomes,2017,SF,PPR,2.04,KC,30,"6'3""",230
WR5,Zay Jones,2017,SF,PPR,2.05,ARI,30,"6'2""",201
RB8,D'Onta Foreman,2017,SF,PPR,2.06,FA,29,"6'1""",249
RB9,Marlon Mack,2017,SF,PPR,2.07,ARI,29,"5'11""",213
WR6,Curtis Samuel,2017,SF,PPR,2.08,BUF,29,"5'11""",196
QB3,Mitchell Trubisky,2017,SF,PPR,2.09,BUF,31,"6'3""",220
RB10,Jamaal Williams,2017,SF,PPR,2.1,FA,30,"6'0""",212
QB4,DeShone Kizer,2017,SF,PPR,2.11,FA,30,"6'4""",233
RB11,Joe Williams,2017,SF,PPR,2.12,FA,32,"5'11""",205
WR7,Chris Godwin,2017,SF,PPR,3.01,TB,30,"6'1""",209
RB12,James Conner,2017,SF,PPR,3.02,ARI,30,"6'1""",233
RB13,Jeremy McNichols,2017,SF,PPR,3.03,WAS,30,"5'9""",214
WR8,Carlos Henderson,2017,SF,PPR,3.04,FA,31,"5'11""",199
WR9,Cooper Kupp,2017,SF,PPR,3.05,SEA,32,"6'2""",198
TE4,Gerald Everett,2017,SF,PPR,3.06,FA,31,"6'3""",239
WR10,ArDarius Stewart,2017,SF,PPR,3.07,FA,32,"5'11""",204
WR11,Taywan Taylor,2017,SF,PPR,3.08,CLE,31,"5'11""",198
TE5,Adam Shaheen,2017,SF,PPR,3.09,FA,32,"6'6""",277
WR12,Kenny Golladay,2017,SF,PPR,3.1,FA,32,"6'4""",213
RB14,Wayne Gallman,2017,SF,PPR,3.11,FA,31,"6'0""",215
RB15,Aaron Jones,2017,SF,PPR,3.12,MIN,31,"5'9""",206
WR13,Josh Reynolds,2017,SF,PPR,4.01,NYJ,31,"6'3""",197
WR14,Robbie Chosen,2017,SF,PPR,4.02,FA,32,"6'3""",190
WR15,Chad Williams,2017,SF,PPR,4.03,FA,31,"6'2""",193
TE6,Jake Butt,2017,SF,PPR,4.04,FA,30,"6'6""",250
QB5,Joshua Dobbs,2017,SF,PPR,4.05,NE,31,"6'3""",210
QB6,Chad Kelly,2017,SF,PPR,4.06,IND,31,"6'2""",224
TE7,Jonnu Smith,2017,SF,PPR,4.07,PIT,30,"6'3""",248
RB16,Elijah Hood,2017,SF,PPR,4.08,FA,29,"6'0""",220
RB17,Donnel Pumphrey,2017,SF,PPR,4.09,FA,31,"5'8""",176
TE8,Bucky Hodges,2017,SF,PPR,4.1,FA,30,"6'6""",257
WR16,Ishmael Zamora,2017,SF,PPR,4.11,FA,30,"6'4""",220
QB7,Nathan Peterman,2017,SF,PPR,4.12,FA,31,"6'2""",225
WR17,Dede Westbrook,2017,SF,PPR,5.01,FA,32,"6'0""",178
RB18,Elijah McGuire,2017,SF,PPR,5.02,KC,31,"5'10""",214
WR18,Malachi Dupre,2017,SF,PPR,5.03,FA,30,"6'3""",196
WR19,Amara Darboh,2017,SF,PPR,5.04,DEN,32,"6'2""",215
QB8,C.J. Beathard,2017,SF,PPR,5.05,JAC,32,"6'2""",209
WR20,Robert Davis,2017,SF,PPR,5.06,FA,30,"6'3""",220
WR21,Austin Carr,2017,SF,PPR,5.07,NO,32,"6'0""",202
QB9,Davis Webb,2017,SF,PPR,5.08,FA,31,"6'5""",229
TE9,Rico Gathers,2017,SF,PPR,5.09,DAL,32,"6'6""",281
RB19,Corey Clement,2017,SF,PPR,5.1,FA,31,"5'10""",220
RB20,Brian Hill,2017,SF,PPR,5.11,TEN,30,"6'1""",219
RB21,Devante Mays,2017,SF,PPR,5.12,CLE,-,"5'11""",230
RB1,LeonardFournette,2017,SF,0.5PPR,1.01,FA,31,"6'0""",228
WR1,Corey Davis,2017,SF,0.5PPR,1.02,FA,31,"6'3""",209
RB2,Christian McCaffrey,2017,SF,0.5PPR,1.03,SF,29,"5'11""",202
RB3,Joe Mixon,2017,SF,0.5PPR,1.04,HOU,29,"6'1""",226
RB4,Dalvin Cook,2017,SF,0.5PPR,1.05,DAL,30,"5'10""",210
WR2,Mike Williams,2017,SF,0.5PPR,1.06,FA,31,"6'4""",218
TE1,OJ Howard,2017,SF,0.5PPR,1.07,FA,31,"6'6""",251
WR3,John Ross,2017,SF,0.5PPR,1.08,FA,30,"5'11""",188
RB5,Kareem Hunt,2017,SF,0.5PPR,1.09,KC,30,"5'11""",216
RB6,Samaje Perine,2017,SF,0.5PPR,1.1,CIN,30,"5'11""",233
RB7,Alvin Kamara,2017,SF,0.5PPR,1.11,NO,30,"5'10""",214
TE2,David Njoku,2017,SF,0.5PPR,1.12,FA,29,"6'4""",246
QB1,Patrick Mahomes,2017,SF,0.5PPR,2.01,KC,30,"6'3""",230
WR4,Zay Jones,2017,SF,0.5PPR,2.02,ARI,30,"6'2""",201
TE3,Evan Engram,2017,SF,0.5PPR,2.03,DEN,31,"6'3""",234
QB2,Deshaun Watson,2017,SF,0.5PPR,2.04,CLE,30,"6'2""",221
WR5,JuJu Smith-Schuster,2017,SF,0.5PPR,2.05,KC,29,"6'1""",215
RB8,Jamaal Williams,2017,SF,0.5PPR,2.06,FA,30,"6'0""",212
RB9,Joe Williams,2017,SF,0.5PPR,2.07,FA,32,"5'11""",205
WR6,Curtis Samuel,2017,SF,0.5PPR,2.08,BUF,29,"5'11""",196
RB10,D'Onta Foreman,2017,SF,0.5PPR,2.09,FA,29,"6'1""",249
RB11,Marlon Mack,2017,SF,0.5PPR,2.1,ARI,29,"5'11""",213
WR7,Chris Godwin,2017,SF,0.5PPR,2.11,TB,30,"6'1""",209
QB3,Mitchell Trubisky,2017,SF,0.5PPR,2.12,BUF,31,"6'3""",220
RB12,James Conner,2017,SF,0.5PPR,3.01,ARI,30,"6'1""",233
QB4,DeShone Kizer,2017,SF,0.5PPR,3.02,FA,30,"6'4""",233
WR8,Carlos Henderson,2017,SF,0.5PPR,3.03,FA,31,"5'11""",199
TE4,Gerald Everett,2017,SF,0.5PPR,3.04,FA,31,"6'3""",239
WR9,Cooper Kupp,2017,SF,0.5PPR,3.05,SEA,32,"6'2""",198
WR10,Kenny Golladay,2017,SF,0.5PPR,3.06,FA,32,"6'4""",213
RB13,Jeremy McNichols,2017,SF,0.5PPR,3.07,WAS,30,"5'9""",214
RB14,Brian Hill,2017,SF,0.5PPR,3.08,TEN,30,"6'1""",219
WR11,ArDarius Stewart,2017,SF,0.5PPR,3.09,FA,32,"5'11""",204
RB15,Wayne Gallman,2017,SF,0.5PPR,3.1,FA,31,"6'0""",215
WR12,Chad Williams,2017,SF,0.5PPR,3.11,FA,31,"6'2""",193
WR13,Josh Reynolds,2017,SF,0.5PPR,3.12,NYJ,31,"6'3""",197
RB16,Aaron Jones,2017,SF,0.5PPR,4.01,MIN,31,"5'9""",206
TE5,Adam Shaheen,2017,SF,0.5PPR,4.02,FA,32,"6'6""",277
WR14,Taywan Taylor,2017,SF,0.5PPR,4.03,CLE,31,"5'11""",198
TE6,Jake Butt,2017,SF,0.5PPR,4.04,FA,30,"6'6""",250
RB17,Donnel Pumphrey,2017,SF,0.5PPR,4.05,FA,31,"5'8""",176
WR15,Ryan Switzer,2017,SF,0.5PPR,4.06,FA,31,"5'9""",181
WR16,Dede Westbrook,2017,SF,0.5PPR,4.07,FA,32,"6'0""",178
TE7,Jonnu Smith,2017,SF,0.5PPR,4.08,PIT,30,"6'3""",248
TE8,Bucky Hodges,2017,SF,0.5PPR,4.09,FA,30,"6'6""",257
RB18,Tarik Cohen,2017,SF,0.5PPR,4.1,FA,30,"5'6""",179
QB5,Nathan Peterman,2017,SF,0.5PPR,4.11,FA,31,"6'2""",225
WR17,Ishmael Zamora,2017,SF,0.5PPR,4.12,FA,30,"6'4""",220
TE9,Jordan Leggett,2017,SF,0.5PPR,5.01,NYJ,31,"6'6""",258
RB19,Elijah Hood,2017,SF,0.5PPR,5.02,FA,29,"6'0""",220
WR18,Malachi Dupre,2017,SF,0.5PPR,5.03,FA,30,"6'3""",196
QB6,Davis Webb,2017,SF,0.5PPR,5.04,FA,31,"6'5""",229
RB20,Elijah McGuire,2017,SF,0.5PPR,5.05,KC,31,"5'10""",214
QB7,Chad Kelly,2017,SF,0.5PPR,5.06,IND,31,"6'2""",224
RB21,T.J. Logan,2017,SF,0.5PPR,5.07,ARI,31,"5'10""",190
TE10,Rico Gathers,2017,SF,0.5PPR,5.08,DAL,32,"6'6""",281
WR19,Amara Darboh,2017,SF,0.5PPR,5.09,DEN,32,"6'2""",215
RB22,Matt Breida,2017,SF,0.5PPR,5.1,FA,31,"5'10""",190
QB8,C.J. Beathard,2017,SF,0.5PPR,5.11,JAC,32,"6'2""",209
QB9,Joshua Dobbs,2017,SF,0.5PPR,5.12,NE,31,"6'3""",210
