player_id,player_name,pos,pos_rank,rookie_year,adp_format,scoring_format,rookie_round,rookie_pick,current_nfl_team,current_age,height,weight
ashton-jeanty,Ashton Jeanty,RB,1,2025,1qb,ppr,1,1,LV,22,5'8,211
omarion-hampton,Omarion Hampton,RB,2,2025,1qb,ppr,1,2,LAC,22,5'11,221
tetairoa-mcmillan,Tetairoa McMillan,WR,1,2025,1qb,ppr,1,3,CAR,22,6'4,219
travis-hunter,Travis Hunter,WR,2,2025,1qb,ppr,1,4,JAC,22,6'0,188
treveyon-henderson,TreVeyon Henderson,RB,3,2025,1qb,ppr,1,5,NE,23,5'10,202
rj-harvey,RJ Harvey,RB,4,2025,1qb,ppr,1,6,DEN,25,5'8,205
kurtis-rourke,Kurtis Rourke,QB,1,2025,1qb,ppr,1,7,SF,25,6'4,220
kaleb-johnson,Kaleb Johnson,RB,5,2025,1qb,ppr,1,8,PIT,22,6'1,224
emeka-egbuka,Emeka Egbuka,WR,3,2025,1qb,ppr,1,9,TB,23,6'0,202
quinshon-judkins,Quinshon Judkins,RB,6,2025,1qb,ppr,1,10,CLE,22,5'11,221
tyler-warren,Tyler Warren,TE,1,2025,1qb,ppr,1,11,IND,23,6'5,256
mario-williams,Mario Williams,WR,4,2025,1qb,ppr,1,12,FA,23,5'11,178
matthew-golden,Matthew Golden,WR,5,2025,1qb,ppr,2,1,GB,22,5'11,191
colston-loveland,Colston Loveland,TE,2,2025,1qb,ppr,2,2,CHI,21,6'5,248
cam-skattebo,Cam Skattebo,RB,7,2025,1qb,ppr,2,3,NYG,24,5'9,219
luther-burden,Luther Burden,WR,6,2025,1qb,ppr,2,4,CHI,22,6'0,206
jayden-higgins,Jayden Higgins,WR,7,2025,1qb,ppr,2,5,HOU,23,6'4,214
marcus-yarns,Marcus Yarns,RB,8,2025,1qb,ppr,2,6,FA,23,5'11,190
tre-harris,Tre Harris,WR,8,2025,1qb,ppr,2,7,LAC,24,6'2,205
cam-ward,Cam Ward,QB,2,2025,1qb,ppr,2,8,TEN,23,6'1,219
bhayshul-tuten,Bhayshul Tuten,RB,9,2025,1qb,ppr,2,9,JAC,23,5'9,206
kyle-williams,Kyle Williams,WR,9,2025,1qb,ppr,2,10,NE,23,5'10,190
jack-bech,Jack Bech,WR,10,2025,1qb,ppr,2,11,LV,23,6'1,214
antwane-wells,Antwane Wells,WR,11,2025,1qb,ppr,2,12,NYG,24,6'0,201
jaydon-blue,Jaydon Blue,RB,10,2025,1qb,ppr,3,1,DAL,22,5'9,196
mason-taylor,Mason Taylor,TE,3,2025,1qb,ppr,3,2,NYJ,21,6'5,251
dylan-sampson,Dylan Sampson,RB,11,2025,1qb,ppr,3,3,CLE,21,5'8,200
roc-taylor,Roc Taylor,WR,12,2025,1qb,ppr,3,4,FA,22,6'1,213
jaylin-noel,Jaylin Noel,WR,13,2025,1qb,ppr,3,5,HOU,23,5'10,194
elijah-arroyo,Elijah Arroyo,TE,4,2025,1qb,ppr,3,6,SEA,22,6'5,250
jaxson-dart,Jaxson Dart,QB,3,2025,1qb,ppr,3,7,NYG,22,6'2,223
terrance-ferguson,Terrance Ferguson,TE,5,2025,1qb,ppr,3,8,LAR,23,6'5,247
pat-bryant,Pat Bryant,WR,14,2025,1qb,ppr,3,9,DEN,23,6'2,204
jarquez-hunter,Jarquez Hunter,RB,12,2025,1qb,ppr,3,10,LAR,23,5'9,204
andrew-armstrong,Andrew Armstrong,WR,15,2025,1qb,ppr,3,11,FA,25,6'3,202
jalen-royals,Jalen Royals,WR,16,2025,1qb,ppr,3,12,KC,23,6'0,205
konata-mumpfield,Konata Mumpfield,WR,17,2025,1qb,ppr,4,1,LAR,23,5'11,186
dont-e-thornton,Dont'e Thornton,WR,18,2025,1qb,ppr,4,2,LV,23,6'4,205
dj-giddens,DJ Giddens,RB,13,2025,1qb,ppr,4,3,IND,22,6'0,212
harold-fannin,Harold Fannin,TE,6,2025,1qb,ppr,4,4,CLE,22,6'3,241
devin-neal,Devin Neal,RB,14,2025,1qb,ppr,4,5,NO,22,5'11,213
isaac-teslaa,Isaac TeSlaa,WR,19,2025,1qb,ppr,4,6,DET,24,6'4,214
elic-ayomanor,Elic Ayomanor,WR,20,2025,1qb,ppr,4,7,TEN,22,6'1,206
tory-horton,Tory Horton,WR,21,2025,1qb,ppr,4,8,SEA,23,6'2,196
kyle-mccord,Kyle McCord,QB,4,2025,1qb,ppr,4,9,PHI,23,6'3,218
jordan-james,Jordan James,RB,15,2025,1qb,ppr,4,10,SF,21,5'9,205
woody-marks,Woody Marks,RB,16,2025,1qb,ppr,4,11,HOU,25,5'10,207
jalen-milroe,Jalen Milroe,QB,5,2025,1qb,ppr,4,12,SEA,23,6'1,217
tyler-shough,Tyler Shough,QB,6,2025,1qb,ppr,5,1,NO,26,6'4,219
brashard-smith,Brashard Smith,RB,17,2025,1qb,ppr,5,2,KC,22,5'9,194
keandre-lambert-smith,KeAndre Lambert-Smith,WR,22,2025,1qb,ppr,5,3,LAC,23,6'0,190
trevor-etienne,Trevor Etienne,RB,18,2025,1qb,ppr,5,4,CAR,21,5'8,198
shedeur-sanders,Shedeur Sanders,QB,7,2025,1qb,ppr,5,5,CLE,24,6'1,212
jacory-croskey-merritt,Jacory Croskey-Merritt,RB,19,2025,1qb,ppr,5,6,WAS,24,5'10,206
tahj-brooks,Tahj Brooks,RB,20,2025,1qb,ppr,5,7,CIN,23,5'9,214
luke-lachey,Luke Lachey,TE,7,2025,1qb,ppr,5,8,FA,24,6'5,251
kyle-monangai,Kyle Monangai,RB,21,2025,1qb,ppr,5,9,CHI,23,5'8,211
savion-williams,Savion Williams,WR,23,2025,1qb,ppr,5,10,GB,24,6'3,222
ollie-gordon,Ollie Gordon,RB,22,2025,1qb,ppr,5,11,MIA,22,6'1,226
jaylin-lane,Jaylin Lane,WR,24,2025,1qb,ppr,5,12,WAS,22,5'9,191
ashton-jeanty,Ashton Jeanty,RB,1,2025,1qb,hppr,1,1,LV,22,5'8,211
omarion-hampton,Omarion Hampton,RB,2,2025,1qb,hppr,1,2,LAC,22,5'11,221
tetairoa-mcmillan,Tetairoa McMillan,WR,1,2025,1qb,hppr,1,3,CAR,22,6'4,219
treveyon-henderson,TreVeyon Henderson,RB,3,2025,1qb,hppr,1,4,NE,23,5'10,202
travis-hunter,Travis Hunter,WR,2,2025,1qb,hppr,1,5,JAC,22,6'0,188
quinshon-judkins,Quinshon Judkins,RB,4,2025,1qb,hppr,1,6,CLE,22,5'11,221
rj-harvey,RJ Harvey,RB,5,2025,1qb,hppr,1,7,DEN,25,5'8,205
kaleb-johnson,Kaleb Johnson,RB,6,2025,1qb,hppr,1,8,PIT,22,6'1,224
emeka-egbuka,Emeka Egbuka,WR,3,2025,1qb,hppr,1,9,TB,23,6'0,202
tyler-warren,Tyler Warren,TE,1,2025,1qb,hppr,1,10,IND,23,6'5,256
colston-loveland,Colston Loveland,TE,2,2025,1qb,hppr,1,11,CHI,21,6'5,248
matthew-golden,Matthew Golden,WR,4,2025,1qb,hppr,1,12,GB,22,5'11,191
luther-burden,Luther Burden,WR,5,2025,1qb,hppr,2,1,CHI,22,6'0,206
cam-skattebo,Cam Skattebo,RB,7,2025,1qb,hppr,2,2,NYG,24,5'9,219
jayden-higgins,Jayden Higgins,WR,6,2025,1qb,hppr,2,3,HOU,23,6'4,214
tre-harris,Tre Harris,WR,7,2025,1qb,hppr,2,4,LAC,24,6'2,205
cam-ward,Cam Ward,QB,1,2025,1qb,hppr,2,5,TEN,23,6'1,219
bhayshul-tuten,Bhayshul Tuten,RB,8,2025,1qb,hppr,2,6,JAC,23,5'9,206
jack-bech,Jack Bech,WR,8,2025,1qb,hppr,2,7,LV,23,6'1,214
kyle-williams,Kyle Williams,WR,9,2025,1qb,hppr,2,8,NE,23,5'10,190
jaydon-blue,Jaydon Blue,RB,9,2025,1qb,hppr,2,9,DAL,22,5'9,196
jaylin-noel,Jaylin Noel,WR,10,2025,1qb,hppr,2,10,HOU,23,5'10,194
mason-taylor,Mason Taylor,TE,3,2025,1qb,hppr,2,11,NYJ,21,6'5,251
jaxson-dart,Jaxson Dart,QB,2,2025,1qb,hppr,2,12,NYG,22,6'2,223
dylan-sampson,Dylan Sampson,RB,10,2025,1qb,hppr,3,1,CLE,21,5'8,200
elijah-arroyo,Elijah Arroyo,TE,4,2025,1qb,hppr,3,2,SEA,22,6'5,250
pat-bryant,Pat Bryant,WR,11,2025,1qb,hppr,3,3,DEN,23,6'2,204
terrance-ferguson,Terrance Ferguson,TE,5,2025,1qb,hppr,3,4,LAR,23,6'5,247
dj-giddens,DJ Giddens,RB,11,2025,1qb,hppr,3,5,IND,22,6'0,212
jalen-royals,Jalen Royals,WR,12,2025,1qb,hppr,3,6,KC,23,6'0,205
elic-ayomanor,Elic Ayomanor,WR,13,2025,1qb,hppr,3,7,TEN,22,6'1,206
jarquez-hunter,Jarquez Hunter,RB,12,2025,1qb,hppr,3,8,LAR,23,5'9,204
tyler-shough,Tyler Shough,QB,3,2025,1qb,hppr,3,9,NO,26,6'4,219
harold-fannin,Harold Fannin,TE,6,2025,1qb,hppr,3,10,CLE,22,6'3,241
devin-neal,Devin Neal,RB,13,2025,1qb,hppr,3,11,NO,22,5'11,213
jalen-milroe,Jalen Milroe,QB,4,2025,1qb,hppr,3,12,SEA,23,6'1,217
jordan-james,Jordan James,RB,14,2025,1qb,hppr,4,1,SF,21,5'9,205
shedeur-sanders,Shedeur Sanders,QB,5,2025,1qb,hppr,4,2,CLE,24,6'1,212
woody-marks,Woody Marks,RB,15,2025,1qb,hppr,4,3,HOU,25,5'10,207
brashard-smith,Brashard Smith,RB,16,2025,1qb,hppr,4,4,KC,22,5'9,194
tahj-brooks,Tahj Brooks,RB,17,2025,1qb,hppr,4,5,CIN,23,5'9,214
savion-williams,Savion Williams,WR,14,2025,1qb,hppr,4,6,GB,24,6'3,222
trevor-etienne,Trevor Etienne,RB,18,2025,1qb,hppr,4,7,CAR,21,5'8,198
isaac-teslaa,Isaac TeSlaa,WR,15,2025,1qb,hppr,4,8,DET,24,6'4,214
tory-horton,Tory Horton,WR,16,2025,1qb,hppr,4,9,SEA,23,6'2,196
jimmy-horn,Jimmy Horn,WR,17,2025,1qb,hppr,4,10,CAR,23,5'8,174
dont-e-thornton,Dont'e Thornton,WR,18,2025,1qb,hppr,4,11,LV,23,6'4,205
dillon-gabriel,Dillon Gabriel,QB,6,2025,1qb,hppr,4,12,CLE,25,5'11,205
tai-felton,Tai Felton,WR,19,2025,1qb,hppr,5,1,MIN,22,6'1,183
oronde-gadsden,Oronde Gadsden,TE,7,2025,1qb,hppr,5,2,LAC,22,6'4,243
efton-chism,Efton Chism,WR,20,2025,1qb,hppr,5,3,NE,,5'10,198
ollie-gordon,Ollie Gordon,RB,19,2025,1qb,hppr,5,4,MIA,22,6'1,226
jacory-croskey-merritt,Jacory Croskey-Merritt,RB,20,2025,1qb,hppr,5,5,WAS,24,5'10,206
isaiah-bond,Isaiah Bond,WR,21,2025,1qb,hppr,5,6,CLE,21,5'10,180
will-howard,Will Howard,QB,7,2025,1qb,hppr,5,7,PIT,24,6'4,236
xavier-restrepo,Xavier Restrepo,WR,22,2025,1qb,hppr,5,8,FA,23,5'9,209
damien-martinez,Damien Martinez,RB,21,2025,1qb,hppr,5,9,FA,22,5'11,217
kyle-monangai,Kyle Monangai,RB,22,2025,1qb,hppr,5,10,CHI,23,5'8,211
gunnar-helm,Gunnar Helm,TE,8,2025,1qb,hppr,5,11,TEN,23,6'5,241
konata-mumpfield,Konata Mumpfield,WR,23,2025,1qb,hppr,5,12,LAR,23,5'11,186
ashton-jeanty,Ashton Jeanty,RB,1,2025,sf,ppr,1,1,LV,22,5'8,211
omarion-hampton,Omarion Hampton,RB,2,2025,sf,ppr,1,2,LAC,22,5'11,221
cam-ward,Cam Ward,QB,1,2025,sf,ppr,1,3,TEN,23,6'1,219
tetairoa-mcmillan,Tetairoa McMillan,WR,1,2025,sf,ppr,1,4,CAR,22,6'4,219
travis-hunter,Travis Hunter,WR,2,2025,sf,ppr,1,5,JAC,22,6'0,188
treveyon-henderson,TreVeyon Henderson,RB,3,2025,sf,ppr,1,6,NE,23,5'10,202
rj-harvey,RJ Harvey,RB,4,2025,sf,ppr,1,7,DEN,25,5'8,205
quinshon-judkins,Quinshon Judkins,RB,5,2025,sf,ppr,1,8,CLE,22,5'11,221
kaleb-johnson,Kaleb Johnson,RB,6,2025,sf,ppr,1,9,PIT,22,6'1,224
emeka-egbuka,Emeka Egbuka,WR,3,2025,sf,ppr,1,10,TB,23,6'0,202
tyler-warren,Tyler Warren,TE,1,2025,sf,ppr,1,11,IND,23,6'5,256
colston-loveland,Colston Loveland,TE,2,2025,sf,ppr,1,12,CHI,21,6'5,248
matthew-golden,Matthew Golden,WR,4,2025,sf,ppr,2,1,GB,22,5'11,191
jaxson-dart,Jaxson Dart,QB,2,2025,sf,ppr,2,2,NYG,22,6'2,223
luther-burden,Luther Burden,WR,5,2025,sf,ppr,2,3,CHI,22,6'0,206
jayden-higgins,Jayden Higgins,WR,6,2025,sf,ppr,2,4,HOU,23,6'4,214
cam-skattebo,Cam Skattebo,RB,7,2025,sf,ppr,2,5,NYG,24,5'9,219
julian-fleming,Julian Fleming,WR,7,2025,sf,ppr,2,6,FA,25,6'2,199
tre-harris,Tre Harris,WR,8,2025,sf,ppr,2,7,LAC,24,6'2,205
jalen-milroe,Jalen Milroe,QB,3,2025,sf,ppr,2,8,SEA,23,6'1,217
bhayshul-tuten,Bhayshul Tuten,RB,8,2025,sf,ppr,2,9,JAC,23,5'9,206
tyler-shough,Tyler Shough,QB,4,2025,sf,ppr,2,10,NO,26,6'4,219
kyle-williams,Kyle Williams,WR,9,2025,sf,ppr,2,11,NE,23,5'10,190
jack-bech,Jack Bech,WR,10,2025,sf,ppr,2,12,LV,23,6'1,214
mason-taylor,Mason Taylor,TE,3,2025,sf,ppr,3,1,NYJ,21,6'5,251
hunter-dekkers,Hunter Dekkers,QB,5,2025,sf,ppr,3,2,FA,,6'3,235
jaydon-blue,Jaydon Blue,RB,9,2025,sf,ppr,3,3,DAL,22,5'9,196
jaylin-noel,Jaylin Noel,WR,11,2025,sf,ppr,3,4,HOU,23,5'10,194
shedeur-sanders,Shedeur Sanders,QB,6,2025,sf,ppr,3,5,CLE,24,6'1,212
dylan-sampson,Dylan Sampson,RB,10,2025,sf,ppr,3,6,CLE,21,5'8,200
mario-williams,Mario Williams,WR,12,2025,sf,ppr,3,7,FA,23,5'11,178
terrance-ferguson,Terrance Ferguson,TE,4,2025,sf,ppr,3,8,LAR,23,6'5,247
elijah-arroyo,Elijah Arroyo,TE,5,2025,sf,ppr,3,9,SEA,22,6'5,250
max-brosmer,Max Brosmer,QB,7,2025,sf,ppr,3,10,MIN,24,6'1,217
jarquez-hunter,Jarquez Hunter,RB,11,2025,sf,ppr,3,11,LAR,23,5'9,204
devin-neal,Devin Neal,RB,12,2025,sf,ppr,3,12,NO,22,5'11,213
harold-fannin,Harold Fannin,TE,6,2025,sf,ppr,4,1,CLE,22,6'3,241
pat-bryant,Pat Bryant,WR,13,2025,sf,ppr,4,2,DEN,23,6'2,204
jalen-royals,Jalen Royals,WR,14,2025,sf,ppr,4,3,KC,23,6'0,205
dj-giddens,DJ Giddens,RB,13,2025,sf,ppr,4,4,IND,22,6'0,212
woody-marks,Woody Marks,RB,14,2025,sf,ppr,4,5,HOU,25,5'10,207
dj-uiagalelei,DJ Uiagalelei,QB,8,2025,sf,ppr,4,6,FA,24,6'4,250
jordan-james,Jordan James,RB,15,2025,sf,ppr,4,7,SF,21,5'9,205
elic-ayomanor,Elic Ayomanor,WR,15,2025,sf,ppr,4,8,TEN,22,6'1,206
trevor-etienne,Trevor Etienne,RB,16,2025,sf,ppr,4,9,CAR,21,5'8,198
isaac-teslaa,Isaac TeSlaa,WR,16,2025,sf,ppr,4,10,DET,24,6'4,214
will-howard,Will Howard,QB,9,2025,sf,ppr,4,11,PIT,24,6'4,236
brashard-smith,Brashard Smith,RB,17,2025,sf,ppr,4,12,KC,22,5'9,194
tory-horton,Tory Horton,WR,17,2025,sf,ppr,5,1,SEA,23,6'2,196
dillon-gabriel,Dillon Gabriel,QB,10,2025,sf,ppr,5,2,CLE,25,5'11,205
ollie-gordon,Ollie Gordon,RB,18,2025,sf,ppr,5,3,MIA,22,6'1,226
dont-e-thornton,Dont'e Thornton,WR,18,2025,sf,ppr,5,4,LV,23,6'4,205
tahj-brooks,Tahj Brooks,RB,19,2025,sf,ppr,5,5,CIN,23,5'9,214
savion-williams,Savion Williams,WR,19,2025,sf,ppr,5,6,GB,24,6'3,222
kaden-prather,Kaden Prather,WR,20,2025,sf,ppr,5,7,DAL,23,6'3,204
oronde-gadsden,Oronde Gadsden,TE,7,2025,sf,ppr,5,8,LAC,22,6'4,243
kyle-monangai,Kyle Monangai,RB,20,2025,sf,ppr,5,9,CHI,23,5'8,211
gunnar-helm,Gunnar Helm,TE,8,2025,sf,ppr,5,10,TEN,23,6'5,241
jacory-croskey-merritt,Jacory Croskey-Merritt,RB,21,2025,sf,ppr,5,11,WAS,24,5'10,206
quinn-ewers,Quinn Ewers,QB,11,2025,sf,ppr,5,12,MIA,22,6'2,214
ashton-jeanty,Ashton Jeanty,RB,1,2025,sf,hppr,1,1,LV,22,5'8,211
omarion-hampton,Omarion Hampton,RB,2,2025,sf,hppr,1,2,LAC,22,5'11,221
cam-ward,Cam Ward,QB,1,2025,sf,hppr,1,3,TEN,23,6'1,219
travis-hunter,Travis Hunter,WR,1,2025,sf,hppr,1,4,JAC,22,6'0,188
tetairoa-mcmillan,Tetairoa McMillan,WR,2,2025,sf,hppr,1,5,CAR,22,6'4,219
treveyon-henderson,TreVeyon Henderson,RB,3,2025,sf,hppr,1,6,NE,23,5'10,202
quinshon-judkins,Quinshon Judkins,RB,4,2025,sf,hppr,1,7,CLE,22,5'11,221
rj-harvey,RJ Harvey,RB,5,2025,sf,hppr,1,8,DEN,25,5'8,205
emeka-egbuka,Emeka Egbuka,WR,3,2025,sf,hppr,1,9,TB,23,6'0,202
kaleb-johnson,Kaleb Johnson,RB,6,2025,sf,hppr,1,10,PIT,22,6'1,224
tyler-warren,Tyler Warren,TE,1,2025,sf,hppr,1,11,IND,23,6'5,256
jaxson-dart,Jaxson Dart,QB,2,2025,sf,hppr,1,12,NYG,22,6'2,223
matthew-golden,Matthew Golden,WR,4,2025,sf,hppr,2,1,GB,22,5'11,191
colston-loveland,Colston Loveland,TE,2,2025,sf,hppr,2,2,CHI,21,6'5,248
luther-burden,Luther Burden,WR,5,2025,sf,hppr,2,3,CHI,22,6'0,206
jayden-higgins,Jayden Higgins,WR,6,2025,sf,hppr,2,4,HOU,23,6'4,214
cam-skattebo,Cam Skattebo,RB,7,2025,sf,hppr,2,5,NYG,24,5'9,219
tre-harris,Tre Harris,WR,7,2025,sf,hppr,2,6,LAC,24,6'2,205
tyler-shough,Tyler Shough,QB,3,2025,sf,hppr,2,7,NO,26,6'4,219
jack-bech,Jack Bech,WR,8,2025,sf,hppr,2,8,LV,23,6'1,214
bhayshul-tuten,Bhayshul Tuten,RB,8,2025,sf,hppr,2,9,JAC,23,5'9,206
kyle-williams,Kyle Williams,WR,9,2025,sf,hppr,2,10,NE,23,5'10,190
jalen-milroe,Jalen Milroe,QB,4,2025,sf,hppr,2,11,SEA,23,6'1,217
john-emery,John Emery Jr.,RB,9,2025,sf,hppr,2,12,FA,25,5'11,215
mason-taylor,Mason Taylor,TE,3,2025,sf,hppr,3,1,NYJ,21,6'5,251
jaydon-blue,Jaydon Blue,RB,10,2025,sf,hppr,3,2,DAL,22,5'9,196
terrance-ferguson,Terrance Ferguson,TE,4,2025,sf,hppr,3,3,LAR,23,6'5,247
shedeur-sanders,Shedeur Sanders,QB,5,2025,sf,hppr,3,4,CLE,24,6'1,212
dylan-sampson,Dylan Sampson,RB,11,2025,sf,hppr,3,5,CLE,21,5'8,200
jaylin-noel,Jaylin Noel,WR,10,2025,sf,hppr,3,6,HOU,23,5'10,194
elijah-arroyo,Elijah Arroyo,TE,5,2025,sf,hppr,3,7,SEA,22,6'5,250
jalen-royals,Jalen Royals,WR,11,2025,sf,hppr,3,8,KC,23,6'0,205
devin-neal,Devin Neal,RB,12,2025,sf,hppr,3,9,NO,22,5'11,213
pat-bryant,Pat Bryant,WR,12,2025,sf,hppr,3,10,DEN,23,6'2,204
harold-fannin,Harold Fannin,TE,6,2025,sf,hppr,3,11,CLE,22,6'3,241
jarquez-hunter,Jarquez Hunter,RB,13,2025,sf,hppr,3,12,LAR,23,5'9,204
trevor-etienne,Trevor Etienne,RB,14,2025,sf,hppr,4,1,CAR,21,5'8,198
dj-giddens,DJ Giddens,RB,15,2025,sf,hppr,4,2,IND,22,6'0,212
jordan-james,Jordan James,RB,16,2025,sf,hppr,4,3,SF,21,5'9,205
isaac-teslaa,Isaac TeSlaa,WR,13,2025,sf,hppr,4,4,DET,24,6'4,214
elic-ayomanor,Elic Ayomanor,WR,14,2025,sf,hppr,4,5,TEN,22,6'1,206
lan-larison,Lan Larison,RB,17,2025,sf,hppr,4,6,NE,,6'0,215
will-howard,Will Howard,QB,6,2025,sf,hppr,4,7,PIT,24,6'4,236
woody-marks,Woody Marks,RB,18,2025,sf,hppr,4,8,HOU,25,5'10,207
ollie-gordon,Ollie Gordon,RB,19,2025,sf,hppr,4,9,MIA,22,6'1,226
tahj-brooks,Tahj Brooks,RB,20,2025,sf,hppr,4,10,CIN,23,5'9,214
tory-horton,Tory Horton,WR,15,2025,sf,hppr,4,11,SEA,23,6'2,196
brashard-smith,Brashard Smith,RB,21,2025,sf,hppr,4,12,KC,22,5'9,194
savion-williams,Savion Williams,WR,16,2025,sf,hppr,5,1,GB,24,6'3,222
dillon-gabriel,Dillon Gabriel,QB,7,2025,sf,hppr,5,2,CLE,25,5'11,205
dont-e-thornton,Dont'e Thornton,WR,17,2025,sf,hppr,5,3,LV,23,6'4,205
jacory-croskey-merritt,Jacory Croskey-Merritt,RB,22,2025,sf,hppr,5,4,WAS,24,5'10,206
oronde-gadsden,Oronde Gadsden,TE,7,2025,sf,hppr,5,5,LAC,22,6'4,243
jaylin-lane,Jaylin Lane,WR,18,2025,sf,hppr,5,6,WAS,,5'9,191
kyle-monangai,Kyle Monangai,RB,23,2025,sf,hppr,5,7,CHI,23,5'8,211
kalel-mullings,Kalel Mullings,RB,24,2025,sf,hppr,5,8,TEN,23,6'1,226
tai-felton,Tai Felton,WR,19,2025,sf,hppr,5,9,MIN,22,6'1,183
gunnar-helm,Gunnar Helm,TE,8,2025,sf,hppr,5,10,TEN,23,6'5,241
tez-johnson,Tez Johnson,WR,20,2025,sf,hppr,5,11,TB,23,5'9,154
phil-mafah,Phil Mafah,RB,25,2025,sf,hppr,5,12,DAL,23,6'0,234
marvin-harrison,Marvin Harrison Jr,WR,1,2024,1qb,ppr,1,1,ARI,23,6'3,209
malik-nabers,Malik Nabers,WR,2,2024,1qb,ppr,1,2,NYG,22,6'1,188
rome-odunze,Rome Odunze,WR,3,2024,1qb,ppr,1,3,CHI,23,6'2,212
brock-bowers,Brock Bowers,TE,1,2024,1qb,ppr,1,4,LV,23,6'3,243
jonathon-brooks,Jonathon Brooks,RB,1,2024,1qb,ppr,1,5,CAR,22,6'0,216
xavier-worthy,Xavier Worthy,WR,4,2024,1qb,ppr,1,6,KC,22,5'11,165
brian-thomas,Brian Thomas,WR,5,2024,1qb,ppr,1,7,JAC,23,6'2,209
keon-coleman,Keon Coleman,WR,6,2024,1qb,ppr,1,8,BUF,22,6'3,213
caleb-williams,Caleb Williams,QB,1,2024,1qb,ppr,1,9,CHI,23,6'1,214
ladd-mcconkey,Ladd McConkey,WR,7,2024,1qb,ppr,1,10,LAC,24,5'11,186
trey-benson,Trey Benson,RB,2,2024,1qb,ppr,1,11,ARI,23,6'0,216
jayden-daniels,Jayden Daniels,QB,2,2024,1qb,ppr,1,12,WAS,25,6'3,192
blake-corum,Blake Corum,RB,3,2024,1qb,ppr,2,1,LAR,25,5'7,205
ricky-pearsall,Ricky Pearsall,WR,8,2024,1qb,ppr,2,2,SF,25,6'1,189
xavier-legette,Xavier Legette,WR,9,2024,1qb,ppr,2,3,CAR,25,6'1,221
marshawn-lloyd,MarShawn Lloyd,RB,4,2024,1qb,ppr,2,4,GB,24,5'8,220
jaylen-wright,Jaylen Wright,RB,5,2024,1qb,ppr,2,5,MIA,22,5'10,210
adonai-mitchell,Adonai Mitchell,WR,10,2024,1qb,ppr,2,6,NYJ,24,6'2,205
ja-lynn-polk,Ja'Lynn Polk,WR,11,2024,1qb,ppr,2,7,NO,23,6'1,203
miyan-williams,Miyan Williams,RB,6,2024,1qb,ppr,2,8,FA,24,5'8,229
ben-sinnott,Ben Sinnott,TE,2,2024,1qb,ppr,2,9,WAS,23,6'3,250
jermaine-burton,Jermaine Burton,WR,12,2024,1qb,ppr,2,10,FA,24,6'0,195
roman-wilson,Roman Wilson,WR,13,2024,1qb,ppr,2,11,PIT,24,5'10,185
jack-westover,Jack Westover,TE,3,2024,1qb,ppr,2,12,NE,26,6'2,243
drake-maye,Drake Maye,QB,3,2024,1qb,ppr,3,1,NE,23,6'4,223
jj-mccarthy,JJ McCarthy,QB,4,2024,1qb,ppr,3,2,MIN,23,6'2,219
troy-franklin,Troy Franklin,WR,14,2024,1qb,ppr,3,3,DEN,23,6'1,176
ray-davis,Ray Davis,RB,7,2024,1qb,ppr,3,4,BUF,26,5'8,211
audric-estime,Audric Estime,RB,8,2024,1qb,ppr,3,5,NO,22,5'11,221
malachi-corley,Malachi Corley,WR,15,2024,1qb,ppr,3,6,CLE,23,5'11,210
kimani-vidal,Kimani Vidal,RB,9,2024,1qb,ppr,3,7,LAC,24,5'7,213
bo-nix,Bo Nix,QB,5,2024,1qb,ppr,3,8,DEN,26,6'2,214
bucky-irving,Bucky Irving,RB,10,2024,1qb,ppr,3,9,TB,23,5'9,192
luke-mccaffrey,Luke McCaffrey,WR,16,2024,1qb,ppr,3,10,WAS,24,6'1,198
javon-baker,Javon Baker,WR,17,2024,1qb,ppr,3,11,FA,24,6'1,202
jalen-mcmillan,Jalen McMillan,WR,18,2024,1qb,ppr,3,12,TB,24,6'1,197
ja-tavion-sanders,Ja'Tavion Sanders,TE,4,2024,1qb,ppr,4,1,CAR,22,6'3,245
tyrone-tracy,Tyrone Tracy Jr,RB,11,2024,1qb,ppr,4,2,NYG,26,5'11,209
tanner-mordecai,Tanner Mordecai,QB,6,2024,1qb,ppr,4,3,FA,26,6'2,211
joe-milton,Joe Milton,QB,7,2024,1qb,ppr,4,4,DAL,25,6'5,235
michael-penix,Michael Penix,QB,8,2024,1qb,ppr,4,5,ATL,25,6'2,216
kedon-slovis,Kedon Slovis,QB,9,2024,1qb,ppr,4,6,ARI,24,6'2,223
brenden-rice,Brenden Rice,WR,19,2024,1qb,ppr,4,7,FA,23,6'2,208
braelon-allen,Braelon Allen,RB,12,2024,1qb,ppr,4,8,NYJ,22,6'1,235
will-shipley,Will Shipley,RB,13,2024,1qb,ppr,4,9,PHI,23,5'11,206
devontez-walker,Devontez Walker,WR,20,2024,1qb,ppr,4,10,BAL,24,6'1,193
carson-steele,Carson Steele,RB,14,2024,1qb,ppr,4,11,KC,23,6'1,215
theo-johnson,Theo Johnson,TE,5,2024,1qb,ppr,4,12,NYG,25,6'6,259
isaac-guerendo,Isaac Guerendo,RB,15,2024,1qb,ppr,5,1,SF,25,6'0,221
cade-stover,Cade Stover,TE,6,2024,1qb,ppr,5,2,HOU,25,6'3,247
dylan-laube,Dylan Laube,RB,16,2024,1qb,ppr,5,3,LV,26,5'9,206
erick-all,Erick All,TE,7,2024,1qb,ppr,5,4,CIN,25,6'4,252
jared-wiley,Jared Wiley,TE,8,2024,1qb,ppr,5,5,KC,25,6'6,249
rasheen-ali,Rasheen Ali,RB,17,2024,1qb,ppr,5,6,BAL,25,5'11,206
malik-washington,Malik Washington,WR,21,2024,1qb,ppr,5,7,MIA,25,5'8,191
aj-barner,AJ Barner,TE,9,2024,1qb,ppr,5,8,SEA,23,6'6,251
brevyn-spann-ford,Brevyn Spann-Ford,TE,10,2024,1qb,ppr,5,9,DAL,26,6'6,260
frank-gore,Frank Gore Jr,RB,18,2024,1qb,ppr,5,10,BUF,23,5'7,201
marcus-rosemy-jacksaint,Marcus Rosemy-Jacksaint,WR,22,2024,1qb,ppr,5,11,FA,24,6'1,195
dallin-holker,Dallin Holker,TE,11,2024,1qb,ppr,5,12,FA,25,6'3,241
marvin-harrison,Marvin Harrison Jr,WR,1,2024,1qb,hppr,1,1,ARI,23,6'3,209
malik-nabers,Malik Nabers,WR,2,2024,1qb,hppr,1,2,NYG,22,6'1,188
rome-odunze,Rome Odunze,WR,3,2024,1qb,hppr,1,3,CHI,23,6'2,212
brock-bowers,Brock Bowers,TE,1,2024,1qb,hppr,1,4,LV,23,6'3,243
jonathon-brooks,Jonathon Brooks,RB,1,2024,1qb,hppr,1,5,CAR,22,6'0,216
xavier-worthy,Xavier Worthy,WR,4,2024,1qb,hppr,1,6,KC,22,5'11,165
brian-thomas,Brian Thomas,WR,5,2024,1qb,hppr,1,7,JAC,23,6'2,209
caleb-williams,Caleb Williams,QB,1,2024,1qb,hppr,1,8,CHI,23,6'1,214
keon-coleman,Keon Coleman,WR,6,2024,1qb,hppr,1,9,BUF,22,6'3,213
ladd-mcconkey,Ladd McConkey,WR,7,2024,1qb,hppr,1,10,LAC,24,5'11,186
trey-benson,Trey Benson,RB,2,2024,1qb,hppr,1,11,ARI,23,6'0,216
jayden-daniels,Jayden Daniels,QB,2,2024,1qb,hppr,1,12,WAS,25,6'3,192
ricky-pearsall,Ricky Pearsall,WR,8,2024,1qb,hppr,2,1,SF,25,6'1,189
blake-corum,Blake Corum,RB,3,2024,1qb,hppr,2,2,LAR,25,5'7,205
xavier-legette,Xavier Legette,WR,9,2024,1qb,hppr,2,3,CAR,25,6'1,221
adonai-mitchell,Adonai Mitchell,WR,10,2024,1qb,hppr,2,4,NYJ,24,6'2,205
jaylen-wright,Jaylen Wright,RB,4,2024,1qb,hppr,2,5,MIA,22,5'10,210
marshawn-lloyd,MarShawn Lloyd,RB,5,2024,1qb,hppr,2,6,GB,24,5'8,220
ja-lynn-polk,Ja'Lynn Polk,WR,11,2024,1qb,hppr,2,7,NO,23,6'1,203
jermaine-burton,Jermaine Burton,WR,12,2024,1qb,hppr,2,8,FA,24,6'0,195
jj-mccarthy,JJ McCarthy,QB,3,2024,1qb,hppr,2,9,MIN,23,6'2,219
roman-wilson,Roman Wilson,WR,13,2024,1qb,hppr,2,10,PIT,24,5'10,185
ben-sinnott,Ben Sinnott,TE,2,2024,1qb,hppr,2,11,WAS,23,6'3,250
drake-maye,Drake Maye,QB,4,2024,1qb,hppr,2,12,NE,23,6'4,223
troy-franklin,Troy Franklin,WR,14,2024,1qb,hppr,3,1,DEN,23,6'1,176
malachi-corley,Malachi Corley,WR,15,2024,1qb,hppr,3,2,CLE,23,5'11,210
luke-mccaffrey,Luke McCaffrey,WR,16,2024,1qb,hppr,3,3,WAS,24,6'1,198
ray-davis,Ray Davis,RB,6,2024,1qb,hppr,3,4,BUF,26,5'8,211
bucky-irving,Bucky Irving,RB,7,2024,1qb,hppr,3,5,TB,23,5'9,192
kimani-vidal,Kimani Vidal,RB,8,2024,1qb,hppr,3,6,LAC,24,5'7,213
bo-nix,Bo Nix,QB,5,2024,1qb,hppr,3,7,DEN,26,6'2,214
jalen-mcmillan,Jalen McMillan,WR,17,2024,1qb,hppr,3,8,TB,24,6'1,197
javon-baker,Javon Baker,WR,18,2024,1qb,hppr,3,9,FA,24,6'1,202
audric-estime,Audric Estime,RB,9,2024,1qb,hppr,3,10,NO,22,5'11,221
ja-tavion-sanders,Ja'Tavion Sanders,TE,3,2024,1qb,hppr,3,11,CAR,22,6'3,245
michael-penix,Michael Penix,QB,6,2024,1qb,hppr,3,12,ATL,25,6'2,216
tyrone-tracy,Tyrone Tracy Jr,RB,10,2024,1qb,hppr,4,1,NYG,26,5'11,209
braelon-allen,Braelon Allen,RB,11,2024,1qb,hppr,4,2,NYJ,22,6'1,235
will-shipley,Will Shipley,RB,12,2024,1qb,hppr,4,3,PHI,23,5'11,206
isaac-guerendo,Isaac Guerendo,RB,13,2024,1qb,hppr,4,4,SF,25,6'0,221
theo-johnson,Theo Johnson,TE,4,2024,1qb,hppr,4,5,NYG,25,6'6,259
spencer-rattler,Spencer Rattler,QB,7,2024,1qb,hppr,4,6,NO,25,6'0,211
tip-reiman,Tip Reiman,TE,5,2024,1qb,hppr,4,7,ARI,,6'5,270
malik-washington,Malik Washington,WR,19,2024,1qb,hppr,4,8,MIA,25,5'8,191
devontez-walker,Devontez Walker,WR,20,2024,1qb,hppr,4,9,BAL,24,6'1,193
erick-all,Erick All,TE,6,2024,1qb,hppr,4,10,CIN,25,6'4,252
dylan-laube,Dylan Laube,RB,14,2024,1qb,hppr,4,11,LV,26,5'9,206
jacob-cowing,Jacob Cowing,WR,21,2024,1qb,hppr,4,12,SF,25,5'8,168
cade-stover,Cade Stover,TE,7,2024,1qb,hppr,5,1,HOU,25,6'3,247
rasheen-ali,Rasheen Ali,RB,15,2024,1qb,hppr,5,2,BAL,25,5'11,206
brenden-rice,Brenden Rice,WR,22,2024,1qb,hppr,5,3,FA,23,6'2,208
jared-wiley,Jared Wiley,TE,8,2024,1qb,hppr,5,4,KC,25,6'6,249
ryan-flournoy,Ryan Flournoy,WR,23,2024,1qb,hppr,5,5,DAL,26,6'1,202
ainias-smith,Ainias Smith,WR,24,2024,1qb,hppr,5,6,FA,24,5'9,190
frank-gore,Frank Gore Jr,RB,16,2024,1qb,hppr,5,7,BUF,23,5'7,201
sione-vaki,Sione Vaki,RB,17,2024,1qb,hppr,5,8,DET,24,5'11,213
jamari-thrash,Jamari Thrash,WR,25,2024,1qb,hppr,5,9,CLE,25,5'11,188
blake-watson,Blake Watson,RB,18,2024,1qb,hppr,5,10,FA,26,5'9,195
joe-milton,Joe Milton,QB,8,2024,1qb,hppr,5,11,DAL,25,6'5,235
dillon-johnson,Dillon Johnson,RB,19,2024,1qb,hppr,5,12,TEN,24,5'11,217
caleb-williams,Caleb Williams,QB,1,2024,sf,ppr,1,1,CHI,23,6'1,214
marvin-harrison,Marvin Harrison Jr,WR,1,2024,sf,ppr,1,2,ARI,23,6'3,209
jayden-daniels,Jayden Daniels,QB,2,2024,sf,ppr,1,3,WAS,25,6'3,192
malik-nabers,Malik Nabers,WR,2,2024,sf,ppr,1,4,NYG,22,6'1,188
rome-odunze,Rome Odunze,WR,3,2024,sf,ppr,1,5,CHI,23,6'2,212
drake-maye,Drake Maye,QB,3,2024,sf,ppr,1,6,NE,23,6'4,223
jj-mccarthy,JJ McCarthy,QB,4,2024,sf,ppr,1,7,MIN,23,6'2,219
brock-bowers,Brock Bowers,TE,1,2024,sf,ppr,1,8,LV,23,6'3,243
jonathon-brooks,Jonathon Brooks,RB,1,2024,sf,ppr,1,9,CAR,22,6'0,216
brian-thomas,Brian Thomas,WR,4,2024,sf,ppr,1,10,JAC,23,6'2,209
xavier-worthy,Xavier Worthy,WR,5,2024,sf,ppr,1,11,KC,22,5'11,165
bo-nix,Bo Nix,QB,5,2024,sf,ppr,1,12,DEN,26,6'2,214
ladd-mcconkey,Ladd McConkey,WR,6,2024,sf,ppr,2,1,LAC,24,5'11,186
keon-coleman,Keon Coleman,WR,7,2024,sf,ppr,2,2,BUF,22,6'3,213
trey-benson,Trey Benson,RB,2,2024,sf,ppr,2,3,ARI,23,6'0,216
michael-penix,Michael Penix,QB,6,2024,sf,ppr,2,4,ATL,25,6'2,216
ricky-pearsall,Ricky Pearsall,WR,8,2024,sf,ppr,2,5,SF,25,6'1,189
blake-corum,Blake Corum,RB,3,2024,sf,ppr,2,6,LAR,25,5'7,205
xavier-legette,Xavier Legette,WR,9,2024,sf,ppr,2,7,CAR,25,6'1,221
adonai-mitchell,Adonai Mitchell,WR,10,2024,sf,ppr,2,8,NYJ,24,6'2,205
marshawn-lloyd,MarShawn Lloyd,RB,4,2024,sf,ppr,2,9,GB,24,5'8,220
jaylen-wright,Jaylen Wright,RB,5,2024,sf,ppr,2,10,MIA,22,5'10,210
ja-lynn-polk,Ja'Lynn Polk,WR,11,2024,sf,ppr,2,11,NO,23,6'1,203
ben-sinnott,Ben Sinnott,TE,2,2024,sf,ppr,2,12,WAS,23,6'3,250
jermaine-burton,Jermaine Burton,WR,12,2024,sf,ppr,3,1,FA,24,6'0,195
roman-wilson,Roman Wilson,WR,13,2024,sf,ppr,3,2,PIT,24,5'10,185
troy-franklin,Troy Franklin,WR,14,2024,sf,ppr,3,3,DEN,23,6'1,176
kimani-vidal,Kimani Vidal,RB,6,2024,sf,ppr,3,4,LAC,24,5'7,213
malachi-corley,Malachi Corley,WR,15,2024,sf,ppr,3,5,CLE,23,5'11,210
ray-davis,Ray Davis,RB,7,2024,sf,ppr,3,6,BUF,26,5'8,211
luke-mccaffrey,Luke McCaffrey,WR,16,2024,sf,ppr,3,7,WAS,24,6'1,198
javon-baker,Javon Baker,WR,17,2024,sf,ppr,3,8,FA,24,6'1,202
bucky-irving,Bucky Irving,RB,8,2024,sf,ppr,3,9,TB,23,5'9,192
ja-tavion-sanders,Ja'Tavion Sanders,TE,3,2024,sf,ppr,3,10,CAR,22,6'3,245
spencer-rattler,Spencer Rattler,QB,7,2024,sf,ppr,3,11,NO,25,6'0,211
audric-estime,Audric Estime,RB,9,2024,sf,ppr,3,12,NO,22,5'11,221
tyrone-tracy,Tyrone Tracy Jr,RB,10,2024,sf,ppr,4,1,NYG,26,5'11,209
jalen-mcmillan,Jalen McMillan,WR,18,2024,sf,ppr,4,2,TB,24,6'1,197
braelon-allen,Braelon Allen,RB,11,2024,sf,ppr,4,3,NYJ,22,6'1,235
george-holani,George Holani,RB,12,2024,sf,ppr,4,4,SEA,25,5'10,208
will-shipley,Will Shipley,RB,13,2024,sf,ppr,4,5,PHI,23,5'11,206
theo-johnson,Theo Johnson,TE,4,2024,sf,ppr,4,6,NYG,25,6'6,259
devontez-walker,Devontez Walker,WR,19,2024,sf,ppr,4,7,BAL,24,6'1,193
isaac-guerendo,Isaac Guerendo,RB,14,2024,sf,ppr,4,8,SF,25,6'0,221
cade-stover,Cade Stover,TE,5,2024,sf,ppr,4,9,HOU,25,6'3,247
brenden-rice,Brenden Rice,WR,20,2024,sf,ppr,4,10,FA,23,6'2,208
erick-all,Erick All,TE,6,2024,sf,ppr,4,11,CIN,25,6'4,252
dylan-laube,Dylan Laube,RB,15,2024,sf,ppr,4,12,LV,26,5'9,206
malik-washington,Malik Washington,WR,21,2024,sf,ppr,5,1,MIA,25,5'8,191
rasheen-ali,Rasheen Ali,RB,16,2024,sf,ppr,5,2,BAL,25,5'11,206
jared-wiley,Jared Wiley,TE,7,2024,sf,ppr,5,3,KC,25,6'6,249
jordan-travis,Jordan Travis,QB,8,2024,sf,ppr,5,4,FA,25,6'1,200
devin-leary,Devin Leary,QB,9,2024,sf,ppr,5,5,FA,26,6'1,215
tanner-mclachlan,Tanner McLachlan,TE,8,2024,sf,ppr,5,6,LAC,26,6'5,244
dallin-holker,Dallin Holker,TE,9,2024,sf,ppr,5,7,FA,25,6'3,241
jacob-cowing,Jacob Cowing,WR,22,2024,sf,ppr,5,8,SF,25,5'8,168
jaden-shirden,Jaden Shirden,RB,17,2024,sf,ppr,5,9,FA,,5'8,187
taulia-tagovailoa,Taulia Tagovailoa,QB,10,2024,sf,ppr,5,10,FA,26,5'11,214
frank-gore,Frank Gore Jr,RB,18,2024,sf,ppr,5,11,BUF,23,5'7,201
blake-watson,Blake Watson,RB,19,2024,sf,ppr,5,12,FA,26,5'9,195
caleb-williams,Caleb Williams,QB,1,2024,sf,hppr,1,1,CHI,23,6'1,214
marvin-harrison,Marvin Harrison Jr,WR,1,2024,sf,hppr,1,2,ARI,23,6'3,209
jayden-daniels,Jayden Daniels,QB,2,2024,sf,hppr,1,3,WAS,25,6'3,192
malik-nabers,Malik Nabers,WR,2,2024,sf,hppr,1,4,NYG,22,6'1,188
drake-maye,Drake Maye,QB,3,2024,sf,hppr,1,5,NE,23,6'4,223
rome-odunze,Rome Odunze,WR,3,2024,sf,hppr,1,6,CHI,23,6'2,212
jj-mccarthy,JJ McCarthy,QB,4,2024,sf,hppr,1,7,MIN,23,6'2,219
brock-bowers,Brock Bowers,TE,1,2024,sf,hppr,1,8,LV,23,6'3,243
jonathon-brooks,Jonathon Brooks,RB,1,2024,sf,hppr,1,9,CAR,22,6'0,216
brian-thomas,Brian Thomas,WR,4,2024,sf,hppr,1,10,JAC,23,6'2,209
xavier-worthy,Xavier Worthy,WR,5,2024,sf,hppr,1,11,KC,22,5'11,165
bo-nix,Bo Nix,QB,5,2024,sf,hppr,1,12,DEN,26,6'2,214
ladd-mcconkey,Ladd McConkey,WR,6,2024,sf,hppr,2,1,LAC,24,5'11,186
keon-coleman,Keon Coleman,WR,7,2024,sf,hppr,2,2,BUF,22,6'3,213
trey-benson,Trey Benson,RB,2,2024,sf,hppr,2,3,ARI,23,6'0,216
michael-penix,Michael Penix,QB,6,2024,sf,hppr,2,4,ATL,25,6'2,216
ricky-pearsall,Ricky Pearsall,WR,8,2024,sf,hppr,2,5,SF,25,6'1,189
blake-corum,Blake Corum,RB,3,2024,sf,hppr,2,6,LAR,25,5'7,205
xavier-legette,Xavier Legette,WR,9,2024,sf,hppr,2,7,CAR,25,6'1,221
adonai-mitchell,Adonai Mitchell,WR,10,2024,sf,hppr,2,8,NYJ,24,6'2,205
ja-lynn-polk,Ja'Lynn Polk,WR,11,2024,sf,hppr,2,9,NO,23,6'1,203
ben-sinnott,Ben Sinnott,TE,2,2024,sf,hppr,2,10,WAS,23,6'3,250
marshawn-lloyd,MarShawn Lloyd,RB,4,2024,sf,hppr,2,11,GB,24,5'8,220
jaylen-wright,Jaylen Wright,RB,5,2024,sf,hppr,2,12,MIA,22,5'10,210
jermaine-burton,Jermaine Burton,WR,12,2024,sf,hppr,3,1,FA,24,6'0,195
roman-wilson,Roman Wilson,WR,13,2024,sf,hppr,3,2,PIT,24,5'10,185
troy-franklin,Troy Franklin,WR,14,2024,sf,hppr,3,3,DEN,23,6'1,176
kimani-vidal,Kimani Vidal,RB,6,2024,sf,hppr,3,4,LAC,24,5'7,213
malachi-corley,Malachi Corley,WR,15,2024,sf,hppr,3,5,CLE,23,5'11,210
luke-mccaffrey,Luke McCaffrey,WR,16,2024,sf,hppr,3,6,WAS,24,6'1,198
bucky-irving,Bucky Irving,RB,7,2024,sf,hppr,3,7,TB,23,5'9,192
ray-davis,Ray Davis,RB,8,2024,sf,hppr,3,8,BUF,26,5'8,211
javon-baker,Javon Baker,WR,17,2024,sf,hppr,3,9,FA,24,6'1,202
ja-tavion-sanders,Ja'Tavion Sanders,TE,3,2024,sf,hppr,3,10,CAR,22,6'3,245
jalen-mcmillan,Jalen McMillan,WR,18,2024,sf,hppr,3,11,TB,24,6'1,197
audric-estime,Audric Estime,RB,9,2024,sf,hppr,3,12,NO,22,5'11,221
tyrone-tracy,Tyrone Tracy Jr,RB,10,2024,sf,hppr,4,1,NYG,26,5'11,209
spencer-rattler,Spencer Rattler,QB,7,2024,sf,hppr,4,2,NO,25,6'0,211
braelon-allen,Braelon Allen,RB,11,2024,sf,hppr,4,3,NYJ,22,6'1,235
isaac-guerendo,Isaac Guerendo,RB,12,2024,sf,hppr,4,4,SF,25,6'0,221
will-shipley,Will Shipley,RB,13,2024,sf,hppr,4,5,PHI,23,5'11,206
sione-vaki,Sione Vaki,RB,14,2024,sf,hppr,4,6,DET,24,5'11,213
theo-johnson,Theo Johnson,TE,4,2024,sf,hppr,4,7,NYG,25,6'6,259
dylan-laube,Dylan Laube,RB,15,2024,sf,hppr,4,8,LV,26,5'9,206
cade-stover,Cade Stover,TE,5,2024,sf,hppr,4,9,HOU,25,6'3,247
devontez-walker,Devontez Walker,WR,19,2024,sf,hppr,4,10,BAL,24,6'1,193
jordan-travis,Jordan Travis,QB,8,2024,sf,hppr,4,11,FA,25,6'1,200
brenden-rice,Brenden Rice,WR,20,2024,sf,hppr,4,12,FA,23,6'2,208
erick-all,Erick All,TE,6,2024,sf,hppr,5,1,CIN,25,6'4,252
malik-washington,Malik Washington,WR,21,2024,sf,hppr,5,2,MIA,25,5'8,191
jaheim-bell,Jaheim Bell,TE,7,2024,sf,hppr,5,3,FA,24,6'2,241
rasheen-ali,Rasheen Ali,RB,16,2024,sf,hppr,5,4,BAL,25,5'11,206
jared-wiley,Jared Wiley,TE,8,2024,sf,hppr,5,5,KC,25,6'6,249
anthony-gould,Anthony Gould,WR,22,2024,sf,hppr,5,6,IND,,5'8,174
jacob-cowing,Jacob Cowing,WR,23,2024,sf,hppr,5,7,SF,25,5'8,168
ainias-smith,Ainias Smith,WR,24,2024,sf,hppr,5,8,FA,24,5'9,190
isaiah-davis,Isaiah Davis,RB,17,2024,sf,hppr,5,9,NYJ,24,6'0,218
dillon-johnson,Dillon Johnson,RB,18,2024,sf,hppr,5,10,TEN,24,5'11,217
frank-gore,Frank Gore Jr,RB,19,2024,sf,hppr,5,11,BUF,23,5'7,201
johnny-wilson,Johnny Wilson,WR,25,2024,sf,hppr,5,12,PHI,24,6'6,231
bijan-robinson,Bijan Robinson,RB,1,2023,1qb,ppr,1,1,ATL,24,5'11,215
jahmyr-gibbs,Jahmyr Gibbs,RB,2,2023,1qb,ppr,1,2,DET,23,5'9,199
jaxon-smith-njigba,Jaxon Smith-Njigba,WR,1,2023,1qb,ppr,1,3,SEA,24,6'1,196
jordan-addison,Jordan Addison,WR,2,2023,1qb,ppr,1,4,MIN,24,5'11,173
quentin-johnston,Quentin Johnston,WR,3,2023,1qb,ppr,1,5,LAC,24,6'3,208
zach-charbonnet,Zach Charbonnet,RB,3,2023,1qb,ppr,1,6,SEA,25,6'0,214
anthony-richardson,Anthony Richardson,QB,1,2023,1qb,ppr,1,7,IND,23,6'4,244
zay-flowers,Zay Flowers,WR,4,2023,1qb,ppr,1,8,BAL,25,5'9,182
dalton-kincaid,Dalton Kincaid,TE,1,2023,1qb,ppr,1,9,BUF,26,6'4,246
de-von-achane,De'Von Achane,RB,4,2023,1qb,ppr,1,10,MIA,24,5'9,188
hunter-leupke,Hunter Leupke,RB,5,2023,1qb,ppr,1,11,DAL,26,6'1,238
kendre-miller,Kendre Miller,RB,6,2023,1qb,ppr,1,12,NO,23,5'11,215
dontay-demus,Dontay Demus,WR,5,2023,1qb,ppr,2,1,BAL,26,6'3,212
sam-laporta,Sam LaPorta,TE,2,2023,1qb,ppr,2,2,DET,25,6'3,245
bryce-young,Bryce Young,QB,2,2023,1qb,ppr,2,3,CAR,24,5'10,204
roschon-johnson,Roschon Johnson,RB,7,2023,1qb,ppr,2,4,CHI,25,6'0,219
jonathan-mingo,Jonathan Mingo,WR,6,2023,1qb,ppr,2,5,DAL,24,6'2,215
tyjae-spears,Tyjae Spears,RB,8,2023,1qb,ppr,2,6,TEN,24,5'10,201
michael-mayer,Michael Mayer,TE,3,2023,1qb,ppr,2,7,LV,24,6'4,249
rashee-rice,Rashee Rice,WR,7,2023,1qb,ppr,2,8,KC,25,6'1,204
cj-stroud,CJ Stroud,QB,3,2023,1qb,ppr,2,9,HOU,24,6'3,214
tank-bigsby,Tank Bigsby,RB,9,2023,1qb,ppr,2,10,PHI,24,6'0,210
marvin-mims,Marvin Mims,WR,8,2023,1qb,ppr,2,11,DEN,23,5'11,184
jayden-reed,Jayden Reed,WR,9,2023,1qb,ppr,2,12,GB,25,5'11,187
josh-downs,Josh Downs,WR,10,2023,1qb,ppr,3,1,IND,24,5'9,171
chase-brown,Chase Brown,RB,10,2023,1qb,ppr,3,2,CIN,25,5'10,209
jalin-hyatt,Jalin Hyatt,WR,11,2023,1qb,ppr,3,3,NYG,24,6'0,176
luke-musgrave,Luke Musgrave,TE,4,2023,1qb,ppr,3,4,GB,25,6'6,253
cedric-tillman,Cedric Tillman,WR,12,2023,1qb,ppr,3,5,CLE,25,6'3,215
israel-abanikanda,Israel Abanikanda,RB,11,2023,1qb,ppr,3,6,FA,23,5'10,216
rakim-jarrett,Rakim Jarrett,WR,13,2023,1qb,ppr,3,7,FA,25,6'0,192
tank-dell,Tank Dell,WR,14,2023,1qb,ppr,3,8,HOU,26,5'8,165
zach-evans,Zach Evans,RB,12,2023,1qb,ppr,3,9,FA,24,5'11,202
luke-schoonmaker,Luke Schoonmaker,TE,5,2023,1qb,ppr,3,10,DAL,27,6'6,250
will-levis,Will Levis,QB,4,2023,1qb,ppr,3,11,TEN,26,6'4,229
hendon-hooker,Hendon Hooker,QB,5,2023,1qb,ppr,3,12,NYJ,28,6'3,217
dewayne-mcbride,DeWayne McBride,RB,13,2023,1qb,ppr,4,1,FA,24,5'10,209
michael-wilson,Michael Wilson,WR,15,2023,1qb,ppr,4,2,ARI,26,6'2,213
deuce-vaughn,Deuce Vaughn,RB,14,2023,1qb,ppr,4,3,FA,24,5'5,179
max-duggan,Max Duggan,QB,6,2023,1qb,ppr,4,4,FA,25,6'2,220
kayshon-boutte,Kayshon Boutte,WR,16,2023,1qb,ppr,4,5,NE,23,5'11,195
puka-nacua,Puka Nacua,WR,17,2023,1qb,ppr,4,6,LAR,24,6'2,201
darnell-washington,Darnell Washington,TE,6,2023,1qb,ppr,4,7,PIT,24,6'7,264
deneric-prince,Deneric Prince,RB,15,2023,1qb,ppr,4,8,NE,25,6'0,216
sean-tucker,Sean Tucker,RB,16,2023,1qb,ppr,4,9,TB,24,5'9,207
eric-gray,Eric Gray,RB,17,2023,1qb,ppr,4,10,NYG,26,5'10,207
evan-hull,Evan Hull,RB,18,2023,1qb,ppr,4,11,NO,25,5'10,209
tucker-kraft,Tucker Kraft,TE,7,2023,1qb,ppr,4,12,GB,25,6'5,255
tyler-scott,Tyler Scott,WR,18,2023,1qb,ppr,5,1,FA,24,5'10,177
charlie-jones,Charlie Jones,WR,19,2023,1qb,ppr,5,2,CIN,27,5'11,175
justyn-ross,Justyn Ross,WR,20,2023,1qb,ppr,5,3,FA,26,6'4,205
chris-rodriguez,Chris Rodriguez,RB,19,2023,1qb,ppr,5,4,WAS,26,6'0,217
malik-cunningham,Malik Cunningham,QB,7,2023,1qb,ppr,5,5,FA,27,6'0,192
at-perry,AT Perry,WR,21,2023,1qb,ppr,5,6,FA,26,6'3,198
brenton-strange,Brenton Strange,TE,8,2023,1qb,ppr,5,7,JAC,25,6'4,253
trey-palmer,Trey Palmer,WR,22,2023,1qb,ppr,5,8,NO,24,6'0,192
xavier-hutchinson,Xavier Hutchinson,WR,23,2023,1qb,ppr,5,9,HOU,25,6'2,203
derius-davis,Derius Davis,WR,24,2023,1qb,ppr,5,10,LAC,25,5'8,168
josh-whyle,Josh Whyle,TE,9,2023,1qb,ppr,5,11,GB,26,6'6,248
ronnie-bell,Ronnie Bell,WR,25,2023,1qb,ppr,5,12,NO,26,6'0,191
bijan-robinson,Bijan Robinson,RB,1,2023,1qb,hppr,1,1,ATL,24,5'11,215
jahmyr-gibbs,Jahmyr Gibbs,RB,2,2023,1qb,hppr,1,2,DET,23,5'9,199
jaxon-smith-njigba,Jaxon Smith-Njigba,WR,1,2023,1qb,hppr,1,3,SEA,24,6'1,196
jordan-addison,Jordan Addison,WR,2,2023,1qb,hppr,1,4,MIN,24,5'11,173
quentin-johnston,Quentin Johnston,WR,3,2023,1qb,hppr,1,5,LAC,24,6'3,208
zay-flowers,Zay Flowers,WR,4,2023,1qb,hppr,1,6,BAL,25,5'9,182
dalton-kincaid,Dalton Kincaid,TE,1,2023,1qb,hppr,1,7,BUF,26,6'4,246
zach-charbonnet,Zach Charbonnet,RB,3,2023,1qb,hppr,1,8,SEA,25,6'0,214
anthony-richardson,Anthony Richardson,QB,1,2023,1qb,hppr,1,9,IND,23,6'4,244
de-von-achane,De'Von Achane,RB,4,2023,1qb,hppr,1,10,MIA,24,5'9,188
kendre-miller,Kendre Miller,RB,5,2023,1qb,hppr,1,11,NO,23,5'11,215
michael-mayer,Michael Mayer,TE,2,2023,1qb,hppr,1,12,LV,24,6'4,249
bryce-young,Bryce Young,QB,2,2023,1qb,hppr,2,1,CAR,24,5'10,204
jonathan-mingo,Jonathan Mingo,WR,5,2023,1qb,hppr,2,2,DAL,24,6'2,215
sam-laporta,Sam LaPorta,TE,3,2023,1qb,hppr,2,3,DET,25,6'3,245
roschon-johnson,Roschon Johnson,RB,6,2023,1qb,hppr,2,4,CHI,25,6'0,219
marvin-mims,Marvin Mims,WR,6,2023,1qb,hppr,2,5,DEN,23,5'11,184
tyjae-spears,Tyjae Spears,RB,7,2023,1qb,hppr,2,6,TEN,24,5'10,201
cj-stroud,CJ Stroud,QB,3,2023,1qb,hppr,2,7,HOU,24,6'3,214
tank-bigsby,Tank Bigsby,RB,8,2023,1qb,hppr,2,8,PHI,24,6'0,210
rashee-rice,Rashee Rice,WR,7,2023,1qb,hppr,2,9,KC,25,6'1,204
josh-downs,Josh Downs,WR,8,2023,1qb,hppr,2,10,IND,24,5'9,171
jayden-reed,Jayden Reed,WR,9,2023,1qb,hppr,2,11,GB,25,5'11,187
chase-brown,Chase Brown,RB,9,2023,1qb,hppr,2,12,CIN,25,5'10,209
jalin-hyatt,Jalin Hyatt,WR,10,2023,1qb,hppr,3,1,NYG,24,6'0,176
cedric-tillman,Cedric Tillman,WR,11,2023,1qb,hppr,3,2,CLE,25,6'3,215
luke-musgrave,Luke Musgrave,TE,4,2023,1qb,hppr,3,3,GB,25,6'6,253
will-levis,Will Levis,QB,4,2023,1qb,hppr,3,4,TEN,26,6'4,229
zach-evans,Zach Evans,RB,10,2023,1qb,hppr,3,5,FA,24,5'11,202
luke-schoonmaker,Luke Schoonmaker,TE,5,2023,1qb,hppr,3,6,DAL,27,6'6,250
tank-dell,Tank Dell,WR,12,2023,1qb,hppr,3,7,HOU,26,5'8,165
israel-abanikanda,Israel Abanikanda,RB,11,2023,1qb,hppr,3,8,FA,23,5'10,216
michael-wilson,Michael Wilson,WR,13,2023,1qb,hppr,3,9,ARI,26,6'2,213
dewayne-mcbride,DeWayne McBride,RB,12,2023,1qb,hppr,3,10,FA,24,5'10,209
deuce-vaughn,Deuce Vaughn,RB,13,2023,1qb,hppr,3,11,FA,24,5'5,179
kayshon-boutte,Kayshon Boutte,WR,14,2023,1qb,hppr,3,12,NE,23,5'11,195
evan-hull,Evan Hull,RB,14,2023,1qb,hppr,4,1,NO,25,5'10,209
charlie-jones,Charlie Jones,WR,15,2023,1qb,hppr,4,2,CIN,27,5'11,175
sean-tucker,Sean Tucker,RB,15,2023,1qb,hppr,4,3,TB,24,5'9,207
darnell-washington,Darnell Washington,TE,6,2023,1qb,hppr,4,4,PIT,24,6'7,264
justin-shorter,Justin Shorter,TE,7,2023,1qb,hppr,4,5,FA,25,6'4,229
chris-rodriguez,Chris Rodriguez,RB,16,2023,1qb,hppr,4,6,WAS,26,6'0,217
puka-nacua,Puka Nacua,WR,16,2023,1qb,hppr,4,7,LAR,24,6'2,201
tucker-kraft,Tucker Kraft,TE,8,2023,1qb,hppr,4,8,GB,25,6'5,255
eric-gray,Eric Gray,RB,17,2023,1qb,hppr,4,9,NYG,26,5'10,207
hendon-hooker,Hendon Hooker,QB,5,2023,1qb,hppr,4,10,NYJ,28,6'3,217
trey-palmer,Trey Palmer,WR,17,2023,1qb,hppr,4,11,NO,24,6'0,192
at-perry,AT Perry,WR,18,2023,1qb,hppr,4,12,FA,26,6'3,198
deneric-prince,Deneric Prince,RB,18,2023,1qb,hppr,5,1,NE,25,6'0,216
kenny-mcintosh,Kenny McIntosh,RB,19,2023,1qb,hppr,5,2,SEA,26,6'0,204
xavier-hutchinson,Xavier Hutchinson,WR,19,2023,1qb,hppr,5,3,HOU,25,6'2,203
tre-tucker,Tre Tucker,WR,20,2023,1qb,hppr,5,4,LV,24,5'9,182
tyler-scott,Tyler Scott,WR,21,2023,1qb,hppr,5,5,FA,24,5'10,177
stetson-bennett,Stetson Bennett,QB,6,2023,1qb,hppr,5,6,LAR,28,5'11,192
clayton-tune,Clayton Tune,QB,7,2023,1qb,hppr,5,7,FA,26,6'3,220
dontayvion-wicks,Dontayvion Wicks,WR,22,2023,1qb,hppr,5,8,GB,24,6'1,206
tiyon-evans,Tiyon Evans,RB,20,2023,1qb,hppr,5,9,LAR,,5'10,225
jaleel-mclaughlin,Jaleel McLaughlin,RB,21,2023,1qb,hppr,5,10,DEN,25,5'9,195
parker-washington,Parker Washington,WR,23,2023,1qb,hppr,5,11,JAC,23,5'10,204
keaton-mitchell,Keaton Mitchell,RB,22,2023,1qb,hppr,5,12,BAL,24,5'8,179
bijan-robinson,Bijan Robinson,RB,1,2023,sf,ppr,1,1,ATL,24,5'11,215
anthony-richardson,Anthony Richardson,QB,1,2023,sf,ppr,1,2,IND,23,6'4,244
bryce-young,Bryce Young,QB,2,2023,sf,ppr,1,3,CAR,24,5'10,204
jahmyr-gibbs,Jahmyr Gibbs,RB,2,2023,sf,ppr,1,4,DET,23,5'9,199
cj-stroud,CJ Stroud,QB,3,2023,sf,ppr,1,5,HOU,24,6'3,214
jaxon-smith-njigba,Jaxon Smith-Njigba,WR,1,2023,sf,ppr,1,6,SEA,24,6'1,196
jordan-addison,Jordan Addison,WR,2,2023,sf,ppr,1,7,MIN,24,5'11,173
quentin-johnston,Quentin Johnston,WR,3,2023,sf,ppr,1,8,LAC,24,6'3,208
dalton-kincaid,Dalton Kincaid,TE,1,2023,sf,ppr,1,9,BUF,26,6'4,246
zay-flowers,Zay Flowers,WR,4,2023,sf,ppr,1,10,BAL,25,5'9,182
zach-charbonnet,Zach Charbonnet,RB,3,2023,sf,ppr,1,11,SEA,25,6'0,214
will-levis,Will Levis,QB,4,2023,sf,ppr,1,12,TEN,26,6'4,229
de-von-achane,De'Von Achane,RB,4,2023,sf,ppr,2,1,MIA,24,5'9,188
kendre-miller,Kendre Miller,RB,5,2023,sf,ppr,2,2,NO,23,5'11,215
michael-mayer,Michael Mayer,TE,2,2023,sf,ppr,2,3,LV,24,6'4,249
sam-laporta,Sam LaPorta,TE,3,2023,sf,ppr,2,4,DET,25,6'3,245
jonathan-mingo,Jonathan Mingo,WR,5,2023,sf,ppr,2,5,DAL,24,6'2,215
roschon-johnson,Roschon Johnson,RB,6,2023,sf,ppr,2,6,CHI,25,6'0,219
marvin-mims,Marvin Mims,WR,6,2023,sf,ppr,2,7,DEN,23,5'11,184
rashee-rice,Rashee Rice,WR,7,2023,sf,ppr,2,8,KC,25,6'1,204
tyjae-spears,Tyjae Spears,RB,7,2023,sf,ppr,2,9,TEN,24,5'10,201
tank-bigsby,Tank Bigsby,RB,8,2023,sf,ppr,2,10,PHI,24,6'0,210
josh-downs,Josh Downs,WR,8,2023,sf,ppr,2,11,IND,24,5'9,171
jayden-reed,Jayden Reed,WR,9,2023,sf,ppr,2,12,GB,25,5'11,187
hendon-hooker,Hendon Hooker,QB,5,2023,sf,ppr,3,1,NYJ,28,6'3,217
chase-brown,Chase Brown,RB,9,2023,sf,ppr,3,2,CIN,25,5'10,209
jalin-hyatt,Jalin Hyatt,WR,10,2023,sf,ppr,3,3,NYG,24,6'0,176
luke-musgrave,Luke Musgrave,TE,4,2023,sf,ppr,3,4,GB,25,6'6,253
cedric-tillman,Cedric Tillman,WR,11,2023,sf,ppr,3,5,CLE,25,6'3,215
luke-schoonmaker,Luke Schoonmaker,TE,5,2023,sf,ppr,3,6,DAL,27,6'6,250
zach-evans,Zach Evans,RB,10,2023,sf,ppr,3,7,FA,24,5'11,202
israel-abanikanda,Israel Abanikanda,RB,11,2023,sf,ppr,3,8,FA,23,5'10,216
tank-dell,Tank Dell,WR,12,2023,sf,ppr,3,9,HOU,26,5'8,165
michael-wilson,Michael Wilson,WR,13,2023,sf,ppr,3,10,ARI,26,6'2,213
kayshon-boutte,Kayshon Boutte,WR,14,2023,sf,ppr,3,11,NE,23,5'11,195
stetson-bennett,Stetson Bennett,QB,6,2023,sf,ppr,3,12,LAR,28,5'11,192
dewayne-mcbride,DeWayne McBride,RB,12,2023,sf,ppr,4,1,FA,24,5'10,209
eric-gray,Eric Gray,RB,13,2023,sf,ppr,4,2,NYG,26,5'10,207
darnell-washington,Darnell Washington,TE,6,2023,sf,ppr,4,3,PIT,24,6'7,264
tucker-kraft,Tucker Kraft,TE,7,2023,sf,ppr,4,4,GB,25,6'5,255
deuce-vaughn,Deuce Vaughn,RB,14,2023,sf,ppr,4,5,FA,24,5'5,179
sean-tucker,Sean Tucker,RB,15,2023,sf,ppr,4,6,TB,24,5'9,207
evan-hull,Evan Hull,RB,16,2023,sf,ppr,4,7,NO,25,5'10,209
puka-nacua,Puka Nacua,WR,15,2023,sf,ppr,4,8,LAR,24,6'2,201
brenton-strange,Brenton Strange,TE,8,2023,sf,ppr,4,9,JAC,25,6'4,253
demario-douglas,Demario Douglas,WR,16,2023,sf,ppr,4,10,NE,25,5'8,170
tyler-scott,Tyler Scott,WR,17,2023,sf,ppr,4,11,FA,24,5'10,177
chris-rodriguez,Chris Rodriguez,RB,17,2023,sf,ppr,4,12,WAS,26,6'0,217
xavier-hutchinson,Xavier Hutchinson,WR,18,2023,sf,ppr,5,1,HOU,25,6'2,203
at-perry,AT Perry,WR,19,2023,sf,ppr,5,2,FA,26,6'3,198
jake-haener,Jake Haener,QB,7,2023,sf,ppr,5,3,FA,26,6'0,207
deneric-prince,Deneric Prince,RB,18,2023,sf,ppr,5,4,NE,25,6'0,216
charlie-jones,Charlie Jones,WR,20,2023,sf,ppr,5,5,CIN,27,5'11,175
aidan-o-connell,Aidan O'Connell,QB,8,2023,sf,ppr,5,6,LV,27,6'3,213
andrei-iosivas,Andrei Iosivas,WR,21,2023,sf,ppr,5,7,CIN,26,6'3,205
chris-brooks,Chris Brooks,RB,19,2023,sf,ppr,5,8,GB,26,6'1,220
clayton-tune,Clayton Tune,QB,9,2023,sf,ppr,5,9,FA,26,6'3,220
justin-shorter,Justin Shorter,TE,9,2023,sf,ppr,5,10,FA,25,6'4,229
elijah-higgins,Elijah Higgins,TE,10,2023,sf,ppr,5,11,ARI,,6'3,235
zack-kuntz,Zack Kuntz,TE,11,2023,sf,ppr,5,12,FA,26,6'7,255
bijan-robinson,Bijan Robinson,RB,1,2023,sf,hppr,1,1,ATL,24,5'11,215
anthony-richardson,Anthony Richardson,QB,1,2023,sf,hppr,1,2,IND,23,6'4,244
bryce-young,Bryce Young,QB,2,2023,sf,hppr,1,3,CAR,24,5'10,204
jahmyr-gibbs,Jahmyr Gibbs,RB,2,2023,sf,hppr,1,4,DET,23,5'9,199
cj-stroud,CJ Stroud,QB,3,2023,sf,hppr,1,5,HOU,24,6'3,214
jaxon-smith-njigba,Jaxon Smith-Njigba,WR,1,2023,sf,hppr,1,6,SEA,24,6'1,196
jordan-addison,Jordan Addison,WR,2,2023,sf,hppr,1,7,MIN,24,5'11,173
quentin-johnston,Quentin Johnston,WR,3,2023,sf,hppr,1,8,LAC,24,6'3,208
dalton-kincaid,Dalton Kincaid,TE,1,2023,sf,hppr,1,9,BUF,26,6'4,246
zach-charbonnet,Zach Charbonnet,RB,3,2023,sf,hppr,1,10,SEA,25,6'0,214
zay-flowers,Zay Flowers,WR,4,2023,sf,hppr,1,11,BAL,25,5'9,182
de-von-achane,De'Von Achane,RB,4,2023,sf,hppr,1,12,MIA,24,5'9,188
kendre-miller,Kendre Miller,RB,5,2023,sf,hppr,2,1,NO,23,5'11,215
will-levis,Will Levis,QB,4,2023,sf,hppr,2,2,TEN,26,6'4,229
michael-mayer,Michael Mayer,TE,2,2023,sf,hppr,2,3,LV,24,6'4,249
jonathan-mingo,Jonathan Mingo,WR,5,2023,sf,hppr,2,4,DAL,24,6'2,215
sam-laporta,Sam LaPorta,TE,3,2023,sf,hppr,2,5,DET,25,6'3,245
sean-clifford,Sean Clifford,QB,5,2023,sf,hppr,2,6,FA,27,6'2,212
roschon-johnson,Roschon Johnson,RB,6,2023,sf,hppr,2,7,CHI,25,6'0,219
marvin-mims,Marvin Mims,WR,6,2023,sf,hppr,2,8,DEN,23,5'11,184
rashee-rice,Rashee Rice,WR,7,2023,sf,hppr,2,9,KC,25,6'1,204
tank-bigsby,Tank Bigsby,RB,7,2023,sf,hppr,2,10,PHI,24,6'0,210
tyjae-spears,Tyjae Spears,RB,8,2023,sf,hppr,2,11,TEN,24,5'10,201
jayden-reed,Jayden Reed,WR,8,2023,sf,hppr,2,12,GB,25,5'11,187
hendon-hooker,Hendon Hooker,QB,6,2023,sf,hppr,3,1,NYJ,28,6'3,217
josh-downs,Josh Downs,WR,9,2023,sf,hppr,3,2,IND,24,5'9,171
chase-brown,Chase Brown,RB,9,2023,sf,hppr,3,3,CIN,25,5'10,209
jalin-hyatt,Jalin Hyatt,WR,10,2023,sf,hppr,3,4,NYG,24,6'0,176
luke-musgrave,Luke Musgrave,TE,4,2023,sf,hppr,3,5,GB,25,6'6,253
cedric-tillman,Cedric Tillman,WR,11,2023,sf,hppr,3,6,CLE,25,6'3,215
israel-abanikanda,Israel Abanikanda,RB,10,2023,sf,hppr,3,7,FA,23,5'10,216
zach-evans,Zach Evans,RB,11,2023,sf,hppr,3,8,FA,24,5'11,202
luke-schoonmaker,Luke Schoonmaker,TE,5,2023,sf,hppr,3,9,DAL,27,6'6,250
tank-dell,Tank Dell,WR,12,2023,sf,hppr,3,10,HOU,26,5'8,165
michael-wilson,Michael Wilson,WR,13,2023,sf,hppr,3,11,ARI,26,6'2,213
kayshon-boutte,Kayshon Boutte,WR,14,2023,sf,hppr,3,12,NE,23,5'11,195
dewayne-mcbride,DeWayne McBride,RB,12,2023,sf,hppr,4,1,FA,24,5'10,209
eric-gray,Eric Gray,RB,13,2023,sf,hppr,4,2,NYG,26,5'10,207
stetson-bennett,Stetson Bennett,QB,7,2023,sf,hppr,4,3,LAR,28,5'11,192
deuce-vaughn,Deuce Vaughn,RB,14,2023,sf,hppr,4,4,FA,24,5'5,179
evan-hull,Evan Hull,RB,15,2023,sf,hppr,4,5,NO,25,5'10,209
sean-tucker,Sean Tucker,RB,16,2023,sf,hppr,4,6,TB,24,5'9,207
aidan-o-connell,Aidan O'Connell,QB,8,2023,sf,hppr,4,7,LV,27,6'3,213
tucker-kraft,Tucker Kraft,TE,6,2023,sf,hppr,4,8,GB,25,6'5,255
jake-haener,Jake Haener,QB,9,2023,sf,hppr,4,9,FA,26,6'0,207
darnell-washington,Darnell Washington,TE,7,2023,sf,hppr,4,10,PIT,24,6'7,264
mohamed-ibrahim,Mohamed Ibrahim,RB,17,2023,sf,hppr,4,11,FA,27,5'8,203
chris-rodriguez,Chris Rodriguez,RB,18,2023,sf,hppr,4,12,WAS,26,6'0,217
puka-nacua,Puka Nacua,WR,15,2023,sf,hppr,5,1,LAR,24,6'2,201
keaton-mitchell,Keaton Mitchell,RB,19,2023,sf,hppr,5,2,BAL,24,5'8,179
clayton-tune,Clayton Tune,QB,10,2023,sf,hppr,5,3,FA,26,6'3,220
charlie-jones,Charlie Jones,WR,16,2023,sf,hppr,5,4,CIN,27,5'11,175
at-perry,AT Perry,WR,17,2023,sf,hppr,5,5,FA,26,6'3,198
brenton-strange,Brenton Strange,TE,8,2023,sf,hppr,5,6,JAC,25,6'4,253
tyler-scott,Tyler Scott,WR,18,2023,sf,hppr,5,7,FA,24,5'10,177
deneric-prince,Deneric Prince,RB,20,2023,sf,hppr,5,8,NE,25,6'0,216
justin-shorter,Justin Shorter,TE,9,2023,sf,hppr,5,9,FA,25,6'4,229
xavier-hutchinson,Xavier Hutchinson,WR,19,2023,sf,hppr,5,10,HOU,25,6'2,203
kenny-mcintosh,Kenny McIntosh,RB,21,2023,sf,hppr,5,11,SEA,26,6'0,204
elijah-higgins,Elijah Higgins,TE,10,2023,sf,hppr,5,12,ARI,,6'3,235
breece-hall,Breece Hall,RB,1,2022,1qb,ppr,1,1,NYJ,24,5'11,217
drake-london,Drake London,WR,1,2022,1qb,ppr,1,2,ATL,24,6'4,219
kenneth-walker,Kenneth Walker,RB,2,2022,1qb,ppr,1,3,FA,25,5'9,211
treylon-burks,Treylon Burks,WR,2,2022,1qb,ppr,1,4,WAS,25,6'2,225
garrett-wilson,Garrett Wilson,WR,3,2022,1qb,ppr,1,5,NYJ,25,5'11,183
chris-olave,Chris Olave,WR,4,2022,1qb,ppr,1,6,NO,25,6'0,187
jameson-williams,Jameson Williams,WR,5,2022,1qb,ppr,1,7,DET,24,6'1,179
james-cook,James Cook,RB,3,2022,1qb,ppr,1,8,BUF,26,5'11,199
skyy-moore,Skyy Moore,WR,6,2022,1qb,ppr,1,9,SF,25,5'9,195
christian-watson,Christian Watson,WR,7,2022,1qb,ppr,1,10,GB,26,6'4,208
jahan-dotson,Jahan Dotson,WR,8,2022,1qb,ppr,1,11,PHI,25,5'11,178
george-pickens,George Pickens,WR,9,2022,1qb,ppr,1,12,DAL,24,6'3,195
rachaad-white,Rachaad White,RB,4,2022,1qb,ppr,2,1,TB,27,6'0,214
dameon-pierce,Dameon Pierce,RB,5,2022,1qb,ppr,2,2,KC,26,5'10,218
isaiah-spiller,Isaiah Spiller,RB,6,2022,1qb,ppr,2,3,FA,24,6'0,217
tyler-allgeier,Tyler Allgeier,RB,7,2022,1qb,ppr,2,4,ATL,25,5'11,224
alec-pierce,Alec Pierce,WR,10,2022,1qb,ppr,2,5,FA,25,6'3,211
brian-robinson,Brian Robinson,RB,8,2022,1qb,ppr,2,6,SF,26,6'2,225
david-bell,David Bell,WR,11,2022,1qb,ppr,2,7,FA,25,6'1,212
jalen-tolbert,Jalen Tolbert,WR,12,2022,1qb,ppr,2,8,DAL,27,6'1,194
john-metchie,John Metchie,WR,13,2022,1qb,ppr,2,9,NYJ,25,5'11,187
zamir-white,Zamir White,RB,9,2022,1qb,ppr,2,10,LV,26,6'0,214
trey-mcbride,Trey McBride,TE,1,2022,1qb,ppr,2,11,ARI,26,6'4,246
wan-dale-robinson,Wan'Dale Robinson,WR,14,2022,1qb,ppr,2,12,NYG,25,5'8,178
ty-davis-price,Ty Davis-Price,RB,10,2022,1qb,ppr,3,1,FA,25,6'1,226
kenny-pickett,Kenny Pickett,QB,1,2022,1qb,ppr,3,2,LV,27,6'3,217
hassan-haskins,Hassan Haskins,RB,11,2022,1qb,ppr,3,3,FA,26,6'1,220
jelani-woods,Jelani Woods,TE,2,2022,1qb,ppr,3,4,NYJ,27,6'7,253
khalil-shakir,Khalil Shakir,WR,15,2022,1qb,ppr,3,5,BUF,26,6'0,196
keaontay-ingram,Keaontay Ingram,RB,12,2022,1qb,ppr,3,6,FA,26,6'0,221
malik-willis,Malik Willis,QB,2,2022,1qb,ppr,3,7,FA,26,6'0,219
romeo-doubs,Romeo Doubs,WR,16,2022,1qb,ppr,3,8,GB,25,6'1,201
tyquan-thornton,Tyquan Thornton,WR,17,2022,1qb,ppr,3,9,KC,25,6'2,181
pierre-strong,Pierre Strong,RB,13,2022,1qb,ppr,3,10,FA,27,5'11,207
greg-dulcich,Greg Dulcich,TE,3,2022,1qb,ppr,3,11,MIA,25,6'4,243
desmond-ridder,Desmond Ridder,QB,3,2022,1qb,ppr,3,12,GB,26,6'3,211
velus-jones,Velus Jones,WR,18,2022,1qb,ppr,4,1,FA,28,6'0,204
kyren-williams,Kyren Williams,RB,14,2022,1qb,ppr,4,2,LAR,25,5'9,194
calvin-austin,Calvin Austin,WR,19,2022,1qb,ppr,4,3,PIT,26,5'8,170
charleston-rambo,Charleston Rambo,WR,20,2022,1qb,ppr,4,4,CAR,26,6'0,177
isiah-pacheco,Isiah Pacheco,RB,15,2022,1qb,ppr,4,5,KC,27,5'10,213
matt-corral,Matt Corral,QB,4,2022,1qb,ppr,4,6,FA,27,6'2,212
jerome-ford,Jerome Ford,RB,16,2022,1qb,ppr,4,7,CLE,26,5'10,210
danny-gray,Danny Gray,WR,21,2022,1qb,ppr,4,8,PHI,26,5'11,186
tyler-badie,Tyler Badie,RB,17,2022,1qb,ppr,4,9,DEN,26,5'8,197
jalen-wydermyer,Jalen Wydermyer,TE,4,2022,1qb,ppr,4,10,FA,25,6'4,255
kevin-harris,Kevin Harris,RB,18,2022,1qb,ppr,4,11,FA,25,5'10,221
daniel-bellinger,Daniel Bellinger,TE,5,2022,1qb,ppr,4,12,NYG,25,6'4,253
snoop-conner,Snoop Conner,RB,19,2022,1qb,ppr,5,1,JAC,25,5'9,215
chig-okonkwo,Chig Okonkwo,TE,6,2022,1qb,ppr,5,2,TEN,26,6'2,238
jeremy-ruckert,Jeremy Ruckert,TE,7,2022,1qb,ppr,5,3,NYJ,25,6'5,252
cade-otton,Cade Otton,TE,8,2022,1qb,ppr,5,4,TB,26,6'5,247
kyle-philips,Kyle Philips,WR,22,2022,1qb,ppr,5,5,FA,26,5'11,191
mataeo-durant,Mataeo Durant,RB,20,2022,1qb,ppr,5,6,FA,26,6'1,195
jake-ferguson,Jake Ferguson,TE,9,2022,1qb,ppr,5,7,DAL,27,6'4,250
ty-chandler,Ty Chandler,RB,21,2022,1qb,ppr,5,8,MIN,27,5'11,204
isaiah-likely,Isaiah Likely,TE,10,2022,1qb,ppr,5,9,FA,25,6'4,245
jalen-nailor,Jalen Nailor,WR,23,2022,1qb,ppr,5,10,MIN,27,5'11,186
sincere-mccormick,Sincere McCormick,RB,22,2022,1qb,ppr,5,11,FA,25,5'8,205
sam-howell,Sam Howell,QB,5,2022,1qb,ppr,5,12,PHI,25,6'1,218
breece-hall,Breece Hall,RB,1,2022,1qb,hppr,1,1,NYJ,24,5'11,217
drake-london,Drake London,WR,1,2022,1qb,hppr,1,2,ATL,24,6'4,219
kenneth-walker,Kenneth Walker,RB,2,2022,1qb,hppr,1,3,FA,25,5'9,211
treylon-burks,Treylon Burks,WR,2,2022,1qb,hppr,1,4,WAS,25,6'2,225
garrett-wilson,Garrett Wilson,WR,3,2022,1qb,hppr,1,5,NYJ,25,5'11,183
chris-olave,Chris Olave,WR,4,2022,1qb,hppr,1,6,NO,25,6'0,187
jameson-williams,Jameson Williams,WR,5,2022,1qb,hppr,1,7,DET,24,6'1,179
christian-watson,Christian Watson,WR,6,2022,1qb,hppr,1,8,GB,26,6'4,208
skyy-moore,Skyy Moore,WR,7,2022,1qb,hppr,1,9,SF,25,5'9,195
james-cook,James Cook,RB,3,2022,1qb,hppr,1,10,BUF,26,5'11,199
george-pickens,George Pickens,WR,8,2022,1qb,hppr,1,11,DAL,24,6'3,195
jahan-dotson,Jahan Dotson,WR,9,2022,1qb,hppr,1,12,PHI,25,5'11,178
rachaad-white,Rachaad White,RB,4,2022,1qb,hppr,2,1,TB,27,6'0,214
dameon-pierce,Dameon Pierce,RB,5,2022,1qb,hppr,2,2,KC,26,5'10,218
isaiah-spiller,Isaiah Spiller,RB,6,2022,1qb,hppr,2,3,FA,24,6'0,217
david-bell,David Bell,WR,10,2022,1qb,hppr,2,4,FA,25,6'1,212
john-metchie,John Metchie,WR,11,2022,1qb,hppr,2,5,NYJ,25,5'11,187
zamir-white,Zamir White,RB,7,2022,1qb,hppr,2,6,LV,26,6'0,214
alec-pierce,Alec Pierce,WR,12,2022,1qb,hppr,2,7,FA,25,6'3,211
trey-mcbride,Trey McBride,TE,1,2022,1qb,hppr,2,8,ARI,26,6'4,246
brian-robinson,Brian Robinson,RB,8,2022,1qb,hppr,2,9,SF,26,6'2,225
tyler-allgeier,Tyler Allgeier,RB,9,2022,1qb,hppr,2,10,ATL,25,5'11,224
kenny-pickett,Kenny Pickett,QB,1,2022,1qb,hppr,2,11,LV,27,6'3,217
jalen-tolbert,Jalen Tolbert,WR,13,2022,1qb,hppr,2,12,DAL,27,6'1,194
ty-davis-price,Ty Davis-Price,RB,10,2022,1qb,hppr,3,1,FA,25,6'1,226
wan-dale-robinson,Wan'Dale Robinson,WR,14,2022,1qb,hppr,3,2,NYG,25,5'8,178
hassan-haskins,Hassan Haskins,RB,11,2022,1qb,hppr,3,3,FA,26,6'1,220
malik-willis,Malik Willis,QB,2,2022,1qb,hppr,3,4,FA,26,6'0,219
jelani-woods,Jelani Woods,TE,2,2022,1qb,hppr,3,5,NYJ,27,6'7,253
khalil-shakir,Khalil Shakir,WR,15,2022,1qb,hppr,3,6,BUF,26,6'0,196
tyquan-thornton,Tyquan Thornton,WR,16,2022,1qb,hppr,3,7,KC,25,6'2,181
desmond-ridder,Desmond Ridder,QB,3,2022,1qb,hppr,3,8,GB,26,6'3,211
greg-dulcich,Greg Dulcich,TE,3,2022,1qb,hppr,3,9,MIA,25,6'4,243
romeo-doubs,Romeo Doubs,WR,17,2022,1qb,hppr,3,10,GB,25,6'1,201
pierre-strong,Pierre Strong,RB,12,2022,1qb,hppr,3,11,FA,27,5'11,207
keaontay-ingram,Keaontay Ingram,RB,13,2022,1qb,hppr,3,12,FA,26,6'0,221
velus-jones,Velus Jones,WR,18,2022,1qb,hppr,4,1,FA,28,6'0,204
calvin-austin,Calvin Austin,WR,19,2022,1qb,hppr,4,2,PIT,26,5'8,170
isiah-pacheco,Isiah Pacheco,RB,14,2022,1qb,hppr,4,3,KC,27,5'10,213
tyler-badie,Tyler Badie,RB,15,2022,1qb,hppr,4,4,DEN,26,5'8,197
matt-corral,Matt Corral,QB,4,2022,1qb,hppr,4,5,FA,27,6'2,212
danny-gray,Danny Gray,WR,20,2022,1qb,hppr,4,6,PHI,26,5'11,186
jerome-ford,Jerome Ford,RB,16,2022,1qb,hppr,4,7,CLE,26,5'10,210
snoop-conner,Snoop Conner,RB,17,2022,1qb,hppr,4,8,JAC,25,5'9,215
bo-melton,Bo Melton,WR,21,2022,1qb,hppr,4,9,GB,26,5'10,189
kevin-harris,Kevin Harris,RB,18,2022,1qb,hppr,4,10,FA,25,5'10,221
ty-chandler,Ty Chandler,RB,19,2022,1qb,hppr,4,11,MIN,27,5'11,204
jerrion-ealy,Jerrion Ealy,RB,20,2022,1qb,hppr,4,12,KC,25,5'8,189
kennedy-brooks,Kennedy Brooks,RB,21,2022,1qb,hppr,5,1,FA,27,5'11,205
kyren-williams,Kyren Williams,RB,22,2022,1qb,hppr,5,2,LAR,25,5'9,194
kyle-philips,Kyle Philips,WR,22,2022,1qb,hppr,5,3,FA,26,5'11,191
abram-smith,Abram Smith,RB,23,2022,1qb,hppr,5,4,FA,27,5'11,221
sam-howell,Sam Howell,QB,5,2022,1qb,hppr,5,5,PHI,25,6'1,218
d-vonte-price,D'Vonte Price,RB,24,2022,1qb,hppr,5,6,FA,26,6'2,215
cade-otton,Cade Otton,TE,4,2022,1qb,hppr,5,7,TB,26,6'5,247
jeremy-ruckert,Jeremy Ruckert,TE,5,2022,1qb,hppr,5,8,NYJ,25,6'5,252
daniel-bellinger,Daniel Bellinger,TE,6,2022,1qb,hppr,5,9,NYG,25,6'4,253
charlie-kolar,Charlie Kolar,TE,7,2022,1qb,hppr,5,10,BAL,27,6'6,252
carson-strong,Carson Strong,QB,6,2022,1qb,hppr,5,11,ARI,26,6'3,226
jake-ferguson,Jake Ferguson,TE,8,2022,1qb,hppr,5,12,DAL,27,6'4,250
breece-hall,Breece Hall,RB,1,2022,sf,ppr,1,1,NYJ,24,5'11,217
kenneth-walker,Kenneth Walker,RB,2,2022,sf,ppr,1,2,FA,25,5'9,211
drake-london,Drake London,WR,1,2022,sf,ppr,1,3,ATL,24,6'4,219
treylon-burks,Treylon Burks,WR,2,2022,sf,ppr,1,4,WAS,25,6'2,225
garrett-wilson,Garrett Wilson,WR,3,2022,sf,ppr,1,5,NYJ,25,5'11,183
jameson-williams,Jameson Williams,WR,4,2022,sf,ppr,1,6,DET,24,6'1,179
chris-olave,Chris Olave,WR,5,2022,sf,ppr,1,7,NO,25,6'0,187
kenny-pickett,Kenny Pickett,QB,1,2022,sf,ppr,1,8,LV,27,6'3,217
skyy-moore,Skyy Moore,WR,6,2022,sf,ppr,1,9,SF,25,5'9,195
james-cook,James Cook,RB,3,2022,sf,ppr,1,10,BUF,26,5'11,199
christian-watson,Christian Watson,WR,7,2022,sf,ppr,1,11,GB,26,6'4,208
george-pickens,George Pickens,WR,8,2022,sf,ppr,1,12,DAL,24,6'3,195
jahan-dotson,Jahan Dotson,WR,9,2022,sf,ppr,2,1,PHI,25,5'11,178
rachaad-white,Rachaad White,RB,4,2022,sf,ppr,2,2,TB,27,6'0,214
malik-willis,Malik Willis,QB,2,2022,sf,ppr,2,3,FA,26,6'0,219
dameon-pierce,Dameon Pierce,RB,5,2022,sf,ppr,2,4,KC,26,5'10,218
isaiah-spiller,Isaiah Spiller,RB,6,2022,sf,ppr,2,5,FA,24,6'0,217
desmond-ridder,Desmond Ridder,QB,3,2022,sf,ppr,2,6,GB,26,6'3,211
david-bell,David Bell,WR,10,2022,sf,ppr,2,7,FA,25,6'1,212
trey-mcbride,Trey McBride,TE,1,2022,sf,ppr,2,8,ARI,26,6'4,246
alec-pierce,Alec Pierce,WR,11,2022,sf,ppr,2,9,FA,25,6'3,211
john-metchie,John Metchie,WR,12,2022,sf,ppr,2,10,NYJ,25,5'11,187
zamir-white,Zamir White,RB,7,2022,sf,ppr,2,11,LV,26,6'0,214
tyler-allgeier,Tyler Allgeier,RB,8,2022,sf,ppr,2,12,ATL,25,5'11,224
matt-corral,Matt Corral,QB,4,2022,sf,ppr,3,1,FA,27,6'2,212
brian-robinson,Brian Robinson,RB,9,2022,sf,ppr,3,2,SF,26,6'2,225
jalen-tolbert,Jalen Tolbert,WR,13,2022,sf,ppr,3,3,DAL,27,6'1,194
ty-davis-price,Ty Davis-Price,RB,10,2022,sf,ppr,3,4,FA,25,6'1,226
wan-dale-robinson,Wan'Dale Robinson,WR,14,2022,sf,ppr,3,5,NYG,25,5'8,178
jelani-woods,Jelani Woods,TE,2,2022,sf,ppr,3,6,NYJ,27,6'7,253
sam-howell,Sam Howell,QB,5,2022,sf,ppr,3,7,PHI,25,6'1,218
tyquan-thornton,Tyquan Thornton,WR,15,2022,sf,ppr,3,8,KC,25,6'2,181
hassan-haskins,Hassan Haskins,RB,11,2022,sf,ppr,3,9,FA,26,6'1,220
keaontay-ingram,Keaontay Ingram,RB,12,2022,sf,ppr,3,10,FA,26,6'0,221
khalil-shakir,Khalil Shakir,WR,16,2022,sf,ppr,3,11,BUF,26,6'0,196
greg-dulcich,Greg Dulcich,TE,3,2022,sf,ppr,3,12,MIA,25,6'4,243
pierre-strong,Pierre Strong,RB,13,2022,sf,ppr,4,1,FA,27,5'11,207
romeo-doubs,Romeo Doubs,WR,17,2022,sf,ppr,4,2,GB,25,6'1,201
velus-jones,Velus Jones,WR,18,2022,sf,ppr,4,3,FA,28,6'0,204
kyren-williams,Kyren Williams,RB,14,2022,sf,ppr,4,4,LAR,25,5'9,194
calvin-austin,Calvin Austin,WR,19,2022,sf,ppr,4,5,PIT,26,5'8,170
jerome-ford,Jerome Ford,RB,15,2022,sf,ppr,4,6,CLE,26,5'10,210
cade-otton,Cade Otton,TE,4,2022,sf,ppr,4,7,TB,26,6'5,247
danny-gray,Danny Gray,WR,20,2022,sf,ppr,4,8,PHI,26,5'11,186
isiah-pacheco,Isiah Pacheco,RB,16,2022,sf,ppr,4,9,KC,27,5'10,213
isaiah-weston,Isaiah Weston,WR,21,2022,sf,ppr,4,10,CLE,28,6'3,214
tyler-badie,Tyler Badie,RB,17,2022,sf,ppr,4,11,DEN,26,5'8,197
dustin-crum,Dustin Crum,QB,6,2022,sf,ppr,4,12,FA,27,6'1,210
kevin-harris,Kevin Harris,RB,18,2022,sf,ppr,5,1,FA,25,5'10,221
jeremy-ruckert,Jeremy Ruckert,TE,5,2022,sf,ppr,5,2,NYJ,25,6'5,252
daniel-bellinger,Daniel Bellinger,TE,6,2022,sf,ppr,5,3,NYG,25,6'4,253
jaylen-warren,Jaylen Warren,RB,19,2022,sf,ppr,5,4,PIT,27,5'8,215
snoop-conner,Snoop Conner,RB,20,2022,sf,ppr,5,5,JAC,25,5'9,215
kyle-philips,Kyle Philips,WR,22,2022,sf,ppr,5,6,FA,26,5'11,191
ty-chandler,Ty Chandler,RB,21,2022,sf,ppr,5,7,MIN,27,5'11,204
mataeo-durant,Mataeo Durant,RB,22,2022,sf,ppr,5,8,FA,26,6'1,195
kennedy-brooks,Kennedy Brooks,RB,23,2022,sf,ppr,5,9,FA,27,5'11,205
carson-strong,Carson Strong,QB,7,2022,sf,ppr,5,10,ARI,26,6'3,226
jalen-wydermyer,Jalen Wydermyer,TE,7,2022,sf,ppr,5,11,FA,25,6'4,255
abram-smith,Abram Smith,RB,24,2022,sf,ppr,5,12,FA,27,5'11,221
breece-hall,Breece Hall,RB,1,2022,sf,hppr,1,1,NYJ,24,5'11,217
drake-london,Drake London,WR,1,2022,sf,hppr,1,2,ATL,24,6'4,219
kenneth-walker,Kenneth Walker,RB,2,2022,sf,hppr,1,3,FA,25,5'9,211
treylon-burks,Treylon Burks,WR,2,2022,sf,hppr,1,4,WAS,25,6'2,225
garrett-wilson,Garrett Wilson,WR,3,2022,sf,hppr,1,5,NYJ,25,5'11,183
jameson-williams,Jameson Williams,WR,4,2022,sf,hppr,1,6,DET,24,6'1,179
chris-olave,Chris Olave,WR,5,2022,sf,hppr,1,7,NO,25,6'0,187
kenny-pickett,Kenny Pickett,QB,1,2022,sf,hppr,1,8,LV,27,6'3,217
james-cook,James Cook,RB,3,2022,sf,hppr,1,9,BUF,26,5'11,199
skyy-moore,Skyy Moore,WR,6,2022,sf,hppr,1,10,SF,25,5'9,195
christian-watson,Christian Watson,WR,7,2022,sf,hppr,1,11,GB,26,6'4,208
george-pickens,George Pickens,WR,8,2022,sf,hppr,1,12,DAL,24,6'3,195
jahan-dotson,Jahan Dotson,WR,9,2022,sf,hppr,2,1,PHI,25,5'11,178
rachaad-white,Rachaad White,RB,4,2022,sf,hppr,2,2,TB,27,6'0,214
isaiah-spiller,Isaiah Spiller,RB,5,2022,sf,hppr,2,3,FA,24,6'0,217
malik-willis,Malik Willis,QB,2,2022,sf,hppr,2,4,FA,26,6'0,219
dameon-pierce,Dameon Pierce,RB,6,2022,sf,hppr,2,5,KC,26,5'10,218
david-bell,David Bell,WR,10,2022,sf,hppr,2,6,FA,25,6'1,212
trey-mcbride,Trey McBride,TE,1,2022,sf,hppr,2,7,ARI,26,6'4,246
desmond-ridder,Desmond Ridder,QB,3,2022,sf,hppr,2,8,GB,26,6'3,211
alec-pierce,Alec Pierce,WR,11,2022,sf,hppr,2,9,FA,25,6'3,211
brian-robinson,Brian Robinson,RB,7,2022,sf,hppr,2,10,SF,26,6'2,225
john-metchie,John Metchie,WR,12,2022,sf,hppr,2,11,NYJ,25,5'11,187
tyler-allgeier,Tyler Allgeier,RB,8,2022,sf,hppr,2,12,ATL,25,5'11,224
zamir-white,Zamir White,RB,9,2022,sf,hppr,3,1,LV,26,6'0,214
jalen-tolbert,Jalen Tolbert,WR,13,2022,sf,hppr,3,2,DAL,27,6'1,194
matt-corral,Matt Corral,QB,4,2022,sf,hppr,3,3,FA,27,6'2,212
ty-davis-price,Ty Davis-Price,RB,10,2022,sf,hppr,3,4,FA,25,6'1,226
wan-dale-robinson,Wan'Dale Robinson,WR,14,2022,sf,hppr,3,5,NYG,25,5'8,178
hassan-haskins,Hassan Haskins,RB,11,2022,sf,hppr,3,6,FA,26,6'1,220
jelani-woods,Jelani Woods,TE,2,2022,sf,hppr,3,7,NYJ,27,6'7,253
sam-howell,Sam Howell,QB,5,2022,sf,hppr,3,8,PHI,25,6'1,218
tyquan-thornton,Tyquan Thornton,WR,15,2022,sf,hppr,3,9,KC,25,6'2,181
khalil-shakir,Khalil Shakir,WR,16,2022,sf,hppr,3,10,BUF,26,6'0,196
pierre-strong,Pierre Strong,RB,12,2022,sf,hppr,3,11,FA,27,5'11,207
keaontay-ingram,Keaontay Ingram,RB,13,2022,sf,hppr,3,12,FA,26,6'0,221
romeo-doubs,Romeo Doubs,WR,17,2022,sf,hppr,4,1,GB,25,6'1,201
greg-dulcich,Greg Dulcich,TE,3,2022,sf,hppr,4,2,MIA,25,6'4,243
velus-jones,Velus Jones,WR,18,2022,sf,hppr,4,3,FA,28,6'0,204
kyren-williams,Kyren Williams,RB,14,2022,sf,hppr,4,4,LAR,25,5'9,194
isiah-pacheco,Isiah Pacheco,RB,15,2022,sf,hppr,4,5,KC,27,5'10,213
danny-gray,Danny Gray,WR,19,2022,sf,hppr,4,6,PHI,26,5'11,186
cade-otton,Cade Otton,TE,4,2022,sf,hppr,4,7,TB,26,6'5,247
calvin-austin,Calvin Austin,WR,20,2022,sf,hppr,4,8,PIT,26,5'8,170
kevin-harris,Kevin Harris,RB,16,2022,sf,hppr,4,9,FA,25,5'10,221
kyle-philips,Kyle Philips,WR,21,2022,sf,hppr,4,10,FA,26,5'11,191
jeremy-ruckert,Jeremy Ruckert,TE,5,2022,sf,hppr,4,11,NYJ,25,6'5,252
cole-turner,Cole Turner,TE,6,2022,sf,hppr,4,12,FA,25,6'6,249
jerome-ford,Jerome Ford,RB,17,2022,sf,hppr,5,1,CLE,26,5'10,210
skylar-thompson,Skylar Thompson,QB,6,2022,sf,hppr,5,2,FA,28,6'2,217
tyler-badie,Tyler Badie,RB,18,2022,sf,hppr,5,3,DEN,26,5'8,197
abram-smith,Abram Smith,RB,19,2022,sf,hppr,5,4,FA,27,5'11,221
snoop-conner,Snoop Conner,RB,20,2022,sf,hppr,5,5,JAC,25,5'9,215
jake-ferguson,Jake Ferguson,TE,7,2022,sf,hppr,5,6,DAL,27,6'4,250
carson-strong,Carson Strong,QB,7,2022,sf,hppr,5,7,ARI,26,6'3,226
bailey-zappe,Bailey Zappe,QB,8,2022,sf,hppr,5,8,FA,26,6'0,215
d-vonte-price,D'Vonte Price,RB,21,2022,sf,hppr,5,9,FA,26,6'2,215
daniel-bellinger,Daniel Bellinger,TE,8,2022,sf,hppr,5,10,NYG,25,6'4,253
ty-chandler,Ty Chandler,RB,22,2022,sf,hppr,5,11,MIN,27,5'11,204
erik-ezukanma,Erik Ezukanma,WR,22,2022,sf,hppr,5,12,FA,26,6'1,209
najee-harris,Najee Harris,RB,1,2021,1qb,ppr,1,1,LAC,27,6'1,230
ja-marr-chase,Ja'Marr Chase,WR,1,2021,1qb,ppr,1,2,CIN,26,6'0,201
kyle-pitts,Kyle Pitts,TE,1,2021,1qb,ppr,1,3,ATL,25,6'6,245
travis-etienne,Travis Etienne,RB,2,2021,1qb,ppr,1,4,FA,27,5'10,215
javonte-williams,Javonte Williams,RB,3,2021,1qb,ppr,1,5,DAL,25,5'10,212
devonta-smith,DeVonta Smith,WR,2,2021,1qb,ppr,1,6,PHI,27,6'1,170
trey-sermon,Trey Sermon,RB,4,2021,1qb,ppr,1,7,FA,27,6'0,215
jaylen-waddle,Jaylen Waddle,WR,3,2021,1qb,ppr,1,8,MIA,27,5'10,175
trevor-lawrence,Trevor Lawrence,QB,1,2021,1qb,ppr,1,9,JAC,26,6'6,215
michael-carter,Michael Carter,RB,5,2021,1qb,ppr,1,10,ARI,26,5'8,201
rashod-bateman,Rashod Bateman,WR,4,2021,1qb,ppr,1,11,BAL,26,6'0,190
elijah-moore,Elijah Moore,WR,5,2021,1qb,ppr,1,12,DEN,25,5'9,181
terrace-marshall,Terrace Marshall,WR,6,2021,1qb,ppr,2,1,FA,25,6'3,205
trey-lance,Trey Lance,QB,2,2021,1qb,ppr,2,2,LAC,25,6'3,224
rondale-moore,Rondale Moore,WR,7,2021,1qb,ppr,2,3,MIN,25,5'7,180
justin-fields,Justin Fields,QB,3,2021,1qb,ppr,2,4,NYJ,26,6'3,227
kadarius-toney,Kadarius Toney,WR,8,2021,1qb,ppr,2,5,FA,27,6'0,193
zach-wilson,Zach Wilson,QB,4,2021,1qb,ppr,2,6,MIA,26,6'2,214
amon-ra-st-brown,Amon-Ra St. Brown,WR,9,2021,1qb,ppr,2,7,DET,26,5'11,197
pat-freiermuth,Pat Freiermuth,TE,2,2021,1qb,ppr,2,8,PIT,27,6'5,258
kenneth-gainwell,Kenneth Gainwell,RB,6,2021,1qb,ppr,2,9,PIT,26,5'11,201
chuba-hubbard,Chuba Hubbard,RB,7,2021,1qb,ppr,2,10,CAR,26,6'0,210
amari-rodgers,Amari Rodgers,WR,10,2021,1qb,ppr,2,11,HOU,26,5'9,211
dyami-brown,Dyami Brown,WR,11,2021,1qb,ppr,2,12,JAC,26,6'1,189
nico-collins,Nico Collins,WR,12,2021,1qb,ppr,3,1,HOU,26,6'4,215
mac-jones,Mac Jones,QB,5,2021,1qb,ppr,3,2,SF,27,6'3,217
rhamondre-stevenson,Rhamondre Stevenson,RB,8,2021,1qb,ppr,3,3,NE,28,6'0,230
d-wayne-eskridge,D'Wayne Eskridge,WR,13,2021,1qb,ppr,3,4,MIA,28,5'9,190
josh-palmer,Josh Palmer,WR,14,2021,1qb,ppr,3,5,BUF,26,6'1,210
elijah-mitchell,Elijah Mitchell,RB,9,2021,1qb,ppr,3,6,FA,27,5'10,201
tutu-atwell,Tutu Atwell,WR,15,2021,1qb,ppr,3,7,LAR,26,5'9,155
javian-hawkins,Javian Hawkins,RB,10,2021,1qb,ppr,3,8,FA,26,5'8,182
tylan-wallace,Tylan Wallace,WR,16,2021,1qb,ppr,3,9,BAL,26,5'11,194
dez-fitzpatrick,Dez Fitzpatrick,WR,17,2021,1qb,ppr,3,10,FA,28,6'2,208
jermar-jefferson,Jermar Jefferson,RB,11,2021,1qb,ppr,3,11,FA,25,5'10,211
anthony-schwartz,Anthony Schwartz,WR,18,2021,1qb,ppr,3,12,FA,25,6'0,186
nick-eubanks,Nick Eubanks,TE,3,2021,1qb,ppr,4,1,FA,29,6'4,245
khalil-herbert,Khalil Herbert,RB,12,2021,1qb,ppr,4,2,NYJ,27,5'9,210
cornell-powell,Cornell Powell,WR,19,2021,1qb,ppr,4,3,FA,28,6'0,204
hunter-long,Hunter Long,TE,4,2021,1qb,ppr,4,4,JAC,27,6'5,253
larry-rountree,Larry Rountree,RB,13,2021,1qb,ppr,4,5,HOU,28,5'11,211
brevin-jordan,Brevin Jordan,TE,5,2021,1qb,ppr,4,6,HOU,25,6'3,247
luke-farrell,Luke Farrell,TE,6,2021,1qb,ppr,4,7,SF,,6'6,251
gerrid-doaks,Gerrid Doaks,RB,14,2021,1qb,ppr,4,8,FA,,5'11,228
austin-watkins,Austin Watkins,WR,20,2021,1qb,ppr,4,9,TEN,,6'1,207
chris-evans,Chris Evans,RB,15,2021,1qb,ppr,4,10,FA,28,5'11,211
tommy-tremble,Tommy Tremble,TE,7,2021,1qb,ppr,4,11,CAR,25,6'3,241
ihmir-smith-marsette,Ihmir Smith-Marsette,WR,21,2021,1qb,ppr,4,12,FA,26,6'1,181
kylin-hill,Kylin Hill,RB,16,2021,1qb,ppr,5,1,FA,27,5'10,214
shi-smith,Shi Smith,WR,22,2021,1qb,ppr,5,2,CAR,27,5'9,186
kene-nwangwu,Kene Nwangwu,RB,17,2021,1qb,ppr,5,3,NYJ,28,6'1,210
jaelon-darden,Jaelon Darden,WR,23,2021,1qb,ppr,5,4,FA,27,5'8,174
kellen-mond,Kellen Mond,QB,6,2021,1qb,ppr,5,5,FA,26,6'3,211
noah-gray,Noah Gray,TE,8,2021,1qb,ppr,5,6,KC,26,6'3,240
kyle-trask,Kyle Trask,QB,7,2021,1qb,ppr,5,7,FA,27,6'5,236
jalen-camp,Jalen Camp,WR,24,2021,1qb,ppr,5,8,CAR,27,6'2,226
jacob-harris,Jacob Harris,WR,25,2021,1qb,ppr,5,9,FA,,6'5,219
frank-darby,Frank Darby,WR,26,2021,1qb,ppr,5,10,FA,28,6'0,201
seth-williams,Seth Williams,WR,27,2021,1qb,ppr,5,11,FA,25,6'3,211
davis-mills,Davis Mills,QB,8,2021,1qb,ppr,5,12,HOU,27,6'3,217
najee-harris,Najee Harris,RB,1,2021,1qb,hppr,1,1,LAC,27,6'1,230
ja-marr-chase,Ja'Marr Chase,WR,1,2021,1qb,hppr,1,2,CIN,26,6'0,201
kyle-pitts,Kyle Pitts,TE,1,2021,1qb,hppr,1,3,ATL,25,6'6,245
travis-etienne,Travis Etienne,RB,2,2021,1qb,hppr,1,4,FA,27,5'10,215
javonte-williams,Javonte Williams,RB,3,2021,1qb,hppr,1,5,DAL,25,5'10,212
devonta-smith,DeVonta Smith,WR,2,2021,1qb,hppr,1,6,PHI,27,6'1,170
jaylen-waddle,Jaylen Waddle,WR,3,2021,1qb,hppr,1,7,MIA,27,5'10,175
trevor-lawrence,Trevor Lawrence,QB,1,2021,1qb,hppr,1,8,JAC,26,6'6,215
trey-sermon,Trey Sermon,RB,4,2021,1qb,hppr,1,9,FA,27,6'0,215
rashod-bateman,Rashod Bateman,WR,4,2021,1qb,hppr,1,10,BAL,26,6'0,190
elijah-moore,Elijah Moore,WR,5,2021,1qb,hppr,1,11,DEN,25,5'9,181
michael-carter,Michael Carter,RB,5,2021,1qb,hppr,1,12,ARI,26,5'8,201
trey-lance,Trey Lance,QB,2,2021,1qb,hppr,2,1,LAC,25,6'3,224
terrace-marshall,Terrace Marshall,WR,6,2021,1qb,hppr,2,2,FA,25,6'3,205
justin-fields,Justin Fields,QB,3,2021,1qb,hppr,2,3,NYJ,26,6'3,227
rondale-moore,Rondale Moore,WR,7,2021,1qb,hppr,2,4,MIN,25,5'7,180
zach-wilson,Zach Wilson,QB,4,2021,1qb,hppr,2,5,MIA,26,6'2,214
kadarius-toney,Kadarius Toney,WR,8,2021,1qb,hppr,2,6,FA,27,6'0,193
amon-ra-st-brown,Amon-Ra St. Brown,WR,9,2021,1qb,hppr,2,7,DET,26,5'11,197
pat-freiermuth,Pat Freiermuth,TE,2,2021,1qb,hppr,2,8,PIT,27,6'5,258
amari-rodgers,Amari Rodgers,WR,10,2021,1qb,hppr,2,9,HOU,26,5'9,211
kenneth-gainwell,Kenneth Gainwell,RB,6,2021,1qb,hppr,2,10,PIT,26,5'11,201
chuba-hubbard,Chuba Hubbard,RB,7,2021,1qb,hppr,2,11,CAR,26,6'0,210
dyami-brown,Dyami Brown,WR,11,2021,1qb,hppr,2,12,JAC,26,6'1,189
nico-collins,Nico Collins,WR,12,2021,1qb,hppr,3,1,HOU,26,6'4,215
mac-jones,Mac Jones,QB,5,2021,1qb,hppr,3,2,SF,27,6'3,217
d-wayne-eskridge,D'Wayne Eskridge,WR,13,2021,1qb,hppr,3,3,MIA,28,5'9,190
josh-palmer,Josh Palmer,WR,14,2021,1qb,hppr,3,4,BUF,26,6'1,210
rhamondre-stevenson,Rhamondre Stevenson,RB,8,2021,1qb,hppr,3,5,NE,28,6'0,230
javian-hawkins,Javian Hawkins,RB,9,2021,1qb,hppr,3,6,FA,26,5'8,182
tutu-atwell,Tutu Atwell,WR,15,2021,1qb,hppr,3,7,LAR,26,5'9,155
elijah-mitchell,Elijah Mitchell,RB,10,2021,1qb,hppr,3,8,FA,27,5'10,201
marlon-williams,Marlon Williams,WR,16,2021,1qb,hppr,3,9,HOU,26,5'11,208
anthony-schwartz,Anthony Schwartz,WR,17,2021,1qb,hppr,3,10,FA,25,6'0,186
tylan-wallace,Tylan Wallace,WR,18,2021,1qb,hppr,3,11,BAL,26,5'11,194
larry-rountree,Larry Rountree,RB,11,2021,1qb,hppr,3,12,HOU,28,5'11,211
hunter-long,Hunter Long,TE,3,2021,1qb,hppr,4,1,JAC,27,6'5,253
khalil-herbert,Khalil Herbert,RB,12,2021,1qb,hppr,4,2,NYJ,27,5'9,210
brevin-jordan,Brevin Jordan,TE,4,2021,1qb,hppr,4,3,HOU,25,6'3,247
dez-fitzpatrick,Dez Fitzpatrick,WR,19,2021,1qb,hppr,4,4,FA,28,6'2,208
jermar-jefferson,Jermar Jefferson,RB,13,2021,1qb,hppr,4,5,FA,25,5'10,211
warren-jackson,Warren Jackson,WR,20,2021,1qb,hppr,4,6,FA,26,6'5,205
davis-mills,Davis Mills,QB,6,2021,1qb,hppr,4,7,HOU,27,6'3,217
jamie-newman,Jamie Newman,QB,7,2021,1qb,hppr,4,8,PHI,28,6'3,234
chris-evans,Chris Evans,RB,14,2021,1qb,hppr,4,9,FA,28,5'11,211
cornell-powell,Cornell Powell,WR,21,2021,1qb,hppr,4,10,FA,28,6'0,204
jaelon-darden,Jaelon Darden,WR,22,2021,1qb,hppr,4,11,FA,27,5'8,174
gerrid-doaks,Gerrid Doaks,RB,15,2021,1qb,hppr,4,12,FA,,5'11,228
kyle-trask,Kyle Trask,QB,8,2021,1qb,hppr,5,1,FA,27,6'5,236
kellen-mond,Kellen Mond,QB,9,2021,1qb,hppr,5,2,FA,26,6'3,211
tommy-tremble,Tommy Tremble,TE,5,2021,1qb,hppr,5,3,CAR,25,6'3,241
kylin-hill,Kylin Hill,RB,16,2021,1qb,hppr,5,4,FA,27,5'10,214
seth-williams,Seth Williams,WR,23,2021,1qb,hppr,5,5,FA,25,6'3,211
kene-nwangwu,Kene Nwangwu,RB,17,2021,1qb,hppr,5,6,NYJ,28,6'1,210
ihmir-smith-marsette,Ihmir Smith-Marsette,WR,24,2021,1qb,hppr,5,7,FA,26,6'1,181
kawaan-baker,Kawaan Baker,WR,25,2021,1qb,hppr,5,8,FA,27,6'1,210
tamorrion-terry,Tamorrion Terry,WR,26,2021,1qb,hppr,5,9,FA,27,6'2,207
dazz-newsome,Dazz Newsome,WR,27,2021,1qb,hppr,5,10,FA,26,5'10,190
sam-ehlinger,Sam Ehlinger,QB,10,2021,1qb,hppr,5,11,FA,27,6'1,222
josh-imatorbhebhe,Josh Imatorbhebhe,WR,28,2021,1qb,hppr,5,12,FA,27,6'1,223
trevor-lawrence,Trevor Lawrence,QB,1,2021,sf,ppr,1,1,JAC,26,6'6,215
najee-harris,Najee Harris,RB,1,2021,sf,ppr,1,2,LAC,27,6'1,230
trey-lance,Trey Lance,QB,2,2021,sf,ppr,1,3,LAC,25,6'3,224
kyle-pitts,Kyle Pitts,TE,1,2021,sf,ppr,1,4,ATL,25,6'6,245
ja-marr-chase,Ja'Marr Chase,WR,1,2021,sf,ppr,1,5,CIN,26,6'0,201
justin-fields,Justin Fields,QB,3,2021,sf,ppr,1,6,NYJ,26,6'3,227
travis-etienne,Travis Etienne,RB,2,2021,sf,ppr,1,7,FA,27,5'10,215
zach-wilson,Zach Wilson,QB,4,2021,sf,ppr,1,8,MIA,26,6'2,214
javonte-williams,Javonte Williams,RB,3,2021,sf,ppr,1,9,DAL,25,5'10,212
devonta-smith,DeVonta Smith,WR,2,2021,sf,ppr,1,10,PHI,27,6'1,170
jaylen-waddle,Jaylen Waddle,WR,3,2021,sf,ppr,1,11,MIA,27,5'10,175
mac-jones,Mac Jones,QB,5,2021,sf,ppr,2,1,SF,27,6'3,217
trey-sermon,Trey Sermon,RB,4,2021,sf,ppr,2,2,FA,27,6'0,215
rashod-bateman,Rashod Bateman,WR,4,2021,sf,ppr,2,3,BAL,26,6'0,190
elijah-moore,Elijah Moore,WR,5,2021,sf,ppr,2,5,DEN,25,5'9,181
michael-carter,Michael Carter,RB,5,2021,sf,ppr,2,6,ARI,26,5'8,201
terrace-marshall,Terrace Marshall,WR,6,2021,sf,ppr,2,7,FA,25,6'3,205
rondale-moore,Rondale Moore,WR,7,2021,sf,ppr,2,8,MIN,25,5'7,180
kadarius-toney,Kadarius Toney,WR,8,2021,sf,ppr,2,9,FA,27,6'0,193
pat-freiermuth,Pat Freiermuth,TE,2,2021,sf,ppr,2,10,PIT,27,6'5,258
amon-ra-st-brown,Amon-Ra St. Brown,WR,9,2021,sf,ppr,2,11,DET,26,5'11,197
amari-rodgers,Amari Rodgers,WR,10,2021,sf,ppr,3,1,HOU,26,5'9,211
kenneth-gainwell,Kenneth Gainwell,RB,6,2021,sf,ppr,3,2,PIT,26,5'11,201
chuba-hubbard,Chuba Hubbard,RB,7,2021,sf,ppr,3,3,CAR,26,6'0,210
dyami-brown,Dyami Brown,WR,11,2021,sf,ppr,3,4,JAC,26,6'1,189
kellen-mond,Kellen Mond,QB,6,2021,sf,ppr,3,6,FA,26,6'3,211
nico-collins,Nico Collins,WR,12,2021,sf,ppr,3,7,HOU,26,6'4,215
kyle-trask,Kyle Trask,QB,7,2021,sf,ppr,3,8,FA,27,6'5,236
d-wayne-eskridge,D'Wayne Eskridge,WR,13,2021,sf,ppr,3,9,MIA,28,5'9,190
rhamondre-stevenson,Rhamondre Stevenson,RB,8,2021,sf,ppr,3,11,NE,28,6'0,230
davis-mills,Davis Mills,QB,8,2021,sf,ppr,3,12,HOU,27,6'3,217
josh-palmer,Josh Palmer,WR,14,2021,sf,ppr,4,2,BUF,26,6'1,210
elijah-mitchell,Elijah Mitchell,RB,9,2021,sf,ppr,4,4,FA,27,5'10,201
tutu-atwell,Tutu Atwell,WR,15,2021,sf,ppr,4,6,LAR,26,5'9,155
hunter-long,Hunter Long,TE,3,2021,sf,ppr,4,8,JAC,27,6'5,253
jake-funk,Jake Funk,RB,10,2021,sf,ppr,4,9,FA,28,5'11,204
javian-hawkins,Javian Hawkins,RB,11,2021,sf,ppr,4,11,FA,26,5'8,182
cade-johnson,Cade Johnson,WR,16,2021,sf,ppr,4,12,FA,27,5'10,186
tylan-wallace,Tylan Wallace,WR,17,2021,sf,ppr,5,1,BAL,26,5'11,194
brevin-jordan,Brevin Jordan,TE,4,2021,sf,ppr,5,2,HOU,25,6'3,247
dez-fitzpatrick,Dez Fitzpatrick,WR,18,2021,sf,ppr,5,3,FA,28,6'2,208
anthony-schwartz,Anthony Schwartz,WR,19,2021,sf,ppr,5,4,FA,25,6'0,186
rakeem-boyd,Rakeem Boyd,RB,12,2021,sf,ppr,5,5,PHI,28,5'11,213
whop-philyor,Whop Philyor,WR,20,2021,sf,ppr,5,6,FA,27,5'11,177
khalil-herbert,Khalil Herbert,RB,13,2021,sf,ppr,5,7,NYJ,27,5'9,210
jermar-jefferson,Jermar Jefferson,RB,14,2021,sf,ppr,5,8,FA,25,5'10,211
tommy-tremble,Tommy Tremble,TE,5,2021,sf,ppr,5,9,CAR,25,6'3,241
feleipe-franks,Feleipe Franks,TE,6,2021,sf,ppr,5,10,ATL,28,6'7,234
larry-rountree,Larry Rountree,RB,15,2021,sf,ppr,5,11,HOU,28,5'11,211
gerrid-doaks,Gerrid Doaks,RB,16,2021,sf,ppr,5,12,FA,,5'11,228
trevor-lawrence,Trevor Lawrence,QB,1,2021,sf,hppr,1,1,JAC,26,6'6,215
najee-harris,Najee Harris,RB,1,2021,sf,hppr,1,2,LAC,27,6'1,230
ja-marr-chase,Ja'Marr Chase,WR,1,2021,sf,hppr,1,3,CIN,26,6'0,201
trey-lance,Trey Lance,QB,2,2021,sf,hppr,1,4,LAC,25,6'3,224
kyle-pitts,Kyle Pitts,TE,1,2021,sf,hppr,1,5,ATL,25,6'6,245
justin-fields,Justin Fields,QB,3,2021,sf,hppr,1,6,NYJ,26,6'3,227
travis-etienne,Travis Etienne,RB,2,2021,sf,hppr,1,7,FA,27,5'10,215
devonta-smith,DeVonta Smith,WR,2,2021,sf,hppr,1,8,PHI,27,6'1,170
zach-wilson,Zach Wilson,QB,4,2021,sf,hppr,1,9,MIA,26,6'2,214
javonte-williams,Javonte Williams,RB,3,2021,sf,hppr,1,10,DAL,25,5'10,212
jaylen-waddle,Jaylen Waddle,WR,3,2021,sf,hppr,1,11,MIA,27,5'10,175
trey-sermon,Trey Sermon,RB,4,2021,sf,hppr,1,12,FA,27,6'0,215
rashod-bateman,Rashod Bateman,WR,4,2021,sf,hppr,2,1,BAL,26,6'0,190
mac-jones,Mac Jones,QB,5,2021,sf,hppr,2,2,SF,27,6'3,217
elijah-moore,Elijah Moore,WR,5,2021,sf,hppr,2,3,DEN,25,5'9,181
michael-carter,Michael Carter,RB,5,2021,sf,hppr,2,4,ARI,26,5'8,201
terrace-marshall,Terrace Marshall,WR,6,2021,sf,hppr,2,5,FA,25,6'3,205
rondale-moore,Rondale Moore,WR,7,2021,sf,hppr,2,6,MIN,25,5'7,180
kadarius-toney,Kadarius Toney,WR,8,2021,sf,hppr,2,7,FA,27,6'0,193
amon-ra-st-brown,Amon-Ra St. Brown,WR,9,2021,sf,hppr,2,8,DET,26,5'11,197
pat-freiermuth,Pat Freiermuth,TE,2,2021,sf,hppr,2,9,PIT,27,6'5,258
amari-rodgers,Amari Rodgers,WR,10,2021,sf,hppr,2,10,HOU,26,5'9,211
chuba-hubbard,Chuba Hubbard,RB,6,2021,sf,hppr,2,11,CAR,26,6'0,210
dyami-brown,Dyami Brown,WR,11,2021,sf,hppr,2,12,JAC,26,6'1,189
kellen-mond,Kellen Mond,QB,6,2021,sf,hppr,3,1,FA,26,6'3,211
kenneth-gainwell,Kenneth Gainwell,RB,7,2021,sf,hppr,3,2,PIT,26,5'11,201
nico-collins,Nico Collins,WR,12,2021,sf,hppr,3,3,HOU,26,6'4,215
kyle-trask,Kyle Trask,QB,7,2021,sf,hppr,3,4,FA,27,6'5,236
davis-mills,Davis Mills,QB,8,2021,sf,hppr,3,5,HOU,27,6'3,217
d-wayne-eskridge,D'Wayne Eskridge,WR,13,2021,sf,hppr,3,6,MIA,28,5'9,190
rhamondre-stevenson,Rhamondre Stevenson,RB,8,2021,sf,hppr,3,7,NE,28,6'0,230
josh-palmer,Josh Palmer,WR,14,2021,sf,hppr,3,8,BUF,26,6'1,210
tutu-atwell,Tutu Atwell,WR,15,2021,sf,hppr,3,9,LAR,26,5'9,155
elijah-mitchell,Elijah Mitchell,RB,9,2021,sf,hppr,3,10,FA,27,5'10,201
tylan-wallace,Tylan Wallace,WR,16,2021,sf,hppr,3,11,BAL,26,5'11,194
javian-hawkins,Javian Hawkins,RB,10,2021,sf,hppr,3,12,FA,26,5'8,182
hunter-long,Hunter Long,TE,3,2021,sf,hppr,4,1,JAC,27,6'5,253
anthony-schwartz,Anthony Schwartz,WR,17,2021,sf,hppr,4,2,FA,25,6'0,186
dez-fitzpatrick,Dez Fitzpatrick,WR,18,2021,sf,hppr,4,3,FA,28,6'2,208
brevin-jordan,Brevin Jordan,TE,4,2021,sf,hppr,4,4,HOU,25,6'3,247
khalil-herbert,Khalil Herbert,RB,11,2021,sf,hppr,4,5,NYJ,27,5'9,210
stevie-scott,Stevie Scott,RB,12,2021,sf,hppr,4,6,FA,25,6'0,236
cade-johnson,Cade Johnson,WR,19,2021,sf,hppr,4,7,FA,27,5'10,186
cornell-powell,Cornell Powell,WR,20,2021,sf,hppr,4,8,FA,28,6'0,204
kylin-hill,Kylin Hill,RB,13,2021,sf,hppr,4,9,FA,27,5'10,214
gerrid-doaks,Gerrid Doaks,RB,14,2021,sf,hppr,4,10,FA,,5'11,228
jermar-jefferson,Jermar Jefferson,RB,15,2021,sf,hppr,4,11,FA,25,5'10,211
larry-rountree,Larry Rountree,RB,16,2021,sf,hppr,4,12,HOU,28,5'11,211
ian-book,Ian Book,QB,9,2021,sf,hppr,5,1,FA,27,6'0,210
tommy-tremble,Tommy Tremble,TE,5,2021,sf,hppr,5,2,CAR,25,6'3,241
seth-williams,Seth Williams,WR,21,2021,sf,hppr,5,3,FA,25,6'3,211
chris-evans,Chris Evans,RB,17,2021,sf,hppr,5,4,FA,28,5'11,211
tre-mckitty,Tre' McKitty,TE,6,2021,sf,hppr,5,5,FA,27,6'4,247
sam-ehlinger,Sam Ehlinger,QB,10,2021,sf,hppr,5,6,FA,27,6'1,222
ihmir-smith-marsette,Ihmir Smith-Marsette,WR,22,2021,sf,hppr,5,7,FA,26,6'1,181
tre-nixon,Tre Nixon,WR,23,2021,sf,hppr,5,8,FA,,6'0,187
mike-strachan,Mike Strachan,WR,24,2021,sf,hppr,5,9,FA,28,6'5,226
jacob-harris,Jacob Harris,WR,25,2021,sf,hppr,5,10,FA,,6'5,219
kene-nwangwu,Kene Nwangwu,RB,18,2021,sf,hppr,5,11,NYJ,28,6'1,210
simi-fehoko,Simi Fehoko,WR,26,2021,sf,hppr,5,12,FA,28,6'3,222
clyde-edwards-helaire,Clyde Edwards-Helaire,RB,1,2020,1qb,ppr,1,1,KC,26,5'7,207
jonathan-taylor,Jonathan Taylor,RB,2,2020,1qb,ppr,1,2,IND,27,5'10,226
jk-dobbins,JK Dobbins,RB,3,2020,1qb,ppr,1,3,DEN,27,5'9,209
d-andre-swift,D'Andre Swift,RB,4,2020,1qb,ppr,1,4,CHI,27,5'8,212
ceedee-lamb,CeeDee Lamb,WR,1,2020,1qb,ppr,1,5,DAL,26,6'2,198
cam-akers,Cam Akers,RB,5,2020,1qb,ppr,1,6,FA,26,5'10,217
jerry-jeudy,Jerry Jeudy,WR,2,2020,1qb,ppr,1,7,CLE,26,6'1,193
justin-jefferson,Justin Jefferson,WR,3,2020,1qb,ppr,1,8,MIN,26,6'1,202
jalen-reagor,Jalen Reagor,WR,4,2020,1qb,ppr,1,9,FA,27,5'11,206
henry-ruggs,Henry Ruggs,WR,5,2020,1qb,ppr,1,10,FA,27,5'11,188
ke-shawn-vaughn,Ke'Shawn Vaughn,RB,6,2020,1qb,ppr,1,11,FA,28,5'10,214
tee-higgins,Tee Higgins,WR,6,2020,1qb,ppr,1,12,CIN,27,6'4,216
michael-pittman,Michael Pittman,WR,7,2020,1qb,ppr,2,1,IND,28,6'4,223
denzel-mims,Denzel Mims,WR,8,2020,1qb,ppr,2,2,FA,28,6'3,207
joe-burrow,Joe Burrow,QB,1,2020,1qb,ppr,2,3,CIN,29,6'3,221
brandon-aiyuk,Brandon Aiyuk,WR,9,2020,1qb,ppr,2,4,SF,27,6'0,205
aj-dillon,AJ Dillon,RB,7,2020,1qb,ppr,2,5,PHI,27,6'0,247
zack-moss,Zack Moss,RB,8,2020,1qb,ppr,2,6,FA,28,5'9,223
laviska-shenault,Laviska Shenault,WR,10,2020,1qb,ppr,2,7,FA,27,6'1,227
antonio-gibson,Antonio Gibson,RB,9,2020,1qb,ppr,2,8,FA,27,6'0,228
tua-tagovailoa,Tua Tagovailoa,QB,2,2020,1qb,ppr,2,9,MIA,28,6'0,217
bryan-edwards,Bryan Edwards,WR,11,2020,1qb,ppr,2,10,FA,27,6'3,212
anthony-mcfarland,Anthony McFarland,RB,10,2020,1qb,ppr,2,11,FA,27,5'8,208
chase-claypool,Chase Claypool,WR,12,2020,1qb,ppr,2,12,FA,27,6'4,238
darrynton-evans,Darrynton Evans,RB,11,2020,1qb,ppr,3,1,FA,27,5'10,203
joshua-kelley,Joshua Kelley,RB,12,2020,1qb,ppr,3,2,FA,28,5'11,212
kj-hamler,KJ Hamler,WR,13,2020,1qb,ppr,3,3,FA,26,5'9,178
justin-herbert,Justin Herbert,QB,3,2020,1qb,ppr,3,4,LAC,27,6'6,236
van-jefferson,Van Jefferson,WR,14,2020,1qb,ppr,3,5,TEN,29,6'1,200
cole-kmet,Cole Kmet,TE,1,2020,1qb,ppr,3,6,CHI,26,6'6,262
devin-duvernay,Devin Duvernay,WR,15,2020,1qb,ppr,3,7,CHI,28,5'11,200
lynn-bowden,Lynn Bowden,WR,16,2020,1qb,ppr,3,8,FA,28,5'11,204
antonio-gandy-golden,Antonio Gandy-Golden,WR,17,2020,1qb,ppr,3,9,FA,27,6'4,223
adam-trautman,Adam Trautman,TE,2,2020,1qb,ppr,3,10,DEN,29,6'5,255
eno-benjamin,Eno Benjamin,RB,13,2020,1qb,ppr,3,11,NO,26,5'9,207
tyler-johnson,Tyler Johnson,WR,18,2020,1qb,ppr,3,12,NYJ,27,6'1,206
lamical-perine,Lamical Perine,RB,14,2020,1qb,ppr,4,1,GB,28,5'11,216
devin-asiasi,Devin Asiasi,TE,3,2020,1qb,ppr,4,2,CIN,28,6'3,257
deejay-dallas,DeeJay Dallas,RB,15,2020,1qb,ppr,4,3,JAC,27,5'10,217
jordan-love,Jordan Love,QB,4,2020,1qb,ppr,4,4,GB,27,6'4,224
quintez-cephus,Quintez Cephus,WR,19,2020,1qb,ppr,4,5,FA,27,6'1,202
jalen-hurts,Jalen Hurts,QB,5,2020,1qb,ppr,4,6,PHI,27,6'2,218
donovan-peoples-jones,Donovan Peoples-Jones,WR,20,2020,1qb,ppr,4,7,FA,27,6'2,212
marquez-callaway,Marquez Callaway,WR,21,2020,1qb,ppr,4,8,FA,27,6'1,205
gabe-davis,Gabe Davis,WR,22,2020,1qb,ppr,4,9,BUF,26,6'2,216
dalton-keene,Dalton Keene,TE,4,2020,1qb,ppr,4,10,FA,26,6'4,253
albert-okwuegbunam,Albert Okwuegbunam,TE,5,2020,1qb,ppr,4,11,FA,27,6'5,258
thaddeus-moss,Thaddeus Moss,TE,6,2020,1qb,ppr,4,12,FA,27,6'2,250
charlie-woerner,Charlie Woerner,TE,7,2020,1qb,ppr,5,1,SF,,6'5,244
isaiah-coulter,Isaiah Coulter,WR,23,2020,1qb,ppr,5,2,FA,27,6'2,198
jacob-eason,Jacob Eason,QB,6,2020,1qb,ppr,5,3,FA,28,6'6,231
collin-johnson,Collin Johnson,WR,24,2020,1qb,ppr,5,4,FA,28,6'6,222
kj-hill,KJ Hill,WR,25,2020,1qb,ppr,5,5,LAC,28,6'0,196
scottie-phillips,Scottie Phillips,RB,16,2020,1qb,ppr,5,6,FA,28,5'8,209
michael-warren,Michael Warren,RB,17,2020,1qb,ppr,5,7,FA,,5'9,226
joe-reed,Joe Reed,WR,26,2020,1qb,ppr,5,8,FA,28,6'1,215
darnell-mooney,Darnell Mooney,WR,27,2020,1qb,ppr,5,9,ATL,28,5'10,176
raymond-calais,Raymond Calais,RB,18,2020,1qb,ppr,5,10,FA,27,5'8,188
john-hightower,John Hightower,WR,28,2020,1qb,ppr,5,11,FA,29,6'2,189
harrison-bryant,Harrison Bryant,TE,8,2020,1qb,ppr,5,12,HOU,27,6'5,243
clyde-edwards-helaire,Clyde Edwards-Helaire,RB,1,2020,1qb,hppr,1,1,KC,26,5'7,207
jonathan-taylor,Jonathan Taylor,RB,2,2020,1qb,hppr,1,2,IND,27,5'10,226
jk-dobbins,JK Dobbins,RB,3,2020,1qb,hppr,1,3,DEN,27,5'9,209
d-andre-swift,D'Andre Swift,RB,4,2020,1qb,hppr,1,4,CHI,27,5'8,212
ceedee-lamb,CeeDee Lamb,WR,1,2020,1qb,hppr,1,5,DAL,26,6'2,198
cam-akers,Cam Akers,RB,5,2020,1qb,hppr,1,6,FA,26,5'10,217
jerry-jeudy,Jerry Jeudy,WR,2,2020,1qb,hppr,1,7,CLE,26,6'1,193
justin-jefferson,Justin Jefferson,WR,3,2020,1qb,hppr,1,8,MIN,26,6'1,202
henry-ruggs,Henry Ruggs,WR,4,2020,1qb,hppr,1,9,FA,27,5'11,188
jalen-reagor,Jalen Reagor,WR,5,2020,1qb,hppr,1,10,FA,27,5'11,206
ke-shawn-vaughn,Ke'Shawn Vaughn,RB,6,2020,1qb,hppr,1,11,FA,28,5'10,214
michael-pittman,Michael Pittman,WR,6,2020,1qb,hppr,1,12,IND,28,6'4,223
joe-burrow,Joe Burrow,QB,1,2020,1qb,hppr,2,1,CIN,29,6'3,221
tee-higgins,Tee Higgins,WR,7,2020,1qb,hppr,2,2,CIN,27,6'4,216
denzel-mims,Denzel Mims,WR,8,2020,1qb,hppr,2,3,FA,28,6'3,207
brandon-aiyuk,Brandon Aiyuk,WR,9,2020,1qb,hppr,2,4,SF,27,6'0,205
aj-dillon,AJ Dillon,RB,7,2020,1qb,hppr,2,5,PHI,27,6'0,247
laviska-shenault,Laviska Shenault,WR,10,2020,1qb,hppr,2,6,FA,27,6'1,227
tua-tagovailoa,Tua Tagovailoa,QB,2,2020,1qb,hppr,2,7,MIA,28,6'0,217
zack-moss,Zack Moss,RB,8,2020,1qb,hppr,2,8,FA,28,5'9,223
bryan-edwards,Bryan Edwards,WR,11,2020,1qb,hppr,2,9,FA,27,6'3,212
antonio-gibson,Antonio Gibson,RB,9,2020,1qb,hppr,2,10,FA,27,6'0,228
anthony-mcfarland,Anthony McFarland,RB,10,2020,1qb,hppr,2,11,FA,27,5'8,208
darrynton-evans,Darrynton Evans,RB,11,2020,1qb,hppr,2,12,FA,27,5'10,203
chase-claypool,Chase Claypool,WR,12,2020,1qb,hppr,3,1,FA,27,6'4,238
kj-hamler,KJ Hamler,WR,13,2020,1qb,hppr,3,2,FA,26,5'9,178
justin-herbert,Justin Herbert,QB,3,2020,1qb,hppr,3,3,LAC,27,6'6,236
joshua-kelley,Joshua Kelley,RB,12,2020,1qb,hppr,3,4,FA,28,5'11,212
cole-kmet,Cole Kmet,TE,1,2020,1qb,hppr,3,5,CHI,26,6'6,262
devin-duvernay,Devin Duvernay,WR,14,2020,1qb,hppr,3,6,CHI,28,5'11,200
van-jefferson,Van Jefferson,WR,15,2020,1qb,hppr,3,7,TEN,29,6'1,200
antonio-gandy-golden,Antonio Gandy-Golden,WR,16,2020,1qb,hppr,3,8,FA,27,6'4,223
lynn-bowden,Lynn Bowden,WR,17,2020,1qb,hppr,3,9,FA,28,5'11,204
eno-benjamin,Eno Benjamin,RB,13,2020,1qb,hppr,3,10,NO,26,5'9,207
jordan-love,Jordan Love,QB,4,2020,1qb,hppr,3,11,GB,27,6'4,224
adam-trautman,Adam Trautman,TE,2,2020,1qb,hppr,3,12,DEN,29,6'5,255
devin-asiasi,Devin Asiasi,TE,3,2020,1qb,hppr,4,1,CIN,28,6'3,257
tyler-johnson,Tyler Johnson,WR,18,2020,1qb,hppr,4,2,NYJ,27,6'1,206
lamical-perine,Lamical Perine,RB,14,2020,1qb,hppr,4,3,GB,28,5'11,216
deejay-dallas,DeeJay Dallas,RB,15,2020,1qb,hppr,4,4,JAC,27,5'10,217
quintez-cephus,Quintez Cephus,WR,19,2020,1qb,hppr,4,5,FA,27,6'1,202
jalen-hurts,Jalen Hurts,QB,5,2020,1qb,hppr,4,6,PHI,27,6'2,218
donovan-peoples-jones,Donovan Peoples-Jones,WR,20,2020,1qb,hppr,4,7,FA,27,6'2,212
gabe-davis,Gabe Davis,WR,21,2020,1qb,hppr,4,8,BUF,26,6'2,216
jj-taylor,JJ Taylor,RB,16,2020,1qb,hppr,4,9,FA,29,5'5,185
kj-hill,KJ Hill,WR,22,2020,1qb,hppr,4,10,LAC,28,6'0,196
albert-okwuegbunam,Albert Okwuegbunam,TE,4,2020,1qb,hppr,4,11,FA,27,6'5,258
joe-reed,Joe Reed,WR,23,2020,1qb,hppr,4,12,FA,28,6'1,215
collin-johnson,Collin Johnson,WR,24,2020,1qb,hppr,5,1,FA,28,6'6,222
jacob-eason,Jacob Eason,QB,6,2020,1qb,hppr,5,2,FA,28,6'6,231
dalton-keene,Dalton Keene,TE,5,2020,1qb,hppr,5,3,FA,26,6'4,253
thaddeus-moss,Thaddeus Moss,TE,6,2020,1qb,hppr,5,4,FA,27,6'2,250
darnell-mooney,Darnell Mooney,WR,25,2020,1qb,hppr,5,5,ATL,28,5'10,176
charlie-woerner,Charlie Woerner,TE,7,2020,1qb,hppr,5,6,SF,,6'5,244
jake-fromm,Jake Fromm,QB,7,2020,1qb,hppr,5,7,FA,27,6'2,219
marquez-callaway,Marquez Callaway,WR,26,2020,1qb,hppr,5,8,FA,27,6'1,205
isaiah-coulter,Isaiah Coulter,WR,27,2020,1qb,hppr,5,9,FA,27,6'2,198
james-robinson,James Robinson,RB,17,2020,1qb,hppr,5,10,FA,27,5'9,219
colby-parkinson,Colby Parkinson,TE,8,2020,1qb,hppr,5,11,LAR,27,6'7,252
james-proche,James Proche,WR,28,2020,1qb,hppr,5,12,TEN,29,5'11,201
clyde-edwards-helaire,Clyde Edwards-Helaire,RB,1,2020,sf,ppr,1,1,KC,26,5'7,207
jonathan-taylor,Jonathan Taylor,RB,2,2020,sf,ppr,1,2,IND,27,5'10,226
joe-burrow,Joe Burrow,QB,1,2020,sf,ppr,1,3,CIN,29,6'3,221
jk-dobbins,JK Dobbins,RB,3,2020,sf,ppr,1,4,DEN,27,5'9,209
d-andre-swift,D'Andre Swift,RB,4,2020,sf,ppr,1,5,CHI,27,5'8,212
tua-tagovailoa,Tua Tagovailoa,QB,2,2020,sf,ppr,1,6,MIA,28,6'0,217
cam-akers,Cam Akers,RB,5,2020,sf,ppr,1,7,FA,26,5'10,217
ceedee-lamb,CeeDee Lamb,WR,1,2020,sf,ppr,1,8,DAL,26,6'2,198
jerry-jeudy,Jerry Jeudy,WR,2,2020,sf,ppr,1,9,CLE,26,6'1,193
justin-jefferson,Justin Jefferson,WR,3,2020,sf,ppr,1,10,MIN,26,6'1,202
jalen-reagor,Jalen Reagor,WR,4,2020,sf,ppr,1,11,FA,27,5'11,206
justin-herbert,Justin Herbert,QB,3,2020,sf,ppr,1,12,LAC,27,6'6,236
henry-ruggs,Henry Ruggs,WR,5,2020,sf,ppr,2,1,FA,27,5'11,188
ke-shawn-vaughn,Ke'Shawn Vaughn,RB,6,2020,sf,ppr,2,2,FA,28,5'10,214
tee-higgins,Tee Higgins,WR,6,2020,sf,ppr,2,3,CIN,27,6'4,216
michael-pittman,Michael Pittman,WR,7,2020,sf,ppr,2,4,IND,28,6'4,223
denzel-mims,Denzel Mims,WR,8,2020,sf,ppr,2,5,FA,28,6'3,207
brandon-aiyuk,Brandon Aiyuk,WR,9,2020,sf,ppr,2,6,SF,27,6'0,205
aj-dillon,AJ Dillon,RB,7,2020,sf,ppr,2,7,PHI,27,6'0,247
zack-moss,Zack Moss,RB,8,2020,sf,ppr,2,8,FA,28,5'9,223
laviska-shenault,Laviska Shenault,WR,10,2020,sf,ppr,2,9,FA,27,6'1,227
jordan-love,Jordan Love,QB,4,2020,sf,ppr,2,10,GB,27,6'4,224
bryan-edwards,Bryan Edwards,WR,11,2020,sf,ppr,2,11,FA,27,6'3,212
antonio-gibson,Antonio Gibson,RB,9,2020,sf,ppr,2,12,FA,27,6'0,228
anthony-mcfarland,Anthony McFarland,RB,10,2020,sf,ppr,3,1,FA,27,5'8,208
chase-claypool,Chase Claypool,WR,12,2020,sf,ppr,3,2,FA,27,6'4,238
darrynton-evans,Darrynton Evans,RB,11,2020,sf,ppr,3,3,FA,27,5'10,203
jalen-hurts,Jalen Hurts,QB,5,2020,sf,ppr,3,4,PHI,27,6'2,218
joshua-kelley,Joshua Kelley,RB,12,2020,sf,ppr,3,5,FA,28,5'11,212
cole-kmet,Cole Kmet,TE,1,2020,sf,ppr,3,6,CHI,26,6'6,262
kj-hamler,KJ Hamler,WR,13,2020,sf,ppr,3,7,FA,26,5'9,178
van-jefferson,Van Jefferson,WR,14,2020,sf,ppr,3,8,TEN,29,6'1,200
lynn-bowden,Lynn Bowden,WR,15,2020,sf,ppr,3,9,FA,28,5'11,204
devin-duvernay,Devin Duvernay,WR,16,2020,sf,ppr,3,10,CHI,28,5'11,200
adam-trautman,Adam Trautman,TE,2,2020,sf,ppr,3,11,DEN,29,6'5,255
jacob-eason,Jacob Eason,QB,6,2020,sf,ppr,3,12,FA,28,6'6,231
antonio-gandy-golden,Antonio Gandy-Golden,WR,17,2020,sf,ppr,4,1,FA,27,6'4,223
devin-asiasi,Devin Asiasi,TE,3,2020,sf,ppr,4,2,CIN,28,6'3,257
tyler-johnson,Tyler Johnson,WR,18,2020,sf,ppr,4,3,NYJ,27,6'1,206
lamical-perine,Lamical Perine,RB,13,2020,sf,ppr,4,4,GB,28,5'11,216
eno-benjamin,Eno Benjamin,RB,14,2020,sf,ppr,4,5,NO,26,5'9,207
deejay-dallas,DeeJay Dallas,RB,15,2020,sf,ppr,4,6,JAC,27,5'10,217
kalija-lipscomb,Kalija Lipscomb,WR,19,2020,sf,ppr,4,7,TEN,28,6'0,207
quintez-cephus,Quintez Cephus,WR,20,2020,sf,ppr,4,8,FA,27,6'1,202
albert-okwuegbunam,Albert Okwuegbunam,TE,4,2020,sf,ppr,4,9,FA,27,6'5,258
dalton-keene,Dalton Keene,TE,5,2020,sf,ppr,4,10,FA,26,6'4,253
donovan-peoples-jones,Donovan Peoples-Jones,WR,21,2020,sf,ppr,4,11,FA,27,6'2,212
jake-fromm,Jake Fromm,QB,7,2020,sf,ppr,4,12,FA,27,6'2,219
gabe-davis,Gabe Davis,WR,22,2020,sf,ppr,5,1,BUF,26,6'2,216
isaiah-coulter,Isaiah Coulter,WR,23,2020,sf,ppr,5,2,FA,27,6'2,198
javon-leake,Javon Leake,RB,16,2020,sf,ppr,5,3,FA,27,6'0,215
thaddeus-moss,Thaddeus Moss,TE,6,2020,sf,ppr,5,4,FA,27,6'2,250
malcolm-perry,Malcolm Perry,WR,24,2020,sf,ppr,5,5,FA,28,5'10,181
harrison-bryant,Harrison Bryant,TE,7,2020,sf,ppr,5,6,HOU,27,6'5,243
kj-hill,KJ Hill,WR,25,2020,sf,ppr,5,7,LAC,28,6'0,196
michael-warren,Michael Warren,RB,17,2020,sf,ppr,5,8,FA,,5'9,226
marquez-callaway,Marquez Callaway,WR,26,2020,sf,ppr,5,9,FA,27,6'1,205
james-proche,James Proche,WR,27,2020,sf,ppr,5,10,TEN,29,5'11,201
james-robinson,James Robinson,RB,18,2020,sf,ppr,5,11,FA,27,5'9,219
joe-reed,Joe Reed,WR,28,2020,sf,ppr,5,12,FA,28,6'1,215
jonathan-taylor,Jonathan Taylor,RB,1,2020,sf,hppr,1,1,IND,27,5'10,226
clyde-edwards-helaire,Clyde Edwards-Helaire,RB,2,2020,sf,hppr,1,2,KC,26,5'7,207
joe-burrow,Joe Burrow,QB,1,2020,sf,hppr,1,3,CIN,29,6'3,221
jk-dobbins,JK Dobbins,RB,3,2020,sf,hppr,1,4,DEN,27,5'9,209
tua-tagovailoa,Tua Tagovailoa,QB,2,2020,sf,hppr,1,5,MIA,28,6'0,217
cam-akers,Cam Akers,RB,4,2020,sf,hppr,1,6,FA,26,5'10,217
d-andre-swift,D'Andre Swift,RB,5,2020,sf,hppr,1,7,CHI,27,5'8,212
ceedee-lamb,CeeDee Lamb,WR,1,2020,sf,hppr,1,8,DAL,26,6'2,198
jerry-jeudy,Jerry Jeudy,WR,2,2020,sf,hppr,1,9,CLE,26,6'1,193
justin-jefferson,Justin Jefferson,WR,3,2020,sf,hppr,1,10,MIN,26,6'1,202
justin-herbert,Justin Herbert,QB,3,2020,sf,hppr,1,11,LAC,27,6'6,236
jalen-reagor,Jalen Reagor,WR,4,2020,sf,hppr,1,12,FA,27,5'11,206
henry-ruggs,Henry Ruggs,WR,5,2020,sf,hppr,2,1,FA,27,5'11,188
ke-shawn-vaughn,Ke'Shawn Vaughn,RB,6,2020,sf,hppr,2,2,FA,28,5'10,214
michael-pittman,Michael Pittman,WR,6,2020,sf,hppr,2,3,IND,28,6'4,223
tee-higgins,Tee Higgins,WR,7,2020,sf,hppr,2,4,CIN,27,6'4,216
denzel-mims,Denzel Mims,WR,8,2020,sf,hppr,2,5,FA,28,6'3,207
brandon-aiyuk,Brandon Aiyuk,WR,9,2020,sf,hppr,2,6,SF,27,6'0,205
laviska-shenault,Laviska Shenault,WR,10,2020,sf,hppr,2,7,FA,27,6'1,227
antonio-gibson,Antonio Gibson,RB,7,2020,sf,hppr,2,8,FA,27,6'0,228
aj-dillon,AJ Dillon,RB,8,2020,sf,hppr,2,9,PHI,27,6'0,247
zack-moss,Zack Moss,RB,9,2020,sf,hppr,2,10,FA,28,5'9,223
jordan-love,Jordan Love,QB,4,2020,sf,hppr,2,11,GB,27,6'4,224
bryan-edwards,Bryan Edwards,WR,11,2020,sf,hppr,2,12,FA,27,6'3,212
anthony-mcfarland,Anthony McFarland,RB,10,2020,sf,hppr,3,1,FA,27,5'8,208
joshua-kelley,Joshua Kelley,RB,11,2020,sf,hppr,3,2,FA,28,5'11,212
cole-kmet,Cole Kmet,TE,1,2020,sf,hppr,3,3,CHI,26,6'6,262
darrynton-evans,Darrynton Evans,RB,12,2020,sf,hppr,3,4,FA,27,5'10,203
chase-claypool,Chase Claypool,WR,12,2020,sf,hppr,3,5,FA,27,6'4,238
jalen-hurts,Jalen Hurts,QB,5,2020,sf,hppr,3,6,PHI,27,6'2,218
van-jefferson,Van Jefferson,WR,13,2020,sf,hppr,3,7,TEN,29,6'1,200
jacob-eason,Jacob Eason,QB,6,2020,sf,hppr,3,8,FA,28,6'6,231
kj-hamler,KJ Hamler,WR,14,2020,sf,hppr,3,9,FA,26,5'9,178
adam-trautman,Adam Trautman,TE,2,2020,sf,hppr,3,10,DEN,29,6'5,255
lynn-bowden,Lynn Bowden,WR,15,2020,sf,hppr,3,11,FA,28,5'11,204
devin-duvernay,Devin Duvernay,WR,16,2020,sf,hppr,3,12,CHI,28,5'11,200
devin-asiasi,Devin Asiasi,TE,3,2020,sf,hppr,4,1,CIN,28,6'3,257
eno-benjamin,Eno Benjamin,RB,13,2020,sf,hppr,4,2,NO,26,5'9,207
antonio-gandy-golden,Antonio Gandy-Golden,WR,17,2020,sf,hppr,4,3,FA,27,6'4,223
tyler-johnson,Tyler Johnson,WR,18,2020,sf,hppr,4,4,NYJ,27,6'1,206
lamical-perine,Lamical Perine,RB,14,2020,sf,hppr,4,5,GB,28,5'11,216
jauan-jennings,Jauan Jennings,WR,19,2020,sf,hppr,4,6,SF,28,6'3,215
deejay-dallas,DeeJay Dallas,RB,15,2020,sf,hppr,4,7,JAC,27,5'10,217
dalton-keene,Dalton Keene,TE,4,2020,sf,hppr,4,8,FA,26,6'4,253
kj-osborn,KJ Osborn,WR,20,2020,sf,hppr,4,9,FA,28,5'11,203
michael-warren,Michael Warren,RB,16,2020,sf,hppr,4,10,FA,,5'9,226
quintez-cephus,Quintez Cephus,WR,21,2020,sf,hppr,4,11,FA,27,6'1,202
james-robinson,James Robinson,RB,17,2020,sf,hppr,4,12,FA,27,5'9,219
donovan-peoples-jones,Donovan Peoples-Jones,WR,22,2020,sf,hppr,5,1,FA,27,6'2,212
darnell-mooney,Darnell Mooney,WR,23,2020,sf,hppr,5,2,ATL,28,5'10,176
albert-okwuegbunam,Albert Okwuegbunam,TE,5,2020,sf,hppr,5,3,FA,27,6'5,258
jake-fromm,Jake Fromm,QB,7,2020,sf,hppr,5,4,FA,27,6'2,219
jamycal-hasty,JaMycal Hasty,RB,18,2020,sf,hppr,5,5,FA,29,5'8,205
brycen-hopkins,Brycen Hopkins,TE,6,2020,sf,hppr,5,6,LAR,28,6'4,245
john-hightower,John Hightower,WR,24,2020,sf,hppr,5,7,FA,29,6'2,189
josiah-deguara,Josiah Deguara,TE,7,2020,sf,hppr,5,8,ARI,29,6'2,242
gabe-davis,Gabe Davis,WR,25,2020,sf,hppr,5,9,BUF,26,6'2,216
harrison-bryant,Harrison Bryant,TE,8,2020,sf,hppr,5,10,HOU,27,6'5,243
kj-hill,KJ Hill,WR,26,2020,sf,hppr,5,11,LAC,28,6'0,196
hunter-bryant,Hunter Bryant,TE,9,2020,sf,hppr,5,12,DET,27,6'2,248
josh-jacobs,Josh Jacobs,RB,1,2019,1qb,ppr,1,1,GB,28,5'10,220
david-montgomery,David Montgomery,RB,2,2019,1qb,ppr,1,2,HOU,28,5'10,222
n-keal-harry,N'Keal Harry,WR,1,2019,1qb,ppr,1,3,FA,28,6'2,228
miles-sanders,Miles Sanders,RB,3,2019,1qb,ppr,1,4,DAL,28,5'11,211
dk-metcalf,DK Metcalf,WR,2,2019,1qb,ppr,1,5,PIT,28,6'3,228
darrell-henderson,Darrell Henderson,RB,4,2019,1qb,ppr,1,6,FA,28,5'8,208
tj-hockenson,TJ Hockenson,TE,1,2019,1qb,ppr,1,7,MIN,28,6'5,251
kyler-murray,Kyler Murray,QB,1,2019,1qb,ppr,1,8,ARI,28,5'10,207
parris-campbell,Parris Campbell,WR,3,2019,1qb,ppr,1,9,FA,28,6'0,205
aj-brown,AJ Brown,WR,4,2019,1qb,ppr,1,10,PHI,28,6'0,226
noah-fant,Noah Fant,TE,2,2019,1qb,ppr,1,11,CIN,28,6'4,249
deebo-samuel,Deebo Samuel,WR,5,2019,1qb,ppr,1,12,WAS,30,5'11,214
damien-harris,Damien Harris,RB,5,2019,1qb,ppr,2,1,FA,29,5'10,216
marquise-brown,Marquise Brown,WR,6,2019,1qb,ppr,2,2,KC,28,5'9,166
jj-arcega-whiteside,JJ Arcega-Whiteside,WR,7,2019,1qb,ppr,2,3,FA,29,6'2,225
devin-singletary,Devin Singletary,RB,6,2019,1qb,ppr,2,4,NYG,28,5'7,203
andy-isabella,Andy Isabella,WR,8,2019,1qb,ppr,2,5,FA,29,5'9,188
justice-hill,Justice Hill,RB,7,2019,1qb,ppr,2,6,BAL,28,5'10,198
mecole-hardman,Mecole Hardman,WR,9,2019,1qb,ppr,2,7,BUF,27,5'10,187
hakeem-butler,Hakeem Butler,WR,10,2019,1qb,ppr,2,8,FA,29,6'5,227
alexander-mattison,Alexander Mattison,RB,8,2019,1qb,ppr,2,9,MIA,27,5'11,221
dwayne-haskins,Dwayne Haskins,QB,2,2019,1qb,ppr,2,10,FA,28,6'3,231
irv-smith,Irv Smith Jr,TE,3,2019,1qb,ppr,2,11,FA,27,6'2,242
diontae-johnson,Diontae Johnson,WR,11,2019,1qb,ppr,2,12,FA,29,5'10,183
darwin-thompson,Darwin Thompson,RB,9,2019,1qb,ppr,3,1,TB,29,5'9,195
miles-boykin,Miles Boykin,WR,12,2019,1qb,ppr,3,2,FA,29,6'4,220
jace-sternberger,Jace Sternberger,TE,4,2019,1qb,ppr,3,3,FA,29,6'4,251
terry-mclaurin,Terry McLaurin,WR,13,2019,1qb,ppr,3,4,WAS,30,6'0,208
benny-snell,Benny Snell,RB,10,2019,1qb,ppr,3,5,FA,28,5'10,224
bryce-love,Bryce Love,RB,11,2019,1qb,ppr,3,6,WAS,28,5'9,200
kelvin-harmon,Kelvin Harmon,WR,14,2019,1qb,ppr,3,7,FA,29,6'2,221
jakobi-meyers,Jakobi Meyers,WR,15,2019,1qb,ppr,3,8,JAC,29,6'1,203
jalen-hurd,Jalen Hurd,WR,16,2019,1qb,ppr,3,9,SF,30,6'5,226
ryquell-armstead,Ryquell Armstead,RB,12,2019,1qb,ppr,3,10,FA,29,5'11,220
juwann-winfree,Juwann Winfree,WR,17,2019,1qb,ppr,3,11,FA,,6'3,215
dexter-williams,Dexter Williams,RB,13,2019,1qb,ppr,3,12,FA,29,5'11,212
tony-pollard,Tony Pollard,RB,14,2019,1qb,ppr,4,1,TEN,28,6'0,210
gardner-minshew,Gardner Minshew,QB,3,2019,1qb,ppr,4,2,KC,29,6'1,225
josh-oliver,Josh Oliver,TE,5,2019,1qb,ppr,4,3,MIN,28,6'5,249
daniel-jones,Daniel Jones,QB,4,2019,1qb,ppr,4,4,IND,28,6'5,221
rodney-anderson,Rodney Anderson,RB,15,2019,1qb,ppr,4,5,FA,29,6'0,224
riley-ridley,Riley Ridley,WR,18,2019,1qb,ppr,4,6,FA,28,6'1,199
johnnie-dixon,Johnnie Dixon,WR,19,2019,1qb,ppr,4,7,FA,,5'10,201
drew-lock,Drew Lock,QB,5,2019,1qb,ppr,4,8,SEA,29,6'4,228
dawson-knox,Dawson Knox,TE,6,2019,1qb,ppr,4,9,BUF,29,6'4,254
bruce-anderson,Bruce Anderson,RB,16,2019,1qb,ppr,4,10,FA,28,5'11,210
qadree-ollison,Qadree Ollison,RB,17,2019,1qb,ppr,4,11,FA,29,6'1,228
emmanuel-butler,Emmanuel Butler,WR,20,2019,1qb,ppr,4,12,FA,,6'3,217
darius-slayton,Darius Slayton,WR,21,2019,1qb,ppr,5,1,NYG,29,6'1,190
kahale-warring,Kahale Warring,TE,7,2019,1qb,ppr,5,2,FA,28,6'5,252
trayveon-williams,Trayveon Williams,RB,18,2019,1qb,ppr,5,3,CLE,28,5'8,206
hunter-renfrow,Hunter Renfrow,WR,22,2019,1qb,ppr,5,4,FA,30,5'10,184
jalen-guyton,Jalen Guyton,WR,23,2019,1qb,ppr,5,5,LV,28,6'1,202
tyree-jackson,Tyree Jackson,TE,8,2019,1qb,ppr,5,6,FA,28,6'7,249
gary-jennings,Gary Jennings,WR,24,2019,1qb,ppr,5,7,FA,28,6'1,214
mike-weber,Mike Weber,RB,19,2019,1qb,ppr,5,8,FA,28,5'10,211
myles-gaskin,Myles Gaskin,RB,20,2019,1qb,ppr,5,9,FA,29,5'9,205
preston-williams,Preston Williams,WR,25,2019,1qb,ppr,5,10,FA,28,6'4,211
keesean-johnson,KeeSean Johnson,WR,26,2019,1qb,ppr,5,11,FA,29,6'1,201
will-grier,Will Grier,QB,6,2019,1qb,ppr,5,12,FA,30,6'2,217
josh-jacobs,Josh Jacobs,RB,1,2019,1qb,hppr,1,1,GB,28,5'10,220
n-keal-harry,N'Keal Harry,WR,1,2019,1qb,hppr,1,2,FA,28,6'2,228
david-montgomery,David Montgomery,RB,2,2019,1qb,hppr,1,3,HOU,28,5'10,222
miles-sanders,Miles Sanders,RB,3,2019,1qb,hppr,1,4,DAL,28,5'11,211
dk-metcalf,DK Metcalf,WR,2,2019,1qb,hppr,1,5,PIT,28,6'3,228
parris-campbell,Parris Campbell,WR,3,2019,1qb,hppr,1,6,FA,28,6'0,205
aj-brown,AJ Brown,WR,4,2019,1qb,hppr,1,7,PHI,28,6'0,226
tj-hockenson,TJ Hockenson,TE,1,2019,1qb,hppr,1,8,MIN,28,6'5,251
darrell-henderson,Darrell Henderson,RB,4,2019,1qb,hppr,1,9,FA,28,5'8,208
kyler-murray,Kyler Murray,QB,1,2019,1qb,hppr,1,10,ARI,28,5'10,207
noah-fant,Noah Fant,TE,2,2019,1qb,hppr,1,11,CIN,28,6'4,249
deebo-samuel,Deebo Samuel,WR,5,2019,1qb,hppr,1,12,WAS,30,5'11,214
marquise-brown,Marquise Brown,WR,6,2019,1qb,hppr,2,1,KC,28,5'9,166
mecole-hardman,Mecole Hardman,WR,7,2019,1qb,hppr,2,2,BUF,27,5'10,187
hakeem-butler,Hakeem Butler,WR,8,2019,1qb,hppr,2,3,FA,29,6'5,227
jj-arcega-whiteside,JJ Arcega-Whiteside,WR,9,2019,1qb,hppr,2,4,FA,29,6'2,225
andy-isabella,Andy Isabella,WR,10,2019,1qb,hppr,2,5,FA,29,5'9,188
devin-singletary,Devin Singletary,RB,5,2019,1qb,hppr,2,6,NYG,28,5'7,203
damien-harris,Damien Harris,RB,6,2019,1qb,hppr,2,7,FA,29,5'10,216
justice-hill,Justice Hill,RB,7,2019,1qb,hppr,2,8,BAL,28,5'10,198
alexander-mattison,Alexander Mattison,RB,8,2019,1qb,hppr,2,9,MIA,27,5'11,221
irv-smith,Irv Smith Jr,TE,3,2019,1qb,hppr,2,10,FA,27,6'2,242
diontae-johnson,Diontae Johnson,WR,11,2019,1qb,hppr,2,11,FA,29,5'10,183
dwayne-haskins,Dwayne Haskins,QB,2,2019,1qb,hppr,2,12,FA,28,6'3,231
darwin-thompson,Darwin Thompson,RB,9,2019,1qb,hppr,3,1,TB,29,5'9,195
bryce-love,Bryce Love,RB,10,2019,1qb,hppr,3,2,WAS,28,5'9,200
miles-boykin,Miles Boykin,WR,12,2019,1qb,hppr,3,3,FA,29,6'4,220
jace-sternberger,Jace Sternberger,TE,4,2019,1qb,hppr,3,4,FA,29,6'4,251
benny-snell,Benny Snell,RB,11,2019,1qb,hppr,3,5,FA,28,5'10,224
kelvin-harmon,Kelvin Harmon,WR,13,2019,1qb,hppr,3,6,FA,29,6'2,221
jalen-hurd,Jalen Hurd,WR,14,2019,1qb,hppr,3,7,SF,30,6'5,226
terry-mclaurin,Terry McLaurin,WR,15,2019,1qb,hppr,3,8,WAS,30,6'0,208
ryquell-armstead,Ryquell Armstead,RB,12,2019,1qb,hppr,3,9,FA,29,5'11,220
drew-lock,Drew Lock,QB,3,2019,1qb,hppr,3,10,SEA,29,6'4,228
rodney-anderson,Rodney Anderson,RB,13,2019,1qb,hppr,3,11,FA,29,6'0,224
dexter-williams,Dexter Williams,RB,14,2019,1qb,hppr,3,12,FA,29,5'11,212
riley-ridley,Riley Ridley,WR,16,2019,1qb,hppr,4,1,FA,28,6'1,199
daniel-jones,Daniel Jones,QB,4,2019,1qb,hppr,4,2,IND,28,6'5,221
david-sills,David Sills,WR,17,2019,1qb,hppr,4,3,ATL,29,6'3,211
bruce-anderson,Bruce Anderson,RB,15,2019,1qb,hppr,4,4,FA,28,5'11,210
josh-oliver,Josh Oliver,TE,5,2019,1qb,hppr,4,5,MIN,28,6'5,249
juwann-winfree,Juwann Winfree,WR,18,2019,1qb,hppr,4,6,FA,,6'3,215
dawson-knox,Dawson Knox,TE,6,2019,1qb,hppr,4,7,BUF,29,6'4,254
myles-gaskin,Myles Gaskin,RB,16,2019,1qb,hppr,4,8,FA,29,5'9,205
tony-pollard,Tony Pollard,RB,17,2019,1qb,hppr,4,9,TEN,28,6'0,210
gary-jennings,Gary Jennings,WR,19,2019,1qb,hppr,4,10,FA,28,6'1,214
trayveon-williams,Trayveon Williams,RB,18,2019,1qb,hppr,4,11,CLE,28,5'8,206
hunter-renfrow,Hunter Renfrow,WR,20,2019,1qb,hppr,4,12,FA,30,5'10,184
kahale-warring,Kahale Warring,TE,7,2019,1qb,hppr,5,1,FA,28,6'5,252
darius-slayton,Darius Slayton,WR,21,2019,1qb,hppr,5,2,NYG,29,6'1,190
elijah-holyfield,Elijah Holyfield,RB,19,2019,1qb,hppr,5,3,FA,28,5'10,217
trevon-wesco,Trevon Wesco,TE,8,2019,1qb,hppr,5,4,CHI,,6'3,267
devine-ozigbo,Devine Ozigbo,RB,20,2019,1qb,hppr,5,5,FA,29,5'11,222
jordan-scarlett,Jordan Scarlett,RB,21,2019,1qb,hppr,5,6,FA,30,5'11,208
karan-higdon,Karan Higdon,RB,22,2019,1qb,hppr,5,7,FA,29,5'9,205
preston-williams,Preston Williams,WR,22,2019,1qb,hppr,5,8,FA,28,6'4,211
emanuel-hall,Emanuel Hall,WR,23,2019,1qb,hppr,5,9,FA,28,6'1,201
qadree-ollison,Qadree Ollison,RB,23,2019,1qb,hppr,5,10,FA,29,6'1,228
caleb-wilson,Caleb Wilson,TE,9,2019,1qb,hppr,5,11,FA,,6'4,240
keesean-johnson,KeeSean Johnson,WR,24,2019,1qb,hppr,5,12,FA,29,6'1,201
josh-jacobs,Josh Jacobs,RB,1,2019,sf,ppr,1,1,GB,28,5'10,220
kyler-murray,Kyler Murray,QB,1,2019,sf,ppr,1,2,ARI,28,5'10,207
n-keal-harry,N'Keal Harry,WR,1,2019,sf,ppr,1,3,FA,28,6'2,228
miles-sanders,Miles Sanders,RB,2,2019,sf,ppr,1,4,DAL,28,5'11,211
david-montgomery,David Montgomery,RB,3,2019,sf,ppr,1,5,HOU,28,5'10,222
dwayne-haskins,Dwayne Haskins,QB,2,2019,sf,ppr,1,6,FA,28,6'3,231
dk-metcalf,DK Metcalf,WR,2,2019,sf,ppr,1,7,PIT,28,6'3,228
tj-hockenson,TJ Hockenson,TE,1,2019,sf,ppr,1,8,MIN,28,6'5,251
aj-brown,AJ Brown,WR,3,2019,sf,ppr,1,9,PHI,28,6'0,226
noah-fant,Noah Fant,TE,2,2019,sf,ppr,1,10,CIN,28,6'4,249
parris-campbell,Parris Campbell,WR,4,2019,sf,ppr,1,11,FA,28,6'0,205
darrell-henderson,Darrell Henderson,RB,4,2019,sf,ppr,1,12,FA,28,5'8,208
deebo-samuel,Deebo Samuel,WR,5,2019,sf,ppr,2,1,WAS,30,5'11,214
mecole-hardman,Mecole Hardman,WR,6,2019,sf,ppr,2,2,BUF,27,5'10,187
marquise-brown,Marquise Brown,WR,7,2019,sf,ppr,2,3,KC,28,5'9,166
jj-arcega-whiteside,JJ Arcega-Whiteside,WR,8,2019,sf,ppr,2,4,FA,29,6'2,225
hakeem-butler,Hakeem Butler,WR,9,2019,sf,ppr,2,5,FA,29,6'5,227
andy-isabella,Andy Isabella,WR,10,2019,sf,ppr,2,6,FA,29,5'9,188
daniel-jones,Daniel Jones,QB,3,2019,sf,ppr,2,7,IND,28,6'5,221
damien-harris,Damien Harris,RB,5,2019,sf,ppr,2,8,FA,29,5'10,216
drew-lock,Drew Lock,QB,4,2019,sf,ppr,2,9,SEA,29,6'4,228
devin-singletary,Devin Singletary,RB,6,2019,sf,ppr,2,10,NYG,28,5'7,203
irv-smith,Irv Smith Jr,TE,3,2019,sf,ppr,2,11,FA,27,6'2,242
justice-hill,Justice Hill,RB,7,2019,sf,ppr,2,12,BAL,28,5'10,198
alexander-mattison,Alexander Mattison,RB,8,2019,sf,ppr,3,1,MIA,27,5'11,221
diontae-johnson,Diontae Johnson,WR,11,2019,sf,ppr,3,2,FA,29,5'10,183
jace-sternberger,Jace Sternberger,TE,4,2019,sf,ppr,3,3,FA,29,6'4,251
darwin-thompson,Darwin Thompson,RB,9,2019,sf,ppr,3,4,TB,29,5'9,195
miles-boykin,Miles Boykin,WR,12,2019,sf,ppr,3,5,FA,29,6'4,220
terry-mclaurin,Terry McLaurin,WR,13,2019,sf,ppr,3,6,WAS,30,6'0,208
bryce-love,Bryce Love,RB,10,2019,sf,ppr,3,7,WAS,28,5'9,200
kelvin-harmon,Kelvin Harmon,WR,14,2019,sf,ppr,3,8,FA,29,6'2,221
benny-snell,Benny Snell,RB,11,2019,sf,ppr,3,9,FA,28,5'10,224
john-ursua,John Ursua,WR,15,2019,sf,ppr,3,10,SEA,,5'10,165
jalen-hurd,Jalen Hurd,WR,16,2019,sf,ppr,3,11,SF,30,6'5,226
will-grier,Will Grier,QB,5,2019,sf,ppr,3,12,FA,30,6'2,217
ryquell-armstead,Ryquell Armstead,RB,12,2019,sf,ppr,4,1,FA,29,5'11,220
josh-oliver,Josh Oliver,TE,5,2019,sf,ppr,4,2,MIN,28,6'5,249
dexter-williams,Dexter Williams,RB,13,2019,sf,ppr,4,3,FA,29,5'11,212
rodney-anderson,Rodney Anderson,RB,14,2019,sf,ppr,4,4,FA,29,6'0,224
jarrett-stidham,Jarrett Stidham,QB,6,2019,sf,ppr,4,5,DEN,29,6'2,218
riley-ridley,Riley Ridley,WR,17,2019,sf,ppr,4,6,FA,28,6'1,199
kahale-warring,Kahale Warring,TE,6,2019,sf,ppr,4,7,FA,28,6'5,252
dawson-knox,Dawson Knox,TE,7,2019,sf,ppr,4,8,BUF,29,6'4,254
gary-jennings,Gary Jennings,WR,18,2019,sf,ppr,4,9,FA,28,6'1,214
ryan-finley,Ryan Finley,QB,7,2019,sf,ppr,4,10,FA,31,6'4,213
bruce-anderson,Bruce Anderson,RB,15,2019,sf,ppr,4,11,FA,28,5'11,210
tony-pollard,Tony Pollard,RB,16,2019,sf,ppr,4,12,TEN,28,6'0,210
hunter-renfrow,Hunter Renfrow,WR,19,2019,sf,ppr,5,1,FA,30,5'10,184
darius-slayton,Darius Slayton,WR,20,2019,sf,ppr,5,2,NYG,29,6'1,190
trayveon-williams,Trayveon Williams,RB,17,2019,sf,ppr,5,3,CLE,28,5'8,206
mike-weber,Mike Weber,RB,18,2019,sf,ppr,5,4,FA,28,5'10,211
myles-gaskin,Myles Gaskin,RB,19,2019,sf,ppr,5,5,FA,29,5'9,205
devine-ozigbo,Devine Ozigbo,RB,20,2019,sf,ppr,5,6,FA,29,5'11,222
zach-gentry,Zach Gentry,TE,8,2019,sf,ppr,5,7,FA,29,6'8,262
preston-williams,Preston Williams,WR,21,2019,sf,ppr,5,8,FA,28,6'4,211
travis-homer,Travis Homer,RB,21,2019,sf,ppr,5,9,CHI,27,5'10,202
qadree-ollison,Qadree Ollison,RB,22,2019,sf,ppr,5,10,FA,29,6'1,228
greg-dortch,Greg Dortch,WR,22,2019,sf,ppr,5,11,FA,27,5'7,173
foster-moreau,Foster Moreau,TE,9,2019,sf,ppr,5,12,FA,28,6'4,253
josh-jacobs,Josh Jacobs,RB,1,2019,sf,hppr,1,1,GB,28,5'10,220
n-keal-harry,N'Keal Harry,WR,1,2019,sf,hppr,1,2,FA,28,6'2,228
miles-sanders,Miles Sanders,RB,2,2019,sf,hppr,1,3,DAL,28,5'11,211
david-montgomery,David Montgomery,RB,3,2019,sf,hppr,1,4,HOU,28,5'10,222
kyler-murray,Kyler Murray,QB,1,2019,sf,hppr,1,5,ARI,28,5'10,207
dk-metcalf,DK Metcalf,WR,2,2019,sf,hppr,1,6,PIT,28,6'3,228
aj-brown,AJ Brown,WR,3,2019,sf,hppr,1,7,PHI,28,6'0,226
tj-hockenson,TJ Hockenson,TE,1,2019,sf,hppr,1,8,MIN,28,6'5,251
parris-campbell,Parris Campbell,WR,4,2019,sf,hppr,1,9,FA,28,6'0,205
noah-fant,Noah Fant,TE,2,2019,sf,hppr,1,10,CIN,28,6'4,249
darrell-henderson,Darrell Henderson,RB,4,2019,sf,hppr,1,11,FA,28,5'8,208
dwayne-haskins,Dwayne Haskins,QB,2,2019,sf,hppr,1,12,FA,28,6'3,231
deebo-samuel,Deebo Samuel,WR,5,2019,sf,hppr,2,1,WAS,30,5'11,214
mecole-hardman,Mecole Hardman,WR,6,2019,sf,hppr,2,2,BUF,27,5'10,187
marquise-brown,Marquise Brown,WR,7,2019,sf,hppr,2,3,KC,28,5'9,166
jj-arcega-whiteside,JJ Arcega-Whiteside,WR,8,2019,sf,hppr,2,4,FA,29,6'2,225
andy-isabella,Andy Isabella,WR,9,2019,sf,hppr,2,5,FA,29,5'9,188
damien-harris,Damien Harris,RB,5,2019,sf,hppr,2,6,FA,29,5'10,216
devin-singletary,Devin Singletary,RB,6,2019,sf,hppr,2,7,NYG,28,5'7,203
irv-smith,Irv Smith Jr,TE,3,2019,sf,hppr,2,8,FA,27,6'2,242
hakeem-butler,Hakeem Butler,WR,10,2019,sf,hppr,2,9,FA,29,6'5,227
daniel-jones,Daniel Jones,QB,3,2019,sf,hppr,2,10,IND,28,6'5,221
justice-hill,Justice Hill,RB,7,2019,sf,hppr,2,11,BAL,28,5'10,198
alexander-mattison,Alexander Mattison,RB,8,2019,sf,hppr,2,12,MIA,27,5'11,221
diontae-johnson,Diontae Johnson,WR,11,2019,sf,hppr,3,1,FA,29,5'10,183
jace-sternberger,Jace Sternberger,TE,4,2019,sf,hppr,3,2,FA,29,6'4,251
drew-lock,Drew Lock,QB,4,2019,sf,hppr,3,3,SEA,29,6'4,228
darwin-thompson,Darwin Thompson,RB,9,2019,sf,hppr,3,4,TB,29,5'9,195
benny-snell,Benny Snell,RB,10,2019,sf,hppr,3,5,FA,28,5'10,224
miles-boykin,Miles Boykin,WR,12,2019,sf,hppr,3,6,FA,29,6'4,220
bryce-love,Bryce Love,RB,11,2019,sf,hppr,3,7,WAS,28,5'9,200
terry-mclaurin,Terry McLaurin,WR,13,2019,sf,hppr,3,8,WAS,30,6'0,208
kelvin-harmon,Kelvin Harmon,WR,14,2019,sf,hppr,3,9,FA,29,6'2,221
jalen-hurd,Jalen Hurd,WR,15,2019,sf,hppr,3,10,SF,30,6'5,226
ryquell-armstead,Ryquell Armstead,RB,12,2019,sf,hppr,3,11,FA,29,5'11,220
dexter-williams,Dexter Williams,RB,13,2019,sf,hppr,3,12,FA,29,5'11,212
josh-oliver,Josh Oliver,TE,5,2019,sf,hppr,4,1,MIN,28,6'5,249
rodney-anderson,Rodney Anderson,RB,14,2019,sf,hppr,4,2,FA,29,6'0,224
will-grier,Will Grier,QB,5,2019,sf,hppr,4,3,FA,30,6'2,217
emanuel-hall,Emanuel Hall,WR,16,2019,sf,hppr,4,4,FA,28,6'1,201
lil-jordan-humphrey,Lil'Jordan Humphrey,WR,17,2019,sf,hppr,4,5,DEN,27,6'4,210
trayveon-williams,Trayveon Williams,RB,15,2019,sf,hppr,4,6,CLE,28,5'8,206
riley-ridley,Riley Ridley,WR,18,2019,sf,hppr,4,7,FA,28,6'1,199
devine-ozigbo,Devine Ozigbo,RB,16,2019,sf,hppr,4,8,FA,29,5'11,222
myles-gaskin,Myles Gaskin,RB,17,2019,sf,hppr,4,9,FA,29,5'9,205
jarrett-stidham,Jarrett Stidham,QB,6,2019,sf,hppr,4,10,DEN,29,6'2,218
kahale-warring,Kahale Warring,TE,6,2019,sf,hppr,4,11,FA,28,6'5,252
ryan-finley,Ryan Finley,QB,7,2019,sf,hppr,4,12,FA,31,6'4,213
hunter-renfrow,Hunter Renfrow,WR,19,2019,sf,hppr,5,1,FA,30,5'10,184
jordan-scarlett,Jordan Scarlett,RB,18,2019,sf,hppr,5,2,FA,30,5'11,208
caleb-wilson,Caleb Wilson,TE,7,2019,sf,hppr,5,3,FA,,6'4,240
dawson-knox,Dawson Knox,TE,8,2019,sf,hppr,5,4,BUF,29,6'4,254
preston-williams,Preston Williams,WR,20,2019,sf,hppr,5,5,FA,28,6'4,211
gary-jennings,Gary Jennings,WR,21,2019,sf,hppr,5,6,FA,28,6'1,214
tyree-jackson,Tyree Jackson,TE,9,2019,sf,hppr,5,7,FA,28,6'7,249
bruce-anderson,Bruce Anderson,RB,19,2019,sf,hppr,5,8,FA,28,5'11,210
elijah-holyfield,Elijah Holyfield,RB,20,2019,sf,hppr,5,9,FA,28,5'10,217
qadree-ollison,Qadree Ollison,RB,21,2019,sf,hppr,5,10,FA,29,6'1,228
drew-sample,Drew Sample,TE,10,2019,sf,hppr,5,11,CIN,29,6'5,255
darius-slayton,Darius Slayton,WR,22,2019,sf,hppr,5,12,NYG,29,6'1,190
saquon-barkley,Saquon Barkley,RB,1,2018,1qb,ppr,1,1,PHI,29,6'0,233
derrius-guice,Derrius Guice,RB,2,2018,1qb,ppr,1,2,FA,28,5'10,224
rashaad-penny,Rashaad Penny,RB,3,2018,1qb,ppr,1,3,FA,30,5'11,220
sony-michel,Sony Michel,RB,4,2018,1qb,ppr,1,4,FA,31,5'11,214
nick-chubb,Nick Chubb,RB,5,2018,1qb,ppr,1,5,HOU,30,5'11,227
ronald-jones,Ronald Jones,RB,6,2018,1qb,ppr,1,6,FA,28,5'11,205
royce-freeman,Royce Freeman,RB,7,2018,1qb,ppr,1,7,FA,30,5'11,229
dj-moore,DJ Moore,WR,1,2018,1qb,ppr,1,8,CHI,28,6'0,210
kerryon-johnson,Kerryon Johnson,RB,8,2018,1qb,ppr,1,9,FA,28,5'11,213
calvin-ridley,Calvin Ridley,WR,2,2018,1qb,ppr,1,10,TEN,31,6'0,189
christian-kirk,Christian Kirk,WR,3,2018,1qb,ppr,1,11,HOU,29,5'10,201
courtland-sutton,Courtland Sutton,WR,4,2018,1qb,ppr,1,12,DEN,30,6'3,218
michael-gallup,Michael Gallup,WR,5,2018,1qb,ppr,2,1,FA,30,6'1,205
anthony-miller,Anthony Miller,WR,6,2018,1qb,ppr,2,2,FA,31,5'11,201
mike-gesicki,Mike Gesicki,TE,1,2018,1qb,ppr,2,3,CIN,30,6'5,247
james-washington,James Washington,WR,7,2018,1qb,ppr,2,4,FA,29,5'11,213
nyheim-hines,Nyheim Hines,RB,9,2018,1qb,ppr,2,5,LAC,29,5'8,198
lamar-jackson,Lamar Jackson,QB,1,2018,1qb,ppr,2,6,BAL,29,6'2,216
kalen-ballage,Kalen Ballage,RB,10,2018,1qb,ppr,2,7,FA,30,6'1,228
baker-mayfield,Baker Mayfield,QB,2,2018,1qb,ppr,2,8,TB,30,6'1,215
dante-pettis,Dante Pettis,WR,8,2018,1qb,ppr,2,9,NO,30,6'0,186
hayden-hurst,Hayden Hurst,TE,2,2018,1qb,ppr,2,10,FA,32,6'4,250
brandon-zylstra,Brandon Zylstra,WR,9,2018,1qb,ppr,2,11,FA,32,6'2,215
josh-rosen,Josh Rosen,QB,3,2018,1qb,ppr,2,12,FA,29,6'4,226
dallas-goedert,Dallas Goedert,TE,3,2018,1qb,ppr,3,1,PHI,31,6'5,256
tre-quan-smith,Tre'Quan Smith,WR,10,2018,1qb,ppr,3,2,FA,30,6'2,203
dj-chark,DJ Chark,WR,11,2018,1qb,ppr,3,3,FA,29,6'3,199
sam-darnold,Sam Darnold,QB,4,2018,1qb,ppr,3,4,SEA,28,6'3,221
antonio-callaway,Antonio Callaway,WR,12,2018,1qb,ppr,3,5,KC,29,5'11,200
jordan-wilkins,Jordan Wilkins,RB,11,2018,1qb,ppr,3,6,FA,31,6'1,216
equanimeous-st-brown,Equanimeous St. Brown,WR,13,2018,1qb,ppr,3,7,FA,29,6'5,214
keke-coutee,Keke Coutee,WR,14,2018,1qb,ppr,3,8,FA,29,5'10,181
josh-allen,Josh Allen,QB,5,2018,1qb,ppr,3,9,BUF,29,6'5,237
j-mon-moore,J'Mon Moore,WR,15,2018,1qb,ppr,3,10,FA,30,6'3,207
daesean-hamilton,DaeSean Hamilton,WR,16,2018,1qb,ppr,3,11,HOU,30,6'1,203
john-kelly,John Kelly,RB,12,2018,1qb,ppr,3,12,CLE,29,5'10,216
deon-cain,Deon Cain,WR,17,2018,1qb,ppr,4,1,FA,29,6'2,202
chase-edmonds,Chase Edmonds,RB,13,2018,1qb,ppr,4,2,WAS,29,5'9,205
jaylen-samuels,Jaylen Samuels,RB,14,2018,1qb,ppr,4,3,ARI,29,5'11,225
mark-andrews,Mark Andrews,TE,4,2018,1qb,ppr,4,4,BAL,30,6'5,256
luke-falk,Luke Falk,QB,6,2018,1qb,ppr,4,5,FA,31,6'4,215
justin-jackson,Justin Jackson,RB,15,2018,1qb,ppr,4,6,DET,29,6'0,199
mark-walton,Mark Walton,RB,16,2018,1qb,ppr,4,7,FA,28,5'10,202
ito-smith,Ito Smith,RB,17,2018,1qb,ppr,4,8,ATL,30,5'9,198
bo-scarbrough,Bo Scarbrough,RB,18,2018,1qb,ppr,4,9,DET,29,6'1,228
mason-rudolph,Mason Rudolph,QB,7,2018,1qb,ppr,4,10,PIT,30,6'5,235
austin-proehl,Austin Proehl,WR,18,2018,1qb,ppr,4,11,FA,,5'11,175
ian-thomas,Ian Thomas,TE,5,2018,1qb,ppr,4,12,LV,29,6'4,259
marcell-ateman,Marcell Ateman,WR,19,2018,1qb,ppr,5,1,FA,31,6'4,216
justin-watson,Justin Watson,WR,20,2018,1qb,ppr,5,2,HOU,29,6'2,215
braxton-berrios,Braxton Berrios,WR,21,2018,1qb,ppr,5,3,HOU,30,5'9,184
josh-adams,Josh Adams,RB,19,2018,1qb,ppr,5,4,FA,29,6'2,220
danny-etling,Danny Etling,QB,8,2018,1qb,ppr,5,5,FA,31,6'2,222
damion-ratley,Damion Ratley,WR,22,2018,1qb,ppr,5,6,FA,30,6'1,193
dalton-schultz,Dalton Schultz,TE,6,2018,1qb,ppr,5,7,HOU,29,6'5,244
daurice-fountain,Daurice Fountain,WR,23,2018,1qb,ppr,5,8,FA,30,6'2,210
kyle-lauletta,Kyle Lauletta,QB,9,2018,1qb,ppr,5,9,CLE,30,6'3,222
auden-tate,Auden Tate,WR,24,2018,1qb,ppr,5,10,ARI,29,6'5,228
david-williams,David Williams,RB,20,2018,1qb,ppr,5,11,JAC,31,6'0,224
akrum-wadley,Akrum Wadley,RB,21,2018,1qb,ppr,5,12,FA,30,5'10,194
saquon-barkley,Saquon Barkley,RB,1,2018,1qb,hppr,1,1,PHI,29,6'0,233
derrius-guice,Derrius Guice,RB,2,2018,1qb,hppr,1,2,FA,28,5'10,224
sony-michel,Sony Michel,RB,3,2018,1qb,hppr,1,3,FA,31,5'11,214
rashaad-penny,Rashaad Penny,RB,4,2018,1qb,hppr,1,4,FA,30,5'11,220
nick-chubb,Nick Chubb,RB,5,2018,1qb,hppr,1,5,HOU,30,5'11,227
ronald-jones,Ronald Jones,RB,6,2018,1qb,hppr,1,6,FA,28,5'11,205
royce-freeman,Royce Freeman,RB,7,2018,1qb,hppr,1,7,FA,30,5'11,229
calvin-ridley,Calvin Ridley,WR,1,2018,1qb,hppr,1,8,TEN,31,6'0,189
dj-moore,DJ Moore,WR,2,2018,1qb,hppr,1,9,CHI,28,6'0,210
kerryon-johnson,Kerryon Johnson,RB,8,2018,1qb,hppr,1,10,FA,28,5'11,213
courtland-sutton,Courtland Sutton,WR,3,2018,1qb,hppr,1,11,DEN,30,6'3,218
christian-kirk,Christian Kirk,WR,4,2018,1qb,hppr,1,12,HOU,29,5'10,201
michael-gallup,Michael Gallup,WR,5,2018,1qb,hppr,2,1,FA,30,6'1,205
anthony-miller,Anthony Miller,WR,6,2018,1qb,hppr,2,2,FA,31,5'11,201
mike-gesicki,Mike Gesicki,TE,1,2018,1qb,hppr,2,3,CIN,30,6'5,247
james-washington,James Washington,WR,7,2018,1qb,hppr,2,4,FA,29,5'11,213
baker-mayfield,Baker Mayfield,QB,1,2018,1qb,hppr,2,5,TB,30,6'1,215
josh-rosen,Josh Rosen,QB,2,2018,1qb,hppr,2,6,FA,29,6'4,226
dante-pettis,Dante Pettis,WR,8,2018,1qb,hppr,2,7,NO,30,6'0,186
lamar-jackson,Lamar Jackson,QB,3,2018,1qb,hppr,2,8,BAL,29,6'2,216
nyheim-hines,Nyheim Hines,RB,9,2018,1qb,hppr,2,9,LAC,29,5'8,198
kalen-ballage,Kalen Ballage,RB,10,2018,1qb,hppr,2,10,FA,30,6'1,228
sam-darnold,Sam Darnold,QB,4,2018,1qb,hppr,2,11,SEA,28,6'3,221
tre-quan-smith,Tre'Quan Smith,WR,9,2018,1qb,hppr,2,12,FA,30,6'2,203
dallas-goedert,Dallas Goedert,TE,2,2018,1qb,hppr,3,1,PHI,31,6'5,256
dj-chark,DJ Chark,WR,10,2018,1qb,hppr,3,2,FA,29,6'3,199
hayden-hurst,Hayden Hurst,TE,3,2018,1qb,hppr,3,3,FA,32,6'4,250
antonio-callaway,Antonio Callaway,WR,11,2018,1qb,hppr,3,4,KC,29,5'11,200
josh-allen,Josh Allen,QB,5,2018,1qb,hppr,3,5,BUF,29,6'5,237
equanimeous-st-brown,Equanimeous St. Brown,WR,12,2018,1qb,hppr,3,6,FA,29,6'5,214
jordan-wilkins,Jordan Wilkins,RB,11,2018,1qb,hppr,3,7,FA,31,6'1,216
j-mon-moore,J'Mon Moore,WR,13,2018,1qb,hppr,3,8,FA,30,6'3,207
john-kelly,John Kelly,RB,12,2018,1qb,hppr,3,9,CLE,29,5'10,216
keke-coutee,Keke Coutee,WR,14,2018,1qb,hppr,3,10,FA,29,5'10,181
mark-walton,Mark Walton,RB,13,2018,1qb,hppr,3,11,FA,28,5'10,202
chase-edmonds,Chase Edmonds,RB,14,2018,1qb,hppr,3,12,WAS,29,5'9,205
trey-quinn,Trey Quinn,WR,15,2018,1qb,hppr,4,1,FA,30,5'11,203
deon-cain,Deon Cain,WR,16,2018,1qb,hppr,4,2,FA,29,6'2,202
ito-smith,Ito Smith,RB,15,2018,1qb,hppr,4,3,ATL,30,5'9,198
mason-rudolph,Mason Rudolph,QB,6,2018,1qb,hppr,4,4,PIT,30,6'5,235
daesean-hamilton,DaeSean Hamilton,WR,17,2018,1qb,hppr,4,5,HOU,30,6'1,203
bo-scarbrough,Bo Scarbrough,RB,16,2018,1qb,hppr,4,6,DET,29,6'1,228
justin-jackson,Justin Jackson,RB,17,2018,1qb,hppr,4,7,DET,29,6'0,199
mark-andrews,Mark Andrews,TE,4,2018,1qb,hppr,4,8,BAL,30,6'5,256
braxton-berrios,Braxton Berrios,WR,18,2018,1qb,hppr,4,9,HOU,30,5'9,184
ian-thomas,Ian Thomas,TE,5,2018,1qb,hppr,4,10,LV,29,6'4,259
jaylen-samuels,Jaylen Samuels,RB,18,2018,1qb,hppr,4,11,ARI,29,5'11,225
trenton-cannon,Trenton Cannon,RB,19,2018,1qb,hppr,4,12,FA,,5'10,182
dalton-schultz,Dalton Schultz,TE,6,2018,1qb,hppr,5,1,HOU,29,6'5,244
richie-james,Richie James,WR,19,2018,1qb,hppr,5,2,KC,30,5'10,183
justin-watson,Justin Watson,WR,20,2018,1qb,hppr,5,3,HOU,29,6'2,215
akrum-wadley,Akrum Wadley,RB,20,2018,1qb,hppr,5,4,FA,30,5'10,194
jordan-lasley,Jordan Lasley,WR,21,2018,1qb,hppr,5,5,FA,29,6'1,203
kyle-lauletta,Kyle Lauletta,QB,7,2018,1qb,hppr,5,6,CLE,30,6'3,222
josh-adams,Josh Adams,RB,21,2018,1qb,hppr,5,7,FA,29,6'2,220
auden-tate,Auden Tate,WR,22,2018,1qb,hppr,5,8,ARI,29,6'5,228
jarvion-franklin,Jarvion Franklin,RB,22,2018,1qb,hppr,5,9,FA,30,5'11,230
troy-fumagalli,Troy Fumagalli,TE,7,2018,1qb,hppr,5,10,SF,31,6'5,247
boston-scott,Boston Scott,RB,23,2018,1qb,hppr,5,11,PIT,30,5'7,195
chris-herndon,Chris Herndon,TE,8,2018,1qb,hppr,5,12,FA,30,6'4,253
saquon-barkley,Saquon Barkley,RB,1,2018,sf,ppr,1,1,PHI,29,6'0,233
derrius-guice,Derrius Guice,RB,2,2018,sf,ppr,1,2,FA,28,5'10,224
rashaad-penny,Rashaad Penny,RB,3,2018,sf,ppr,1,3,FA,30,5'11,220
sony-michel,Sony Michel,RB,4,2018,sf,ppr,1,4,FA,31,5'11,214
nick-chubb,Nick Chubb,RB,5,2018,sf,ppr,1,5,HOU,30,5'11,227
baker-mayfield,Baker Mayfield,QB,1,2018,sf,ppr,1,6,TB,30,6'1,215
ronald-jones,Ronald Jones,RB,6,2018,sf,ppr,1,7,FA,28,5'11,205
royce-freeman,Royce Freeman,RB,7,2018,sf,ppr,1,8,FA,30,5'11,229
josh-rosen,Josh Rosen,QB,2,2018,sf,ppr,1,9,FA,29,6'4,226
dj-moore,DJ Moore,WR,1,2018,sf,ppr,1,10,CHI,28,6'0,210
kerryon-johnson,Kerryon Johnson,RB,8,2018,sf,ppr,1,11,FA,28,5'11,213
lamar-jackson,Lamar Jackson,QB,3,2018,sf,ppr,1,12,BAL,29,6'2,216
calvin-ridley,Calvin Ridley,WR,2,2018,sf,ppr,2,1,TEN,31,6'0,189
christian-kirk,Christian Kirk,WR,3,2018,sf,ppr,2,2,HOU,29,5'10,201
sam-darnold,Sam Darnold,QB,4,2018,sf,ppr,2,3,SEA,28,6'3,221
courtland-sutton,Courtland Sutton,WR,4,2018,sf,ppr,2,4,DEN,30,6'3,218
michael-gallup,Michael Gallup,WR,5,2018,sf,ppr,2,5,FA,30,6'1,205
anthony-miller,Anthony Miller,WR,6,2018,sf,ppr,2,6,FA,31,5'11,201
mike-gesicki,Mike Gesicki,TE,1,2018,sf,ppr,2,7,CIN,30,6'5,247
james-washington,James Washington,WR,7,2018,sf,ppr,2,8,FA,29,5'11,213
josh-allen,Josh Allen,QB,5,2018,sf,ppr,2,9,BUF,29,6'5,237
kalen-ballage,Kalen Ballage,RB,9,2018,sf,ppr,2,10,FA,30,6'1,228
dante-pettis,Dante Pettis,WR,8,2018,sf,ppr,2,11,NO,30,6'0,186
nyheim-hines,Nyheim Hines,RB,10,2018,sf,ppr,2,12,LAC,29,5'8,198
dallas-goedert,Dallas Goedert,TE,2,2018,sf,ppr,3,1,PHI,31,6'5,256
tre-quan-smith,Tre'Quan Smith,WR,9,2018,sf,ppr,3,2,FA,30,6'2,203
dj-chark,DJ Chark,WR,10,2018,sf,ppr,3,3,FA,29,6'3,199
hayden-hurst,Hayden Hurst,TE,3,2018,sf,ppr,3,4,FA,32,6'4,250
mason-rudolph,Mason Rudolph,QB,6,2018,sf,ppr,3,5,PIT,30,6'5,235
antonio-callaway,Antonio Callaway,WR,11,2018,sf,ppr,3,6,KC,29,5'11,200
deon-cain,Deon Cain,WR,12,2018,sf,ppr,3,7,FA,29,6'2,202
john-kelly,John Kelly,RB,11,2018,sf,ppr,3,8,CLE,29,5'10,216
jordan-wilkins,Jordan Wilkins,RB,12,2018,sf,ppr,3,9,FA,31,6'1,216
equanimeous-st-brown,Equanimeous St. Brown,WR,13,2018,sf,ppr,3,10,FA,29,6'5,214
daesean-hamilton,DaeSean Hamilton,WR,14,2018,sf,ppr,3,11,HOU,30,6'1,203
mark-andrews,Mark Andrews,TE,4,2018,sf,ppr,3,12,BAL,30,6'5,256
j-mon-moore,J'Mon Moore,WR,15,2018,sf,ppr,4,1,FA,30,6'3,207
keke-coutee,Keke Coutee,WR,16,2018,sf,ppr,4,2,FA,29,5'10,181
bo-scarbrough,Bo Scarbrough,RB,13,2018,sf,ppr,4,3,DET,29,6'1,228
ito-smith,Ito Smith,RB,14,2018,sf,ppr,4,4,ATL,30,5'9,198
justin-jackson,Justin Jackson,RB,15,2018,sf,ppr,4,5,DET,29,6'0,199
chase-edmonds,Chase Edmonds,RB,16,2018,sf,ppr,4,6,WAS,29,5'9,205
mark-walton,Mark Walton,RB,17,2018,sf,ppr,4,7,FA,28,5'10,202
kyle-lauletta,Kyle Lauletta,QB,7,2018,sf,ppr,4,8,CLE,30,6'3,222
jaylen-samuels,Jaylen Samuels,RB,18,2018,sf,ppr,4,9,ARI,29,5'11,225
russell-gage,Russell Gage,WR,17,2018,sf,ppr,4,10,FA,30,6'0,179
damion-ratley,Damion Ratley,WR,18,2018,sf,ppr,4,11,FA,30,6'1,193
ian-thomas,Ian Thomas,TE,5,2018,sf,ppr,4,12,LV,29,6'4,259
roc-thomas,Roc Thomas,RB,19,2018,sf,ppr,5,1,MIN,30,5'10,198
dalton-schultz,Dalton Schultz,TE,6,2018,sf,ppr,5,2,HOU,29,6'5,244
boston-scott,Boston Scott,RB,20,2018,sf,ppr,5,3,PIT,30,5'7,195
marcell-ateman,Marcell Ateman,WR,19,2018,sf,ppr,5,4,FA,31,6'4,216
jordan-lasley,Jordan Lasley,WR,20,2018,sf,ppr,5,5,FA,29,6'1,203
luke-falk,Luke Falk,QB,8,2018,sf,ppr,5,6,FA,31,6'4,215
josh-adams,Josh Adams,RB,21,2018,sf,ppr,5,7,FA,29,6'2,220
simmie-cobbs,Simmie Cobbs,WR,21,2018,sf,ppr,5,8,WAS,30,6'3,220
justin-watson,Justin Watson,WR,22,2018,sf,ppr,5,9,HOU,29,6'2,215
danny-etling,Danny Etling,QB,9,2018,sf,ppr,5,10,FA,31,6'2,222
ryan-nall,Ryan Nall,RB,22,2018,sf,ppr,5,11,DAL,30,6'2,235
richie-james,Richie James,WR,23,2018,sf,ppr,5,12,KC,30,5'10,183
saquon-barkley,Saquon Barkley,RB,1,2018,sf,hppr,1,1,PHI,29,6'0,233
derrius-guice,Derrius Guice,RB,2,2018,sf,hppr,1,2,FA,28,5'10,224
nick-chubb,Nick Chubb,RB,3,2018,sf,hppr,1,3,HOU,30,5'11,227
ronald-jones,Ronald Jones,RB,4,2018,sf,hppr,1,4,FA,28,5'11,205
rashaad-penny,Rashaad Penny,RB,5,2018,sf,hppr,1,5,FA,30,5'11,220
sony-michel,Sony Michel,RB,6,2018,sf,hppr,1,6,FA,31,5'11,214
josh-rosen,Josh Rosen,QB,1,2018,sf,hppr,1,7,FA,29,6'4,226
kerryon-johnson,Kerryon Johnson,RB,7,2018,sf,hppr,1,8,FA,28,5'11,213
royce-freeman,Royce Freeman,RB,8,2018,sf,hppr,1,9,FA,30,5'11,229
calvin-ridley,Calvin Ridley,WR,1,2018,sf,hppr,1,10,TEN,31,6'0,189
dj-moore,DJ Moore,WR,2,2018,sf,hppr,1,11,CHI,28,6'0,210
baker-mayfield,Baker Mayfield,QB,2,2018,sf,hppr,1,12,TB,30,6'1,215
lamar-jackson,Lamar Jackson,QB,3,2018,sf,hppr,2,1,BAL,29,6'2,216
courtland-sutton,Courtland Sutton,WR,3,2018,sf,hppr,2,2,DEN,30,6'3,218
christian-kirk,Christian Kirk,WR,4,2018,sf,hppr,2,3,HOU,29,5'10,201
mike-gesicki,Mike Gesicki,TE,1,2018,sf,hppr,2,4,CIN,30,6'5,247
sam-darnold,Sam Darnold,QB,4,2018,sf,hppr,2,5,SEA,28,6'3,221
michael-gallup,Michael Gallup,WR,5,2018,sf,hppr,2,6,FA,30,6'1,205
kalen-ballage,Kalen Ballage,RB,9,2018,sf,hppr,2,7,FA,30,6'1,228
anthony-miller,Anthony Miller,WR,6,2018,sf,hppr,2,8,FA,31,5'11,201
nyheim-hines,Nyheim Hines,RB,10,2018,sf,hppr,2,9,LAC,29,5'8,198
james-washington,James Washington,WR,7,2018,sf,hppr,2,10,FA,29,5'11,213
dante-pettis,Dante Pettis,WR,8,2018,sf,hppr,2,11,NO,30,6'0,186
josh-allen,Josh Allen,QB,5,2018,sf,hppr,2,12,BUF,29,6'5,237
dallas-goedert,Dallas Goedert,TE,2,2018,sf,hppr,3,1,PHI,31,6'5,256
hayden-hurst,Hayden Hurst,TE,3,2018,sf,hppr,3,2,FA,32,6'4,250
tre-quan-smith,Tre'Quan Smith,WR,9,2018,sf,hppr,3,3,FA,30,6'2,203
dj-chark,DJ Chark,WR,10,2018,sf,hppr,3,4,FA,29,6'3,199
antonio-callaway,Antonio Callaway,WR,11,2018,sf,hppr,3,5,KC,29,5'11,200
chase-edmonds,Chase Edmonds,RB,11,2018,sf,hppr,3,6,WAS,29,5'9,205
daesean-hamilton,DaeSean Hamilton,WR,12,2018,sf,hppr,3,7,HOU,30,6'1,203
keke-coutee,Keke Coutee,WR,13,2018,sf,hppr,3,8,FA,29,5'10,181
deon-cain,Deon Cain,WR,14,2018,sf,hppr,3,9,FA,29,6'2,202
j-mon-moore,J'Mon Moore,WR,15,2018,sf,hppr,3,10,FA,30,6'3,207
equanimeous-st-brown,Equanimeous St. Brown,WR,16,2018,sf,hppr,3,11,FA,29,6'5,214
ito-smith,Ito Smith,RB,12,2018,sf,hppr,3,12,ATL,30,5'9,198
jordan-wilkins,Jordan Wilkins,RB,13,2018,sf,hppr,4,1,FA,31,6'1,216
mark-walton,Mark Walton,RB,14,2018,sf,hppr,4,2,FA,28,5'10,202
mark-andrews,Mark Andrews,TE,4,2018,sf,hppr,4,3,BAL,30,6'5,256
justin-jackson,Justin Jackson,RB,15,2018,sf,hppr,4,4,DET,29,6'0,199
jordan-lasley,Jordan Lasley,WR,17,2018,sf,hppr,4,5,FA,29,6'1,203
mason-rudolph,Mason Rudolph,QB,6,2018,sf,hppr,4,6,PIT,30,6'5,235
dalton-schultz,Dalton Schultz,TE,5,2018,sf,hppr,4,7,HOU,29,6'5,244
ian-thomas,Ian Thomas,TE,6,2018,sf,hppr,4,8,LV,29,6'4,259
jaylen-samuels,Jaylen Samuels,RB,16,2018,sf,hppr,4,9,ARI,29,5'11,225
bo-scarbrough,Bo Scarbrough,RB,17,2018,sf,hppr,4,10,DET,29,6'1,228
john-kelly,John Kelly,RB,18,2018,sf,hppr,4,11,CLE,29,5'10,216
daurice-fountain,Daurice Fountain,WR,18,2018,sf,hppr,4,12,FA,30,6'2,210
justin-watson,Justin Watson,WR,19,2018,sf,hppr,5,1,HOU,29,6'2,215
danny-etling,Danny Etling,QB,7,2018,sf,hppr,5,2,FA,31,6'2,222
jordan-akins,Jordan Akins,TE,7,2018,sf,hppr,5,3,FA,33,6'3,249
braxton-berrios,Braxton Berrios,WR,20,2018,sf,hppr,5,4,HOU,30,5'9,184
richie-james,Richie James,WR,21,2018,sf,hppr,5,5,KC,30,5'10,183
trey-quinn,Trey Quinn,WR,22,2018,sf,hppr,5,6,FA,30,5'11,203
kyle-lauletta,Kyle Lauletta,QB,8,2018,sf,hppr,5,7,CLE,30,6'3,222
auden-tate,Auden Tate,WR,23,2018,sf,hppr,5,8,ARI,29,6'5,228
boston-scott,Boston Scott,RB,19,2018,sf,hppr,5,9,PIT,30,5'7,195
troy-fumagalli,Troy Fumagalli,TE,8,2018,sf,hppr,5,10,SF,31,6'5,247
marquez-valdes-scantling,Marquez Valdes-Scantling,WR,24,2018,sf,hppr,5,11,PIT,31,6'4,206
chris-warren,Chris Warren,RB,20,2018,sf,hppr,5,12,LV,29,6'2,247
leonard-fournette,Leonard Fournette,RB,1,2017,1qb,ppr,1,1,FA,31,6'0,228
corey-davis,Corey Davis,WR,1,2017,1qb,ppr,1,2,FA,31,6'3,209
joe-mixon,Joe Mixon,RB,2,2017,1qb,ppr,1,3,HOU,29,6'1,226
christian-mccaffrey,Christian McCaffrey,RB,3,2017,1qb,ppr,1,4,SF,29,5'11,202
dalvin-cook,Dalvin Cook,RB,4,2017,1qb,ppr,1,5,DAL,30,5'10,210
mike-williams,Mike Williams,WR,2,2017,1qb,ppr,1,6,FA,31,6'4,218
oj-howard,OJ Howard,TE,1,2017,1qb,ppr,1,7,FA,31,6'6,251
samaje-perine,Samaje Perine,RB,5,2017,1qb,ppr,1,8,CIN,30,5'11,233
kareem-hunt,Kareem Hunt,RB,6,2017,1qb,ppr,1,9,KC,30,5'11,216
alvin-kamara,Alvin Kamara,RB,7,2017,1qb,ppr,1,10,NO,30,5'10,214
john-ross,John Ross,WR,3,2017,1qb,ppr,1,11,FA,30,5'11,188
david-njoku,David Njoku,TE,2,2017,1qb,ppr,1,12,FA,29,6'4,246
evan-engram,Evan Engram,TE,3,2017,1qb,ppr,2,1,DEN,31,6'3,234
zay-jones,Zay Jones,WR,4,2017,1qb,ppr,2,2,ARI,30,6'2,201
juju-smith-schuster,JuJu Smith-Schuster,WR,5,2017,1qb,ppr,2,3,KC,29,6'1,215
d-onta-foreman,D'Onta Foreman,RB,8,2017,1qb,ppr,2,4,FA,29,6'1,249
joe-williams,Joe Williams,RB,9,2017,1qb,ppr,2,5,FA,32,5'11,205
marlon-mack,Marlon Mack,RB,10,2017,1qb,ppr,2,6,ARI,29,5'11,213
curtis-samuel,Curtis Samuel,WR,6,2017,1qb,ppr,2,7,BUF,29,5'11,196
jamaal-williams,Jamaal Williams,RB,11,2017,1qb,ppr,2,8,FA,30,6'0,212
chris-godwin,Chris Godwin,WR,7,2017,1qb,ppr,2,9,TB,30,6'1,209
deshaun-watson,Deshaun Watson,QB,1,2017,1qb,ppr,2,10,CLE,30,6'2,221
james-conner,James Conner,RB,12,2017,1qb,ppr,2,11,ARI,30,6'1,233
cooper-kupp,Cooper Kupp,WR,8,2017,1qb,ppr,2,12,SEA,32,6'2,198
jeremy-mcnichols,Jeremy McNichols,RB,13,2017,1qb,ppr,3,1,WAS,30,5'9,214
cooper-rush,Cooper Rush,QB,2,2017,1qb,ppr,3,2,BAL,32,6'2,216
carlos-henderson,Carlos Henderson,WR,9,2017,1qb,ppr,3,3,FA,31,5'11,199
kenny-golladay,Kenny Golladay,WR,10,2017,1qb,ppr,3,4,FA,32,6'4,213
patrick-mahomes,Patrick Mahomes,QB,3,2017,1qb,ppr,3,5,KC,30,6'3,230
gerald-everett,Gerald Everett,TE,4,2017,1qb,ppr,3,6,FA,31,6'3,239
chris-carson,Chris Carson,RB,14,2017,1qb,ppr,3,7,FA,31,6'0,218
wayne-gallman,Wayne Gallman,RB,15,2017,1qb,ppr,3,8,FA,31,6'0,215
adam-shaheen,Adam Shaheen,TE,5,2017,1qb,ppr,3,9,FA,32,6'6,277
ardarius-stewart,ArDarius Stewart,WR,11,2017,1qb,ppr,3,10,FA,32,5'11,204
taywan-taylor,Taywan Taylor,WR,12,2017,1qb,ppr,3,11,CLE,31,5'11,198
chad-williams,Chad Williams,WR,13,2017,1qb,ppr,3,12,FA,31,6'2,193
mitchell-trubisky,Mitchell Trubisky,QB,4,2017,1qb,ppr,4,1,BUF,31,6'3,220
aaron-jones,Aaron Jones,RB,16,2017,1qb,ppr,4,2,MIN,31,5'9,206
josh-reynolds,Josh Reynolds,WR,14,2017,1qb,ppr,4,3,NYJ,31,6'3,197
jake-butt,Jake Butt,TE,6,2017,1qb,ppr,4,4,FA,30,6'6,250
donnel-pumphrey,Donnel Pumphrey,RB,17,2017,1qb,ppr,4,5,FA,31,5'8,176
deshone-kizer,DeShone Kizer,QB,5,2017,1qb,ppr,4,6,FA,30,6'4,233
george-kittle,George Kittle,TE,7,2017,1qb,ppr,4,7,SF,32,6'4,247
elijah-hood,Elijah Hood,RB,18,2017,1qb,ppr,4,8,FA,29,6'0,220
dede-westbrook,Dede Westbrook,WR,15,2017,1qb,ppr,4,9,FA,32,6'0,178
robbie-chosen,Robbie Chosen,WR,16,2017,1qb,ppr,4,10,FA,32,6'3,190
ryan-switzer,Ryan Switzer,WR,17,2017,1qb,ppr,4,11,FA,31,5'9,181
jonnu-smith,Jonnu Smith,TE,8,2017,1qb,ppr,4,12,PIT,30,6'3,248
matt-breida,Matt Breida,RB,19,2017,1qb,ppr,5,1,FA,31,5'10,190
shelton-gibson,Shelton Gibson,WR,18,2017,1qb,ppr,5,2,PHI,30,6'0,198
malachi-dupre,Malachi Dupre,WR,19,2017,1qb,ppr,5,3,FA,30,6'3,196
gabe-marks,Gabe Marks,WR,20,2017,1qb,ppr,5,4,FA,,-,NaN
ishmael-zamora,Ishmael Zamora,WR,21,2017,1qb,ppr,5,5,FA,30,6'4,220
bucky-hodges,Bucky Hodges,TE,9,2017,1qb,ppr,5,6,FA,30,6'6,257
elijah-mcguire,Elijah McGuire,RB,20,2017,1qb,ppr,5,7,KC,31,5'10,214
trent-taylor,Trent Taylor,WR,22,2017,1qb,ppr,5,8,FA,31,5'8,179
austin-carr,Austin Carr,WR,23,2017,1qb,ppr,5,9,NO,32,6'0,202
robert-davis,Robert Davis,WR,24,2017,1qb,ppr,5,10,FA,30,6'3,220
corey-clement,Corey Clement,RB,21,2017,1qb,ppr,5,11,FA,31,5'10,220
mack-hollins,Mack Hollins,WR,25,2017,1qb,ppr,5,12,NE,32,6'4,221
leonard-fournette,Leonard Fournette,RB,1,2017,1qb,hppr,1,1,FA,31,6'0,228
christian-mccaffrey,Christian McCaffrey,RB,2,2017,1qb,hppr,1,2,SF,29,5'11,202
corey-davis,Corey Davis,WR,1,2017,1qb,hppr,1,3,FA,31,6'3,209
joe-mixon,Joe Mixon,RB,3,2017,1qb,hppr,1,4,HOU,29,6'1,226
dalvin-cook,Dalvin Cook,RB,4,2017,1qb,hppr,1,5,DAL,30,5'10,210
mike-williams,Mike Williams,WR,2,2017,1qb,hppr,1,6,FA,31,6'4,218
oj-howard,OJ Howard,TE,1,2017,1qb,hppr,1,7,FA,31,6'6,251
samaje-perine,Samaje Perine,RB,5,2017,1qb,hppr,1,8,CIN,30,5'11,233
kareem-hunt,Kareem Hunt,RB,6,2017,1qb,hppr,1,9,KC,30,5'11,216
john-ross,John Ross,WR,3,2017,1qb,hppr,1,10,FA,30,5'11,188
alvin-kamara,Alvin Kamara,RB,7,2017,1qb,hppr,1,11,NO,30,5'10,214
david-njoku,David Njoku,TE,2,2017,1qb,hppr,1,12,FA,29,6'4,246
evan-engram,Evan Engram,TE,3,2017,1qb,hppr,2,1,DEN,31,6'3,234
zay-jones,Zay Jones,WR,4,2017,1qb,hppr,2,2,ARI,30,6'2,201
d-onta-foreman,D'Onta Foreman,RB,8,2017,1qb,hppr,2,3,FA,29,6'1,249
juju-smith-schuster,JuJu Smith-Schuster,WR,5,2017,1qb,hppr,2,4,KC,29,6'1,215
curtis-samuel,Curtis Samuel,WR,6,2017,1qb,hppr,2,5,BUF,29,5'11,196
joe-williams,Joe Williams,RB,9,2017,1qb,hppr,2,6,FA,32,5'11,205
deshaun-watson,Deshaun Watson,QB,1,2017,1qb,hppr,2,7,CLE,30,6'2,221
marlon-mack,Marlon Mack,RB,10,2017,1qb,hppr,2,8,ARI,29,5'11,213
jamaal-williams,Jamaal Williams,RB,11,2017,1qb,hppr,2,9,FA,30,6'0,212
chris-godwin,Chris Godwin,WR,7,2017,1qb,hppr,2,10,TB,30,6'1,209
patrick-mahomes,Patrick Mahomes,QB,2,2017,1qb,hppr,2,11,KC,30,6'3,230
cooper-kupp,Cooper Kupp,WR,8,2017,1qb,hppr,2,12,SEA,32,6'2,198
james-conner,James Conner,RB,12,2017,1qb,hppr,3,1,ARI,30,6'1,233
carlos-henderson,Carlos Henderson,WR,9,2017,1qb,hppr,3,2,FA,31,5'11,199
jeremy-mcnichols,Jeremy McNichols,RB,13,2017,1qb,hppr,3,3,WAS,30,5'9,214
wayne-gallman,Wayne Gallman,RB,14,2017,1qb,hppr,3,4,FA,31,6'0,215
taywan-taylor,Taywan Taylor,WR,10,2017,1qb,hppr,3,5,CLE,31,5'11,198
mitchell-trubisky,Mitchell Trubisky,QB,3,2017,1qb,hppr,3,6,BUF,31,6'3,220
gerald-everett,Gerald Everett,TE,4,2017,1qb,hppr,3,7,FA,31,6'3,239
kenny-golladay,Kenny Golladay,WR,11,2017,1qb,hppr,3,8,FA,32,6'4,213
adam-shaheen,Adam Shaheen,TE,5,2017,1qb,hppr,3,9,FA,32,6'6,277
ardarius-stewart,ArDarius Stewart,WR,12,2017,1qb,hppr,3,10,FA,32,5'11,204
dare-ogunbowale,Dare Ogunbowale,RB,15,2017,1qb,hppr,3,11,HOU,31,5'11,205
aaron-jones,Aaron Jones,RB,16,2017,1qb,hppr,3,12,MIN,31,5'9,206
dede-westbrook,Dede Westbrook,WR,13,2017,1qb,hppr,4,1,FA,32,6'0,178
josh-reynolds,Josh Reynolds,WR,14,2017,1qb,hppr,4,2,NYJ,31,6'3,197
deshone-kizer,DeShone Kizer,QB,4,2017,1qb,hppr,4,3,FA,30,6'4,233
chad-williams,Chad Williams,WR,15,2017,1qb,hppr,4,4,FA,31,6'2,193
jake-butt,Jake Butt,TE,6,2017,1qb,hppr,4,5,FA,30,6'6,250
jordan-leggett,Jordan Leggett,TE,7,2017,1qb,hppr,4,6,NYJ,31,6'6,258
isaiah-ford,Isaiah Ford,WR,16,2017,1qb,hppr,4,7,FA,30,6'1,194
robert-davis,Robert Davis,WR,17,2017,1qb,hppr,4,8,FA,30,6'3,220
donnel-pumphrey,Donnel Pumphrey,RB,17,2017,1qb,hppr,4,9,FA,31,5'8,176
elijah-hood,Elijah Hood,RB,18,2017,1qb,hppr,4,10,FA,29,6'0,220
davis-webb,Davis Webb,QB,5,2017,1qb,hppr,4,11,FA,31,6'5,229
malachi-dupre,Malachi Dupre,WR,18,2017,1qb,hppr,4,12,FA,30,6'3,196
ishmael-zamora,Ishmael Zamora,WR,19,2017,1qb,hppr,5,1,FA,30,6'4,220
george-kittle,George Kittle,TE,8,2017,1qb,hppr,5,2,SF,32,6'4,247
ryan-switzer,Ryan Switzer,WR,20,2017,1qb,hppr,5,3,FA,31,5'9,181
corey-clement,Corey Clement,RB,19,2017,1qb,hppr,5,4,FA,31,5'10,220
jonnu-smith,Jonnu Smith,TE,9,2017,1qb,hppr,5,5,PIT,30,6'3,248
tarik-cohen,Tarik Cohen,RB,20,2017,1qb,hppr,5,6,FA,30,5'6,179
elijah-mcguire,Elijah McGuire,RB,21,2017,1qb,hppr,5,7,KC,31,5'10,214
cj-beathard,C.J. Beathard,QB,6,2017,1qb,hppr,5,8,JAC,32,6'2,209
brian-hill,Brian Hill,RB,22,2017,1qb,hppr,5,9,TEN,30,6'1,219
amara-darboh,Amara Darboh,WR,21,2017,1qb,hppr,5,10,DEN,32,6'2,215
jehu-chesson,Jehu Chesson,WR,22,2017,1qb,hppr,5,11,FA,32,6'2,204
de-angelo-henderson,De'Angelo Henderson,RB,23,2017,1qb,hppr,5,12,FA,33,5'7,208
corey-davis,Corey Davis,WR,1,2017,sf,ppr,1,1,FA,31,6'3,209
leonard-fournette,Leonard Fournette,RB,1,2017,sf,ppr,1,2,FA,31,6'0,228
joe-mixon,Joe Mixon,RB,2,2017,sf,ppr,1,3,HOU,29,6'1,226
christian-mccaffrey,Christian McCaffrey,RB,3,2017,sf,ppr,1,4,SF,29,5'11,202
dalvin-cook,Dalvin Cook,RB,4,2017,sf,ppr,1,5,DAL,30,5'10,210
mike-williams,Mike Williams,WR,2,2017,sf,ppr,1,6,FA,31,6'4,218
oj-howard,OJ Howard,TE,1,2017,sf,ppr,1,7,FA,31,6'6,251
alvin-kamara,Alvin Kamara,RB,5,2017,sf,ppr,1,8,NO,30,5'10,214
john-ross,John Ross,WR,3,2017,sf,ppr,1,9,FA,30,5'11,188
samaje-perine,Samaje Perine,RB,6,2017,sf,ppr,1,10,CIN,30,5'11,233
david-njoku,David Njoku,TE,2,2017,sf,ppr,1,11,FA,29,6'4,246
deshaun-watson,Deshaun Watson,QB,1,2017,sf,ppr,1,12,CLE,30,6'2,221
kareem-hunt,Kareem Hunt,RB,7,2017,sf,ppr,2,1,KC,30,5'11,216
evan-engram,Evan Engram,TE,3,2017,sf,ppr,2,2,DEN,31,6'3,234
juju-smith-schuster,JuJu Smith-Schuster,WR,4,2017,sf,ppr,2,3,KC,29,6'1,215
patrick-mahomes,Patrick Mahomes,QB,2,2017,sf,ppr,2,4,KC,30,6'3,230
zay-jones,Zay Jones,WR,5,2017,sf,ppr,2,5,ARI,30,6'2,201
d-onta-foreman,D'Onta Foreman,RB,8,2017,sf,ppr,2,6,FA,29,6'1,249
marlon-mack,Marlon Mack,RB,9,2017,sf,ppr,2,7,ARI,29,5'11,213
curtis-samuel,Curtis Samuel,WR,6,2017,sf,ppr,2,8,BUF,29,5'11,196
mitchell-trubisky,Mitchell Trubisky,QB,3,2017,sf,ppr,2,9,BUF,31,6'3,220
jamaal-williams,Jamaal Williams,RB,10,2017,sf,ppr,2,10,FA,30,6'0,212
deshone-kizer,DeShone Kizer,QB,4,2017,sf,ppr,2,11,FA,30,6'4,233
joe-williams,Joe Williams,RB,11,2017,sf,ppr,2,12,FA,32,5'11,205
chris-godwin,Chris Godwin,WR,7,2017,sf,ppr,3,1,TB,30,6'1,209
james-conner,James Conner,RB,12,2017,sf,ppr,3,2,ARI,30,6'1,233
jeremy-mcnichols,Jeremy McNichols,RB,13,2017,sf,ppr,3,3,WAS,30,5'9,214
carlos-henderson,Carlos Henderson,WR,8,2017,sf,ppr,3,4,FA,31,5'11,199
cooper-kupp,Cooper Kupp,WR,9,2017,sf,ppr,3,5,SEA,32,6'2,198
gerald-everett,Gerald Everett,TE,4,2017,sf,ppr,3,6,FA,31,6'3,239
ardarius-stewart,ArDarius Stewart,WR,10,2017,sf,ppr,3,7,FA,32,5'11,204
taywan-taylor,Taywan Taylor,WR,11,2017,sf,ppr,3,8,CLE,31,5'11,198
adam-shaheen,Adam Shaheen,TE,5,2017,sf,ppr,3,9,FA,32,6'6,277
kenny-golladay,Kenny Golladay,WR,12,2017,sf,ppr,3,10,FA,32,6'4,213
wayne-gallman,Wayne Gallman,RB,14,2017,sf,ppr,3,11,FA,31,6'0,215
aaron-jones,Aaron Jones,RB,15,2017,sf,ppr,3,12,MIN,31,5'9,206
josh-reynolds,Josh Reynolds,WR,13,2017,sf,ppr,4,1,NYJ,31,6'3,197
robbie-chosen,Robbie Chosen,WR,14,2017,sf,ppr,4,2,FA,32,6'3,190
chad-williams,Chad Williams,WR,15,2017,sf,ppr,4,3,FA,31,6'2,193
jake-butt,Jake Butt,TE,6,2017,sf,ppr,4,4,FA,30,6'6,250
joshua-dobbs,Joshua Dobbs,QB,5,2017,sf,ppr,4,5,NE,31,6'3,210
chad-kelly,Chad Kelly,QB,6,2017,sf,ppr,4,6,IND,31,6'2,224
jonnu-smith,Jonnu Smith,TE,7,2017,sf,ppr,4,7,PIT,30,6'3,248
elijah-hood,Elijah Hood,RB,16,2017,sf,ppr,4,8,FA,29,6'0,220
donnel-pumphrey,Donnel Pumphrey,RB,17,2017,sf,ppr,4,9,FA,31,5'8,176
bucky-hodges,Bucky Hodges,TE,8,2017,sf,ppr,4,10,FA,30,6'6,257
ishmael-zamora,Ishmael Zamora,WR,16,2017,sf,ppr,4,11,FA,30,6'4,220
nathan-peterman,Nathan Peterman,QB,7,2017,sf,ppr,4,12,FA,31,6'2,225
dede-westbrook,Dede Westbrook,WR,17,2017,sf,ppr,5,1,FA,32,6'0,178
elijah-mcguire,Elijah McGuire,RB,18,2017,sf,ppr,5,2,KC,31,5'10,214
malachi-dupre,Malachi Dupre,WR,18,2017,sf,ppr,5,3,FA,30,6'3,196
amara-darboh,Amara Darboh,WR,19,2017,sf,ppr,5,4,DEN,32,6'2,215
cj-beathard,C.J. Beathard,QB,8,2017,sf,ppr,5,5,JAC,32,6'2,209
robert-davis,Robert Davis,WR,20,2017,sf,ppr,5,6,FA,30,6'3,220
austin-carr,Austin Carr,WR,21,2017,sf,ppr,5,7,NO,32,6'0,202
davis-webb,Davis Webb,QB,9,2017,sf,ppr,5,8,FA,31,6'5,229
rico-gathers,Rico Gathers,TE,9,2017,sf,ppr,5,9,DAL,32,6'6,281
corey-clement,Corey Clement,RB,19,2017,sf,ppr,5,10,FA,31,5'10,220
brian-hill,Brian Hill,RB,20,2017,sf,ppr,5,11,TEN,30,6'1,219
devante-mays,Devante Mays,RB,21,2017,sf,ppr,5,12,CLE,,5'11,230
leonard-fournette,Leonard Fournette,RB,1,2017,sf,hppr,1,1,FA,31,6'0,228
corey-davis,Corey Davis,WR,1,2017,sf,hppr,1,2,FA,31,6'3,209
christian-mccaffrey,Christian McCaffrey,RB,2,2017,sf,hppr,1,3,SF,29,5'11,202
joe-mixon,Joe Mixon,RB,3,2017,sf,hppr,1,4,HOU,29,6'1,226
dalvin-cook,Dalvin Cook,RB,4,2017,sf,hppr,1,5,DAL,30,5'10,210
mike-williams,Mike Williams,WR,2,2017,sf,hppr,1,6,FA,31,6'4,218
oj-howard,OJ Howard,TE,1,2017,sf,hppr,1,7,FA,31,6'6,251
john-ross,John Ross,WR,3,2017,sf,hppr,1,8,FA,30,5'11,188
kareem-hunt,Kareem Hunt,RB,5,2017,sf,hppr,1,9,KC,30,5'11,216
samaje-perine,Samaje Perine,RB,6,2017,sf,hppr,1,10,CIN,30,5'11,233
alvin-kamara,Alvin Kamara,RB,7,2017,sf,hppr,1,11,NO,30,5'10,214
david-njoku,David Njoku,TE,2,2017,sf,hppr,1,12,FA,29,6'4,246
patrick-mahomes,Patrick Mahomes,QB,1,2017,sf,hppr,2,1,KC,30,6'3,230
zay-jones,Zay Jones,WR,4,2017,sf,hppr,2,2,ARI,30,6'2,201
evan-engram,Evan Engram,TE,3,2017,sf,hppr,2,3,DEN,31,6'3,234
deshaun-watson,Deshaun Watson,QB,2,2017,sf,hppr,2,4,CLE,30,6'2,221
juju-smith-schuster,JuJu Smith-Schuster,WR,5,2017,sf,hppr,2,5,KC,29,6'1,215
jamaal-williams,Jamaal Williams,RB,8,2017,sf,hppr,2,6,FA,30,6'0,212
joe-williams,Joe Williams,RB,9,2017,sf,hppr,2,7,FA,32,5'11,205
curtis-samuel,Curtis Samuel,WR,6,2017,sf,hppr,2,8,BUF,29,5'11,196
d-onta-foreman,D'Onta Foreman,RB,10,2017,sf,hppr,2,9,FA,29,6'1,249
marlon-mack,Marlon Mack,RB,11,2017,sf,hppr,2,10,ARI,29,5'11,213
chris-godwin,Chris Godwin,WR,7,2017,sf,hppr,2,11,TB,30,6'1,209
mitchell-trubisky,Mitchell Trubisky,QB,3,2017,sf,hppr,2,12,BUF,31,6'3,220
james-conner,James Conner,RB,12,2017,sf,hppr,3,1,ARI,30,6'1,233
deshone-kizer,DeShone Kizer,QB,4,2017,sf,hppr,3,2,FA,30,6'4,233
carlos-henderson,Carlos Henderson,WR,8,2017,sf,hppr,3,3,FA,31,5'11,199
gerald-everett,Gerald Everett,TE,4,2017,sf,hppr,3,4,FA,31,6'3,239
cooper-kupp,Cooper Kupp,WR,9,2017,sf,hppr,3,5,SEA,32,6'2,198
kenny-golladay,Kenny Golladay,WR,10,2017,sf,hppr,3,6,FA,32,6'4,213
jeremy-mcnichols,Jeremy McNichols,RB,13,2017,sf,hppr,3,7,WAS,30,5'9,214
brian-hill,Brian Hill,RB,14,2017,sf,hppr,3,8,TEN,30,6'1,219
ardarius-stewart,ArDarius Stewart,WR,11,2017,sf,hppr,3,9,FA,32,5'11,204
wayne-gallman,Wayne Gallman,RB,15,2017,sf,hppr,3,10,FA,31,6'0,215
chad-williams,Chad Williams,WR,12,2017,sf,hppr,3,11,FA,31,6'2,193
josh-reynolds,Josh Reynolds,WR,13,2017,sf,hppr,3,12,NYJ,31,6'3,197
aaron-jones,Aaron Jones,RB,16,2017,sf,hppr,4,1,MIN,31,5'9,206
adam-shaheen,Adam Shaheen,TE,5,2017,sf,hppr,4,2,FA,32,6'6,277
taywan-taylor,Taywan Taylor,WR,14,2017,sf,hppr,4,3,CLE,31,5'11,198
jake-butt,Jake Butt,TE,6,2017,sf,hppr,4,4,FA,30,6'6,250
donnel-pumphrey,Donnel Pumphrey,RB,17,2017,sf,hppr,4,5,FA,31,5'8,176
ryan-switzer,Ryan Switzer,WR,15,2017,sf,hppr,4,6,FA,31,5'9,181
dede-westbrook,Dede Westbrook,WR,16,2017,sf,hppr,4,7,FA,32,6'0,178
jonnu-smith,Jonnu Smith,TE,7,2017,sf,hppr,4,8,PIT,30,6'3,248
bucky-hodges,Bucky Hodges,TE,8,2017,sf,hppr,4,9,FA,30,6'6,257
tarik-cohen,Tarik Cohen,RB,18,2017,sf,hppr,4,10,FA,30,5'6,179
nathan-peterman,Nathan Peterman,QB,5,2017,sf,hppr,4,11,FA,31,6'2,225
ishmael-zamora,Ishmael Zamora,WR,17,2017,sf,hppr,4,12,FA,30,6'4,220
jordan-leggett,Jordan Leggett,TE,9,2017,sf,hppr,5,1,NYJ,31,6'6,258
elijah-hood,Elijah Hood,RB,19,2017,sf,hppr,5,2,FA,29,6'0,220
malachi-dupre,Malachi Dupre,WR,18,2017,sf,hppr,5,3,FA,30,6'3,196
davis-webb,Davis Webb,QB,6,2017,sf,hppr,5,4,FA,31,6'5,229
elijah-mcguire,Elijah McGuire,RB,20,2017,sf,hppr,5,5,KC,31,5'10,214
chad-kelly,Chad Kelly,QB,7,2017,sf,hppr,5,6,IND,31,6'2,224
tj-logan,T.J. Logan,RB,21,2017,sf,hppr,5,7,ARI,31,5'10,190
rico-gathers,Rico Gathers,TE,10,2017,sf,hppr,5,8,DAL,32,6'6,281
amara-darboh,Amara Darboh,WR,19,2017,sf,hppr,5,9,DEN,32,6'2,215
matt-breida,Matt Breida,RB,22,2017,sf,hppr,5,10,FA,31,5'10,190
cj-beathard,C.J. Beathard,QB,8,2017,sf,hppr,5,11,JAC,32,6'2,209
joshua-dobbs,Joshua Dobbs,QB,9,2017,sf,hppr,5,12,NE,31,6'3,210